wiki_id,call_correct,oof_posterior,entropy_similarity,sim_gap,spectrum_label
aEKJ9AS/100,1,0.8224323482259104,0.72414231300354,0.3709673881530762,TP
aEKJ9AS/10003,1,0.0372668903367894,0.7769782543182373,0.2501465082168579,TP
aEKJ9AS/10009,0,0.22473956019725436,0.935681402683258,0.0583589673042296,FP
aEKJ9AS/10014,0,0.02156307999594068,0.7241827845573425,0.1070245504379272,FP
aEKJ9AS/10017,1,0.255540246319703,0.9403461813926696,0.1595079898834227,TP
aEKJ9AS/10020,0,0.00897654760682862,0.6674401760101318,0.0891371965408325,FP
aEKJ9AS/10021,0,0.0280322334181303,0.9206756353378296,0.0414089560508728,FP
aEKJ9AS/10034,1,0.12814777929282856,0.8539711833000183,0.0404510498046875,TP
aEKJ9AS/10036,1,0.0014090048661435468,0.959845781326294,0.1678863167762756,TP
aEKJ9AS/10037,0,0.000778366541847319,0.9035257697105408,0.0031003355979919,FP
aEKJ9AS/10039,1,0.026734523660676593,0.7400855422019958,0.1045270562171936,TP
aEKJ9AS/10040,0,0.9127657027290825,0.8478537201881409,0.277334451675415,TP
aEKJ9AS/10042,0,0.9841968608741913,0.8687509894371033,0.7169421315193176,FP
aEKJ9AS/10047,1,0.05604049120791256,0.779040515422821,0.0521972179412841,TP
aEKJ9AS/10051,1,0.4505038369227507,0.9309277534484864,0.4049708247184754,TP
aEKJ9AS/10052,1,0.3845210238108146,0.8393872380256653,0.1577609777450561,TP
aEKJ9AS/10054,0,0.6879401354744095,0.7494328618049622,0.2640949785709381,FP
aEKJ9AS/10059,1,0.144641313931905,0.7604655623435974,0.0938805341720581,TP
aEKJ9AS/1006,0,3.329717789238047e-05,0.999985694885254,0.0002134442329407,FP
aEKJ9AS/10065,1,0.5898772949734705,0.7521210312843323,0.0243933796882629,TP
aEKJ9AS/10078,0,0.00013522681512422805,0.8655190467834473,0.1323305368423462,FP
aEKJ9AS/10079,1,0.3119237160179419,0.8319904208183289,0.2668238878250122,TP
aEKJ9AS/10081,0,6.007885953205418e-05,0.7603277564048767,0.0,FP
aEKJ9AS/10087,0,0.06705750208829615,0.5392517447471619,0.2408740818500518,FP
aEKJ9AS/10088,0,0.006388314952549498,0.716144323348999,0.0023993253707885,FP
aEKJ9AS/10089,1,0.4234191209249387,0.9711990356445312,0.1204131841659545,TP
aEKJ9AS/10090,1,0.007156382187095038,0.8888745307922363,0.0191705226898193,TP
aEKJ9AS/10091,1,0.8194945736046028,0.9364137053489684,0.4752529263496398,TP
aEKJ9AS/10092,0,0.0021568329595582397,0.7242312431335449,0.0187689661979675,TP
aEKJ9AS/10095,1,0.2326302571151737,0.9341077208518982,0.043548047542572,TP
aEKJ9AS/10096,0,0.8660823772743274,0.9288706183433532,0.0272305011749267,FP
aEKJ9AS/10099,0,5.070292526615846e-05,0.3732715845108032,0.274207279086113,FP
aEKJ9AS/1010,1,0.005832081719752728,0.6410271525382996,0.0122408270835876,TP
aEKJ9AS/10103,1,0.006913046955810509,0.927761733531952,0.0152782797813416,TP
aEKJ9AS/10106,1,0.08449457957313442,0.6302194595336914,0.0339308381080627,TP
aEKJ9AS/10107,1,0.18890552601009192,0.92914617061615,0.0568416714668275,TP
aEKJ9AS/10109,0,0.001603728698109976,0.984442174434662,0.0185138583183289,TP
aEKJ9AS/10110,1,0.508084426928908,0.937440037727356,0.5387936532497406,TP
aEKJ9AS/10112,0,9.836222089426503e-07,0.367966741323471,0.0927670896053314,FP
aEKJ9AS/10114,1,0.29653588986189133,0.8086017370223999,0.0963484644889831,TP
aEKJ9AS/10115,0,0.15095126864817063,0.7088959813117981,0.0364035367965698,FP
aEKJ9AS/10116,1,0.17094672729115046,0.9333367347717284,0.3171405196189879,TP
aEKJ9AS/10117,1,0.008832134595908028,0.7374172210693359,0.1331549286842346,TP
aEKJ9AS/10118,0,2.5769817639320416e-05,0.9837389588356018,0.018439769744873,FP
aEKJ9AS/10120,1,0.1657331988534703,0.5575299263000488,0.0348236560821533,TP
aEKJ9AS/10121,1,0.967190452829839,0.9550854563713074,0.7678271085023881,TP
aEKJ9AS/10123,1,0.046814789152630217,0.9887990951538086,0.0509050488471986,TP
aEKJ9AS/10128,0,9.871869784517704e-05,0.8289742469787598,0.0019508004188537,FP
aEKJ9AS/10133,1,0.47713284335432027,0.7434310913085938,0.1232717633247375,TP
aEKJ9AS/10134,0,8.779347103086726e-05,0.8089333176612854,0.1085922718048095,FP
aEKJ9AS/10136,1,0.19906977826524422,0.944746732711792,0.1259690523147583,TP
aEKJ9AS/1014,1,0.0015744884459676562,0.8439589142799377,0.0210742950439453,TP
aEKJ9AS/10141,0,0.011763943774379528,0.6786675453186035,0.0399969816207885,TP
aEKJ9AS/10145,1,0.5843223756586959,0.8888461589813232,0.4796624183654785,TP
aEKJ9AS/10148,1,0.0057983956545701425,0.924635887145996,0.4827734231948852,TP
aEKJ9AS/10154,0,0.8556662352673617,0.7363943457603455,0.1367147564888,FP
aEKJ9AS/10157,1,0.5705872172324002,0.9071117639541626,0.0639836192131042,TP
aEKJ9AS/10162,0,0.1037874835102015,0.7164925336837769,0.0158028602600097,FP
aEKJ9AS/1017,1,0.49737344816618045,0.8815512657165527,0.1230036616325378,TP
aEKJ9AS/10171,1,0.06327419413168038,0.9543430209159852,0.0365405678749084,TP
aEKJ9AS/10178,0,0.716867723279239,0.7267165184020996,0.0072740316390991,TP
aEKJ9AS/10182,0,0.007071164568021711,0.9985668659210204,0.0235053896903991,FP
aEKJ9AS/10192,1,0.13284342497101337,0.6370510458946228,0.0957820415496826,TP
aEKJ9AS/10193,0,0.13968292401998467,0.8892275094985962,0.1477755308151245,TP
aEKJ9AS/10194,1,0.011743834437597385,0.7936948537826538,0.5746964365243912,TP
aEKJ9AS/10195,0,0.059207892051203914,0.9134940505027772,0.0111067891120911,TP
aEKJ9AS/10200,1,0.9215695679441894,0.8966564536094666,0.8544110022485256,TP
aEKJ9AS/10209,1,0.28397673909953375,0.912752628326416,0.0250024199485778,TP
aEKJ9AS/10211,1,0.0075196007742049775,0.8253148794174194,0.0018296241760253,TP
aEKJ9AS/10213,1,0.013535239320173491,0.8052103519439697,0.3652606606483459,TP
aEKJ9AS/10219,1,0.7176844336035716,0.922986388206482,0.4817707836627961,TP
aEKJ9AS/10220,1,0.1466783246700941,0.8095438480377197,0.2003620266914367,TP
aEKJ9AS/10225,0,0.7414633331056395,0.8293519020080566,0.0194567441940307,TP
aEKJ9AS/10230,0,0.002805367405638464,0.3585751950740814,0.1840413361787796,FP
aEKJ9AS/10235,0,0.7020343011533096,0.6691200733184814,0.0685688853263855,TP
aEKJ9AS/10238,1,0.0004320480929212689,0.9282168745994568,0.5311420261859894,TP
aEKJ9AS/10240,1,0.46453708940771293,0.8772629499435425,0.1118040084838867,TP
aEKJ9AS/10250,1,0.9575748958419007,0.9560372233390808,0.8669009655714035,TP
aEKJ9AS/10253,0,0.09574338806329455,0.7527137994766235,0.5083713084459305,FP
aEKJ9AS/10257,1,0.5396459205247429,0.8788485527038574,0.0072426199913024,TP
aEKJ9AS/10261,0,0.7888227975733708,0.6755968332290649,0.2854406237602234,TP
aEKJ9AS/10263,1,0.3793311897149986,0.9488828778266908,0.3434855341911317,TP
aEKJ9AS/10264,0,0.00014746314998288328,0.6671801805496216,0.1818360686302185,FP
aEKJ9AS/10265,1,0.9967298615529386,0.8696474432945251,0.2004050016403198,TP
aEKJ9AS/10272,0,0.7873998471811483,0.6059553027153015,0.0,TP
aEKJ9AS/10273,0,0.000158944737714447,0.8187568783760071,0.0290397405624389,FP
aEKJ9AS/10275,1,0.16168549941872767,0.8511239886283875,0.0022612214088439,TP
aEKJ9AS/10276,1,0.31226932127699497,0.9416452646255492,0.3738771080970763,TP
aEKJ9AS/10277,1,0.5512966541342932,0.9332884550094604,0.3258428573608398,TP
aEKJ9AS/10278,1,0.12567622749161322,0.564690113067627,0.1083315908908844,TP
aEKJ9AS/10279,1,0.1605927395508728,0.5632616281509399,0.1142193078994751,TP
aEKJ9AS/10280,1,0.27574607535058077,0.8995539546012878,0.1491296291351318,TP
aEKJ9AS/10281,1,0.10468237921401582,0.564800500869751,0.1126357614994049,TP
aEKJ9AS/10282,1,0.10603890055018429,0.9230523705482484,0.3452308773994447,TP
aEKJ9AS/10283,1,0.9367940250950805,0.9700796008110046,0.7910168170928955,TP
aEKJ9AS/10284,0,0.7223785307423606,0.6328821778297424,0.1533152163028717,TP
aEKJ9AS/10285,1,0.5418519298172277,0.9404953718185424,0.174407660961151,TP
aEKJ9AS/10286,0,0.7464795209361905,0.6562451124191284,0.083730399608612,TP
aEKJ9AS/10287,1,0.5541835691640096,0.9461347460746764,0.1863670349121092,TP
aEKJ9AS/10288,1,0.3338639137536043,0.9251506328582764,0.1871890425682068,TP
aEKJ9AS/10289,1,0.34431817662079545,0.7606104612350464,0.0191301107406616,TP
aEKJ9AS/10290,1,0.05574243449464033,0.9120599031448364,0.0935965776443481,TP
aEKJ9AS/10292,0,0.765707883867575,0.9472332000732422,0.0043989419937133,TP
aEKJ9AS/10294,0,3.0720136906369505e-05,0.9516587853431702,0.0063456892967224,TP
aEKJ9AS/10295,0,0.10400753718840024,0.6744066476821899,0.6267314925789833,FP
aEKJ9AS/10296,1,0.42922696036183305,0.9589652419090272,0.433373510837555,TP
aEKJ9AS/10298,0,0.07897231011022472,0.8167095184326172,0.10103440284729,FP
aEKJ9AS/10300,0,0.12856209805403343,0.6458539366722107,0.0688488483428955,FP
aEKJ9AS/10301,0,0.00023534650651768933,0.9510096907615662,0.0013917684555053,TP
aEKJ9AS/10302,1,0.5486524309320133,0.9541271328926086,0.000567376613617,TP
aEKJ9AS/10303,1,0.5171380978682754,0.9417542219161988,0.1832811832427979,TP
aEKJ9AS/10304,0,0.09726642090435836,0.9153366684913636,0.0121365189552308,FP
aEKJ9AS/10305,1,0.1615692696608877,0.727594256401062,0.2867011427879334,TP
aEKJ9AS/10306,1,0.09719053152212981,0.878284752368927,0.0142686963081359,TP
aEKJ9AS/10307,1,0.0013782175130687886,0.9648615121841432,0.044452488422394,TP
aEKJ9AS/10308,0,0.00013526183487229745,0.9969998598098756,0.0006259083747863,TP
aEKJ9AS/10309,1,0.3460003219469931,0.9844510555267334,0.507528692483902,TP
aEKJ9AS/10310,1,0.0010229810395454087,0.963540494441986,0.0434109568595884,TP
aEKJ9AS/10311,0,0.00014785194471728254,0.9896989464759828,0.0006545782089235,TP
aEKJ9AS/10312,1,0.2674420786162417,0.9899278283119202,0.5092855095863342,TP
aEKJ9AS/10313,1,0.80788730659149,0.921783208847046,0.6871076226234437,TP
aEKJ9AS/10315,1,0.186616659188381,0.8504283428192139,0.0099425315856933,TP
aEKJ9AS/10316,1,0.051120157640186174,0.7421646118164062,0.0318583846092224,TP
aEKJ9AS/10317,0,0.04638876421907576,0.7347874045372009,0.0197998881340026,FP
aEKJ9AS/10318,1,0.04395330126090806,0.7432686686515808,0.0340259671211242,TP
aEKJ9AS/1032,1,0.4077738556246937,0.8622276782989502,0.1871178746223449,TP
aEKJ9AS/10323,1,0.14676304164420226,0.9481531381607056,0.1342304348945617,TP
aEKJ9AS/10324,1,0.42798186505131425,0.7580587267875671,0.0156941413879394,TP
aEKJ9AS/10325,1,0.0025579165199087843,0.913844883441925,0.2658738493919372,TP
aEKJ9AS/10326,1,0.5100045766191099,0.914441168308258,0.1278067231178282,TP
aEKJ9AS/10327,1,0.2783976294883427,0.8600949048995972,0.1229429841041565,TP
aEKJ9AS/10328,1,0.31128304702052173,0.8206570744514465,0.0293042659759521,TP
aEKJ9AS/10329,1,0.5169003537331149,0.9172221422195436,0.1454660296440125,TP
aEKJ9AS/1033,1,0.0012148135175209414,0.955498993396759,0.0226737260818482,TP
aEKJ9AS/10330,1,0.299906412458586,0.8592268824577332,0.1359535455703735,TP
aEKJ9AS/10334,1,0.9242266713402244,0.7695582509040833,0.7695582509040833,TP
aEKJ9AS/10335,1,0.45874669026365356,0.8048656582832336,0.1138821840286254,TP
aEKJ9AS/10336,1,0.4779622646201249,0.884461522102356,0.3057133555412292,TP
aEKJ9AS/10337,1,0.5074891336293983,0.8739541172981262,0.2777581810951233,TP
aEKJ9AS/1034,0,0.00028694449521228554,0.8305692076683044,0.006554365158081,FP
aEKJ9AS/10340,1,0.38614795940832125,0.9104456901550292,0.5440082252025604,TP
aEKJ9AS/10342,0,0.20501421283034266,0.7175564169883728,0.0387164950370788,TP
aEKJ9AS/10347,1,0.7192675682621361,0.7805016040802002,0.533953532576561,TP
aEKJ9AS/10348,1,0.03991644124332006,0.9475172758102416,0.2907753586769103,TP
aEKJ9AS/10349,1,0.46923915481441836,0.8508437871932983,0.0419124364852905,TP
aEKJ9AS/10351,1,0.2599650779935919,0.8628456592559814,0.0170710682868957,TP
aEKJ9AS/10352,1,0.7956023231760317,0.959040105342865,0.6976221799850464,TP
aEKJ9AS/10353,1,0.21963883865948508,0.8815556764602661,0.0084039568901062,TP
aEKJ9AS/10355,0,0.26453880493333,0.760805070400238,0.0510433316230773,TP
aEKJ9AS/10356,1,0.5554375873008478,0.8824822306632996,0.0981106162071228,TP
aEKJ9AS/10357,1,0.12784770449522925,0.8207443952560425,0.0993017554283142,TP
aEKJ9AS/1036,1,0.6670778244641818,0.9502804279327391,0.803026795387268,TP
aEKJ9AS/10366,1,0.995115875730783,0.953016996383667,0.953016996383667,TP
aEKJ9AS/10367,1,0.08472465731610031,0.8711743354797363,0.0041549205780029,TP
aEKJ9AS/10368,1,0.028428309835964317,0.9993923902511596,0.0011991262435911,TP
aEKJ9AS/10376,1,0.9936917802648926,0.944585919380188,0.9169298578053712,TP
aEKJ9AS/1038,1,0.09840946947909415,0.8268149495124817,0.0558077096939086,TP
aEKJ9AS/10406,1,0.13001416325951476,0.7140361070632935,0.1990517973899841,TP
aEKJ9AS/10408,1,0.4250938289837215,0.8271352052688599,0.0468112230300903,TP
aEKJ9AS/10410,1,0.004163139058303353,0.9456228017807008,0.0001647472381591,TP
aEKJ9AS/10412,0,0.12198864233115836,0.8380987644195557,0.0049619674682617,TP
aEKJ9AS/10415,0,0.23582855861846863,0.7279525399208069,0.7279525399208069,FP
aEKJ9AS/10416,0,0.010683249252523582,0.8897011876106262,0.0269698500633239,TP
aEKJ9AS/10421,1,0.5938029473324977,0.6905675530433655,0.3873532414436341,TP
aEKJ9AS/10425,1,0.04357083634211525,0.9221704006195068,0.6956972032785417,TP
aEKJ9AS/10426,1,0.09964873025472808,0.7828792333602905,0.010003387928009,TP
aEKJ9AS/10429,1,0.1323968803333985,0.7033422589302063,0.1343163847923278,TP
aEKJ9AS/10430,0,0.33655633112927047,0.7482877969741821,0.170240044593811,FP
aEKJ9AS/10432,1,0.4149805817481303,0.7424922585487366,0.0242472887039184,TP
aEKJ9AS/10433,1,0.39779007687153967,0.9695476293563844,0.0760518908500672,TP
aEKJ9AS/10434,1,0.7885374356613546,0.956762194633484,0.7221142202615739,TP
aEKJ9AS/10435,0,0.00012222159565935658,0.7502129077911377,0.0032630562782287,FP
aEKJ9AS/10437,1,0.4661257164857192,0.6718242168426514,0.4075300097465515,TP
aEKJ9AS/10438,1,0.9246467361656242,0.8849523067474365,0.8849523067474365,TP
aEKJ9AS/10440,1,0.1815016272468798,0.934822678565979,0.2499061226844787,TP
aEKJ9AS/10441,1,0.615934083346021,0.9404308199882508,0.2010756134986878,TP
aEKJ9AS/10452,1,0.12745308963628244,0.5773290991783142,0.1021113395690918,TP
aEKJ9AS/10453,0,0.8193069192607093,0.8892485499382019,0.2606967687606811,FP
aEKJ9AS/10458,0,0.7789833759905398,0.7772650718688965,0.2068677544593811,FP
aEKJ9AS/10471,1,0.8082552193328238,0.7926178574562073,0.7926178574562073,TP
aEKJ9AS/10472,1,0.2436635283906212,0.991237998008728,0.2810475826263428,TP
aEKJ9AS/10473,0,0.7847048764926637,0.7221288084983826,0.2405115365982055,FP
aEKJ9AS/10474,1,0.9539453886306032,0.6826213002204895,0.1310004591941833,TP
aEKJ9AS/10475,1,0.5422194886358602,0.9648674130439758,0.1475873589515686,TP
aEKJ9AS/10482,1,0.5808976837411123,0.9526145458221436,0.134947121143341,TP
aEKJ9AS/10484,1,0.3628708105865334,0.9882156252861024,0.0267804861068727,TP
aEKJ9AS/10491,1,0.23906047486565424,0.9993952512741088,0.0154334306716917,TP
aEKJ9AS/10496,1,0.24797428656947432,0.8621737360954285,0.1764858961105346,TP
aEKJ9AS/10504,0,0.11796012575607495,0.7115316390991211,0.0013181567192077,TP
aEKJ9AS/10522,1,0.7268245380283541,0.9566231966018676,0.2190043330192564,TP
aEKJ9AS/10523,1,0.6301929873397003,0.9352234601974488,0.5643546581268312,TP
aEKJ9AS/10524,1,0.17229057401374218,0.9720430970191956,0.1799960732460022,TP
aEKJ9AS/10526,1,0.6237237049420002,0.954264223575592,0.2196450233459472,TP
aEKJ9AS/10528,1,0.5237416493037298,0.9401068687438964,0.5640929639339446,TP
aEKJ9AS/10530,0,0.0007659957816633834,0.7043128609657288,0.0226804018020629,FP
aEKJ9AS/10533,1,0.859749421959958,0.8599469661712646,0.5925878882408142,TP
aEKJ9AS/1054,0,2.4677873682357466e-05,0.6276071071624756,0.0405451655387878,FP
aEKJ9AS/10544,1,0.9755982868875237,0.8503338098526001,0.8503338098526001,TP
aEKJ9AS/10568,1,0.9263418098072698,0.9268431067466736,0.8964768648147584,TP
aEKJ9AS/10575,1,0.11552039739888545,0.8739952445030212,0.0170812606811523,TP
aEKJ9AS/10576,1,0.21773085427192268,0.9154686331748962,0.0050405263900756,TP
aEKJ9AS/10579,1,0.4438135876296718,0.9292454123497008,0.3122906684875487,TP
aEKJ9AS/10582,0,0.014138439368721781,0.6088095903396606,0.0178574323654174,TP
aEKJ9AS/10584,1,0.9612546537067637,0.9347644448280334,0.8738560006022453,TP
aEKJ9AS/10585,0,0.0022217183296656014,0.8840343356132507,0.0113921165466308,TP
aEKJ9AS/10594,1,0.23472434841923775,0.7787445187568665,0.0528560280799865,TP
aEKJ9AS/10606,1,0.24237425394171405,0.9147905707359314,0.0486406087875366,TP
aEKJ9AS/10607,1,0.003296241127197008,0.8179447650909424,0.0903519392013549,TP
aEKJ9AS/10608,1,0.09510911165791645,0.9608681797981262,0.1015645265579223,TP
aEKJ9AS/10623,0,0.16576110403558425,0.9480183720588684,0.4955294132232666,FP
aEKJ9AS/10624,1,0.012838987629482733,0.892747700214386,7.50422477722168e-05,TP
aEKJ9AS/10627,0,0.0002693750097916785,0.7707259654998779,0.0002829432487487,TP
aEKJ9AS/10628,1,0.9411920819540658,0.9998876452445984,0.9810699187219144,TP
aEKJ9AS/10629,1,0.007651786579209664,0.8904082775115967,0.0020899176597595,TP
aEKJ9AS/10630,1,0.3748941554251844,0.956033170223236,0.0005859136581419,TP
aEKJ9AS/10632,1,0.336607474481122,0.8249863386154175,0.1623982191085815,TP
aEKJ9AS/10633,1,0.2786813764264715,0.8714076280593872,0.2366007566452026,TP
aEKJ9AS/10636,1,0.3952032229667513,0.873527467250824,0.1590642929077148,TP
aEKJ9AS/10640,1,0.3846417020771344,0.906949520111084,0.1168146729469299,TP
aEKJ9AS/10641,1,0.44489319656418197,0.95352441072464,0.2584863305091859,TP
aEKJ9AS/10642,1,0.09988783087034965,0.8783141374588013,0.0158185362815856,TP
aEKJ9AS/10646,1,0.19515391228363024,0.9232252240180968,0.130544602870941,TP
aEKJ9AS/10648,1,0.20428841068634504,0.8459804058074951,0.0718045830726623,TP
aEKJ9AS/10650,1,0.5006403905499275,0.8759925961494446,0.5615671575069427,TP
aEKJ9AS/10653,0,0.004863148447741696,0.6949053406715393,0.0098333358764648,TP
aEKJ9AS/10676,1,0.9100188143610629,0.8649677038192749,0.7468934506177903,TP
aEKJ9AS/10679,1,0.9542843469336842,0.7141639590263367,0.0010469555854797,TP
aEKJ9AS/10681,0,0.0008437631421412513,0.6966970562934875,0.3310909271240234,FP
aEKJ9AS/10691,1,0.054294507402454034,0.9996906518936156,0.0967003107070921,TP
aEKJ9AS/10700,0,0.00031716444571544804,0.9332332611083984,0.0148569345474244,TP
aEKJ9AS/10701,0,0.003916703683366142,0.7898253202438354,0.2631445527076721,FP
aEKJ9AS/10702,1,0.3289243140128317,0.7077467441558838,0.3256330788135529,TP
aEKJ9AS/10703,1,0.6356149544701217,0.7822931408882141,0.3984974324703217,TP
aEKJ9AS/10722,0,0.3713330578536316,0.8056185841560364,0.0469635725021362,FP
aEKJ9AS/10724,1,0.6330183998371937,0.9115417003631592,0.2218021750450134,TP
aEKJ9AS/10731,1,0.622400445263837,0.951747179031372,0.1893835067749022,TP
aEKJ9AS/10732,1,0.19327855003245184,0.9146276116371156,0.2832514643669129,TP
aEKJ9AS/10733,0,0.7342249351282959,0.5505220890045166,0.0659149587154389,TP
aEKJ9AS/10735,1,0.5000181053803847,0.9091814160346984,0.13929146528244,TP
aEKJ9AS/10737,1,0.9814058174917875,0.8707482814788818,0.8707482814788818,TP
aEKJ9AS/10753,1,0.19746097290969036,0.7621673941612244,0.3925659954547882,TP
aEKJ9AS/10760,1,0.8363539819422507,0.9206227660179138,0.65445876121521,TP
aEKJ9AS/10762,1,0.4732670213338421,0.6990391612052917,0.009261667728424,TP
aEKJ9AS/10766,1,0.5187441687474746,0.8555490970611572,0.2883511781692505,TP
aEKJ9AS/1077,1,0.07044148082358696,0.8473427295684814,0.0747658014297485,TP
aEKJ9AS/10770,1,0.9461151773103998,0.910372793674469,0.910372793674469,TP
aEKJ9AS/10773,1,0.32001203611284473,0.636408805847168,0.2213548421859741,TP
aEKJ9AS/10777,1,0.970186711598727,0.9672977328300476,0.9672977328300476,TP
aEKJ9AS/10780,1,0.29272567363207075,0.9226791262626648,0.1275825500488281,TP
aEKJ9AS/10781,1,0.30814323006797767,0.6595398783683777,0.0249074697494506,TP
aEKJ9AS/10788,0,0.3409437282653394,0.8261591196060181,0.0057160258293151,TP
aEKJ9AS/10790,1,0.9995741378043963,0.8362428545951843,0.259070336818695,TP
aEKJ9AS/10791,1,0.9311510270218292,0.8632743954658508,0.6217993646860123,TP
aEKJ9AS/10797,0,0.0002208788019696817,0.9355652332305908,0.0057799220085144,FP
aEKJ9AS/10801,1,0.025716974382115863,0.6253467798233032,0.4345432072877884,TP
aEKJ9AS/10806,0,0.027093643775107135,0.7532231211662292,0.0704738497734069,FP
aEKJ9AS/10810,1,0.4469839485622254,0.7317384481430054,0.6563746258616447,TP
aEKJ9AS/10816,1,0.7776910221201704,0.9348033666610718,0.4445399343967438,TP
aEKJ9AS/10819,1,0.5187039487697702,0.9443625211715698,0.6457032859325409,TP
aEKJ9AS/10829,1,0.28114879692187134,0.8863843083381653,0.3655318021774292,TP
aEKJ9AS/1083,0,0.31637598576116754,0.8755989074707031,0.2233209013938903,TP
aEKJ9AS/10838,0,0.014191056935794975,0.864588737487793,0.3130141496658325,FP
aEKJ9AS/10842,1,0.018649692925513685,0.8735089302062988,0.2460474967956543,TP
aEKJ9AS/10849,1,0.33771017337637105,0.9315983057022096,0.2957749962806703,TP
aEKJ9AS/10854,1,0.6225314697459635,0.9939877390861512,0.071125090122223,TP
aEKJ9AS/10858,1,0.37818173634943697,0.9161760807037354,0.5873817205429077,TP
aEKJ9AS/10859,1,0.991718034898968,0.947891652584076,0.947891652584076,TP
aEKJ9AS/1086,0,0.834538287067704,0.619936466217041,0.1734900772571564,TP
aEKJ9AS/10860,1,0.367377212112189,0.9796934723854064,9.202957153320312e-05,TP
aEKJ9AS/10863,0,0.000598247723415384,0.9075163006782532,0.0073626041412353,TP
aEKJ9AS/10865,1,0.052020257712902036,0.7133107781410217,0.6330714896321297,TP
aEKJ9AS/10873,0,0.26237766802032375,0.7869734168052673,0.4850899577140808,FP
aEKJ9AS/10874,0,0.39870790405149265,0.78598552942276,0.0042943358421325,FP
aEKJ9AS/10882,1,0.19094516658911564,0.821509063243866,0.0083862543106079,TP
aEKJ9AS/10886,1,0.9579202631616045,0.950646996498108,0.950646996498108,TP
aEKJ9AS/10888,1,0.3078518025037732,0.7468499541282654,0.1284125447273254,TP
aEKJ9AS/10895,0,0.06430578760692618,0.8836759328842163,0.0185215473175048,TP
aEKJ9AS/10896,1,0.32193074529115884,0.9813798666000366,0.1805925965309143,TP
aEKJ9AS/1090,1,0.009323672741967345,0.9214007258415222,0.0660375356674194,TP
aEKJ9AS/10903,1,0.30301900053747316,0.8723382949829102,0.0101104974746704,TP
aEKJ9AS/10911,1,0.00412445594689162,0.7544196248054504,0.1648035645484924,TP
aEKJ9AS/10912,0,0.007339715322736843,0.9129607677459716,0.0137126445770262,TP
aEKJ9AS/10914,0,0.0006643866104372149,0.9938182830810548,0.0023114681243897,FP
aEKJ9AS/10915,1,0.9576263900812262,0.8567396998405457,0.8073497787117958,TP
aEKJ9AS/10921,1,0.17189588024791297,0.734368622303009,0.005583643913269,TP
aEKJ9AS/10924,1,0.6762199276412891,0.912105143070221,0.7556714713573456,TP
aEKJ9AS/10926,1,0.9836536208976906,0.9460251927375792,0.9460251927375792,TP
aEKJ9AS/10929,1,0.29239059402265555,0.8199070692062378,0.151783287525177,TP
aEKJ9AS/10930,1,0.1296254008028894,0.9442400336265564,0.0364874005317688,TP
aEKJ9AS/10931,1,0.06299029849524326,0.8593088984489441,0.1394683122634887,TP
aEKJ9AS/10937,1,0.3234927891189894,0.97220778465271,0.1257185339927673,TP
aEKJ9AS/10943,0,0.0005249522298760332,0.726994514465332,0.1068085432052612,FP
aEKJ9AS/10944,1,0.3490875775366895,0.9269980192184448,0.1607059836387634,TP
aEKJ9AS/10957,1,0.3020669951858573,0.9375258684158324,0.2791116833686827,TP
aEKJ9AS/10961,0,0.009681856439932381,0.7376603484153748,0.0103179812431335,TP
aEKJ9AS/10968,1,0.607003607109859,0.9700315594673156,0.0327847003936767,TP
aEKJ9AS/1097,1,0.0011044753108710207,0.99987530708313,0.0601468086242675,TP
aEKJ9AS/10970,1,0.32209978346580975,0.7952464818954468,0.1057265996932983,TP
aEKJ9AS/10971,1,0.2866115929106591,0.9397377967834472,0.3319174051284789,TP
aEKJ9AS/10972,0,0.01490419723900839,0.9016834497451782,0.0002318620681762,FP
aEKJ9AS/10976,0,0.9508561142415134,0.8689953088760376,0.5708088874816895,FP
aEKJ9AS/10980,1,0.016833334619164315,0.943953573703766,0.0002156496047975,TP
aEKJ9AS/10981,1,0.19851548669382652,0.7859184741973877,0.1036275625228881,TP
aEKJ9AS/10983,1,0.43420137666299,0.9357447624206544,0.2433370351791383,TP
aEKJ9AS/10984,0,0.0019393845679307562,0.7789634466171265,0.08013516664505,TP
aEKJ9AS/10986,1,0.746614494543787,0.906181573867798,0.5001419186592104,TP
aEKJ9AS/10990,0,0.003041637050092459,0.909734845161438,0.0088365077972412,FP
aEKJ9AS/10993,1,0.11360166328397878,0.8894619941711426,0.2233675122261047,TP
aEKJ9AS/10996,1,0.2732547646698687,0.8041660785675049,0.328899085521698,TP
aEKJ9AS/10997,1,0.305228396598121,0.8721029758453369,0.190955102443695,TP
aEKJ9AS/11000,1,0.10167779675472552,0.935943067073822,0.6892183274030687,TP
aEKJ9AS/11007,1,0.31929576773124924,0.925402820110321,0.292957603931427,TP
aEKJ9AS/11008,1,0.469547946250605,0.9604763984680176,0.0307898521423339,TP
aEKJ9AS/11017,1,0.20726829933849203,0.571334958076477,0.3247738182544708,TP
aEKJ9AS/11019,1,0.304714058374534,0.9471672177314758,0.7631628662347795,TP
aEKJ9AS/11022,1,0.003190666673989824,0.9488169550895692,0.0043523311614992,TP
aEKJ9AS/11028,1,0.6290446396634762,0.8005942106246948,0.2323033213615417,TP
aEKJ9AS/11035,1,0.7933757565127435,0.9998907446861268,0.8526428788900378,TP
aEKJ9AS/11040,0,0.0003062797096342862,0.8320654630661011,0.0033794045448303,FP
aEKJ9AS/11044,0,0.12632860219579897,0.8531473278999329,0.0951101779937744,TP
aEKJ9AS/11046,1,0.00431179769587929,0.778773844242096,0.018951416015625,TP
aEKJ9AS/11047,1,0.05900740952431122,0.9996441602706908,4.3928623199240846e-05,TP
aEKJ9AS/11048,0,0.1175383782053796,0.9535995721817015,0.6542420983314514,FP
aEKJ9AS/11049,0,0.07559924416087056,0.8759397864341736,0.0422872900962829,FP
aEKJ9AS/1105,1,0.00016135272393596182,0.8154557943344116,0.0187529921531677,TP
aEKJ9AS/11059,0,0.2536935034598505,0.7600612044334412,0.4421316683292389,FP
aEKJ9AS/11065,0,0.003672881864775491,0.8737421035766602,0.0519517064094543,TP
aEKJ9AS/11071,1,0.6676804819594471,0.8692442774772644,0.6426940560340882,TP
aEKJ9AS/11077,1,0.5953938101832923,0.9005188345909119,0.0934595465660095,TP
aEKJ9AS/11078,0,0.925784749651729,0.8014337420463562,0.3538171947002411,TP
aEKJ9AS/11079,1,0.26674897780533147,0.758644700050354,0.3899708986282349,TP
aEKJ9AS/11086,0,0.005083114119635635,0.6540182828903198,0.0530170798301696,FP
aEKJ9AS/11098,1,0.828677454595619,0.973874568939209,0.6830579936504364,TP
aEKJ9AS/11101,1,0.23312345029490913,0.6731084585189819,0.1453121304512024,TP
aEKJ9AS/11106,1,0.2229701442423674,0.5491203665733337,0.4934198521077633,TP
aEKJ9AS/11107,1,0.7799617318053281,0.9308827519416808,0.6483871936798096,TP
aEKJ9AS/11108,1,0.007659066294589272,0.9830093383789062,0.0730754137039184,TP
aEKJ9AS/11109,1,0.43460711733313356,0.8286778330802917,0.2311851978302002,TP
aEKJ9AS/11112,1,0.4716566731978329,0.9359958171844482,0.0127728581428526,TP
aEKJ9AS/11114,0,0.31022043431479557,0.772179126739502,0.103031039237976,FP
aEKJ9AS/11115,1,0.31178036236551304,0.9303684830665588,0.0454980731010437,TP
aEKJ9AS/11117,0,6.110962098805591e-05,0.9702454805374146,0.0023897290229797,TP
aEKJ9AS/11118,1,0.00397787118848029,0.8570056557655334,0.3586892783641816,TP
aEKJ9AS/11119,1,0.656564074528806,0.9120769500732422,0.2785520553588867,TP
aEKJ9AS/11120,1,0.2928774984596117,0.9736955761909484,0.0016413927078245,TP
aEKJ9AS/11129,1,0.18479148002790605,0.8639607429504395,0.2838760018348694,TP
aEKJ9AS/11131,1,0.264286405312177,0.8612179756164551,0.1530705690383911,TP
aEKJ9AS/11135,1,0.11940601863452634,0.8735438585281372,0.0132834911346435,TP
aEKJ9AS/11138,0,0.015446609181641053,0.6982981562614441,0.0875494480133056,FP
aEKJ9AS/11142,1,0.00016447311672997136,0.7342238426208496,0.157460868358612,TP
aEKJ9AS/11145,1,0.035003972652882145,0.8398993015289307,0.1013808846473693,TP
aEKJ9AS/11147,0,0.00021733119780723215,0.8924424052238464,0.0007163882255554,TP
aEKJ9AS/11149,1,0.050269359274247506,0.8313865661621094,0.1007101535797119,TP
aEKJ9AS/11150,1,0.12009308665248918,0.7899919748306274,0.0419487357139587,TP
aEKJ9AS/11152,0,0.0018366450950813662,0.970755696296692,0.2113832235336304,FP
aEKJ9AS/11156,1,0.26956602831880655,0.7835058569908142,0.1171519756317138,TP
aEKJ9AS/11158,1,0.1836481321276473,0.8123050928115845,0.1897033452987671,TP
aEKJ9AS/11159,1,0.3453327996212945,0.7777724862098694,0.105803906917572,TP
aEKJ9AS/1116,1,0.2533799857354225,0.8181964755058289,0.1789847612380981,TP
aEKJ9AS/11163,1,0.3172473489229175,0.7513783574104309,0.6409002169966698,TP
aEKJ9AS/11164,1,0.2635595677295065,0.7992696762084961,0.0124590396881103,TP
aEKJ9AS/11168,0,0.9076706980614779,0.699568510055542,0.699568510055542,TP
aEKJ9AS/11171,1,0.30545478087865613,0.7186935544013977,0.0354608297348022,TP
aEKJ9AS/11172,1,0.4236199468443474,0.858048677444458,0.1375260353088379,TP
aEKJ9AS/11173,1,0.37871543511906425,0.8003584742546082,0.1817123889923095,TP
aEKJ9AS/11174,1,0.13635860834741587,0.910445272922516,0.1205298304557801,TP
aEKJ9AS/11175,1,0.092497330313668,0.9635800123214722,0.6474696397781372,TP
aEKJ9AS/11176,0,0.00028758529058807593,0.9435814023017884,0.0359516143798828,FP
aEKJ9AS/11177,0,0.058975659044495594,0.8986638188362122,0.588313490152359,FP
aEKJ9AS/11178,0,0.003563142875819582,0.7750918865203857,0.1306618452072143,FP
aEKJ9AS/11180,0,0.001509429526822938,0.779394805431366,0.0175789594650268,FP
aEKJ9AS/11186,1,0.5721002476930068,0.9444854259490968,0.2538203597068788,TP
aEKJ9AS/11189,1,0.06508371455286781,0.8777011632919312,0.309557557106018,TP
aEKJ9AS/11198,0,0.007962931626232687,0.9992458820343018,0.0048012137413026,TP
aEKJ9AS/11202,1,0.8741197011571217,0.9427123665809632,0.6822004914283754,TP
aEKJ9AS/11203,1,0.12391128711214287,0.8716775178909302,0.163421630859375,TP
aEKJ9AS/1121,1,0.7416681099853906,0.8581796288490295,0.8302715271711351,TP
aEKJ9AS/11211,1,0.38386581604550213,0.9100732803344728,0.4108209609985352,TP
aEKJ9AS/11213,1,0.26820553863777663,0.8117464780807495,0.0136376619338989,TP
aEKJ9AS/11218,1,0.9330522953000489,0.8502020835876465,0.8132162801921368,TP
aEKJ9AS/11221,1,0.28591613727902104,0.7681645154953003,0.0529146790504455,TP
aEKJ9AS/11226,1,0.4700508361552462,0.706012487411499,0.5330670028924942,TP
aEKJ9AS/11230,0,0.1978962165228756,0.7828269600868225,0.0130171775817871,FP
aEKJ9AS/11232,1,0.30040885756129265,0.836874783039093,0.1587712168693542,TP
aEKJ9AS/11233,1,0.3317507981007042,0.9006890654563904,0.1090408563613891,TP
aEKJ9AS/11234,0,0.10271232646513065,0.7003829479217529,0.0487185716629028,FP
aEKJ9AS/11237,1,0.5514807152232133,0.8734840750694275,0.3719724416732788,TP
aEKJ9AS/11238,1,0.11915009200260783,0.803572952747345,0.0045616030693054,TP
aEKJ9AS/11240,0,0.006166497577610104,0.7874835133552551,0.0373393893241882,FP
aEKJ9AS/11241,1,0.10949548250908488,0.7230861186981201,0.0488405227661132,TP
aEKJ9AS/11243,1,0.27342666149305067,0.8611566424369812,0.2087031602859497,TP
aEKJ9AS/11246,0,0.01543764720193903,0.7171424031257629,0.0353436470031738,FP
aEKJ9AS/11248,0,0.7098220990176763,0.6161899566650391,0.1835683584213256,TP
aEKJ9AS/11250,1,0.30806606192111924,0.7542112469673157,0.0287645459175109,TP
aEKJ9AS/11251,1,0.29109172500391645,0.7412541508674622,0.0466863512992858,TP
aEKJ9AS/11257,0,0.0005486646654224025,0.9170321226119996,0.062469244003296,TP
aEKJ9AS/11258,0,0.00785978858845033,0.7534989714622498,0.7534989714622498,FP
aEKJ9AS/1126,1,0.9950869250742882,0.9749391078948976,0.9749391078948976,TP
aEKJ9AS/11261,1,0.5615937833248312,0.8872377276420593,0.1270247101783752,TP
aEKJ9AS/11262,0,0.7977509923042339,0.8249340653419495,0.2301355004310608,FP
aEKJ9AS/11263,1,0.26026321424961557,0.8552345633506775,0.1365634799003601,TP
aEKJ9AS/11267,1,0.05250652330015423,0.819729208946228,0.0050994157791137,TP
aEKJ9AS/11269,1,0.926646720515218,0.7524142265319824,0.7453735149465502,TP
aEKJ9AS/1127,1,0.6345477044479831,0.906876802444458,0.3857470750808716,TP
aEKJ9AS/11277,1,0.4646915629730244,0.98884516954422,0.0866490006446839,TP
aEKJ9AS/11278,1,0.20235602705058361,0.7716773152351379,0.6373650282621385,TP
aEKJ9AS/11279,0,0.00018770280372443828,0.5891798138618469,0.0106784105300903,FP
aEKJ9AS/11280,1,0.028986941330584787,0.921386182308197,0.0586258172988891,TP
aEKJ9AS/11281,0,0.001572204846859694,0.727512776851654,0.1151948571205139,FP
aEKJ9AS/11282,1,0.1324092050811188,0.7422540187835693,0.0863505005836486,TP
aEKJ9AS/11288,1,0.9623051566146029,0.9421004056930542,0.9421004056930542,TP
aEKJ9AS/11289,1,0.6393844395022455,0.942010223865509,0.0466411709785461,TP
aEKJ9AS/11290,1,0.925576755363613,0.9436941742897034,0.9436941742897034,TP
aEKJ9AS/11291,0,0.13160883721828356,0.7813541889190674,0.010789155960083,FP
aEKJ9AS/11293,1,0.004292712729194536,0.8460683226585388,0.046192467212677,TP
aEKJ9AS/11294,1,0.025492660986940443,0.9413450956344604,0.0657112002372741,TP
aEKJ9AS/11298,1,0.14486704116895047,0.7359347343444824,0.2643218338489532,TP
aEKJ9AS/11306,1,0.350390103144538,0.7953396439552307,0.3363763391971588,TP
aEKJ9AS/11307,1,0.6355034889553259,0.7725492119789124,0.1316945552825927,TP
aEKJ9AS/11308,1,0.359175261322566,0.8508947491645813,0.0020530819892883,TP
aEKJ9AS/11310,1,0.6553278302178362,0.924299418926239,0.1257185339927673,TP
aEKJ9AS/11311,0,0.8849227897647863,0.7989612817764282,0.4518435299396515,FP
aEKJ9AS/1132,1,0.0020952368650387753,0.9131661057472228,0.0006695985794066,TP
aEKJ9AS/11322,1,0.3323817777423051,0.9235676527023317,0.3306954503059388,TP
aEKJ9AS/11325,0,0.014459376523864522,0.8004937171936035,0.0075171589851379,FP
aEKJ9AS/11329,0,1.935708655880577e-05,0.9999997615814208,1.3709068296119398e-06,FP
aEKJ9AS/11331,1,0.09615227018044768,0.8342366218566895,0.2960644960403442,TP
aEKJ9AS/11332,0,0.03342823108458995,0.7512825727462769,0.0492675304412841,FP
aEKJ9AS/11336,1,0.15811800736061288,0.7933043837547302,0.0051072835922241,TP
aEKJ9AS/11339,1,0.002206195518424086,0.941767156124115,0.0902443528175354,TP
aEKJ9AS/11342,0,2.906519524321023e-05,0.9607747197151184,0.0343056917190551,FP
aEKJ9AS/11344,1,0.69989326452474,0.9524092078208924,0.2601922154426576,TP
aEKJ9AS/11346,0,0.00026848937618781577,0.9013028144836426,0.0040833950042724,FP
aEKJ9AS/11347,0,0.00029985820211961603,0.9607924818992616,0.0082536339759827,TP
aEKJ9AS/11349,1,0.01558886483639548,0.7545291781425476,0.1888014078140258,TP
aEKJ9AS/11353,1,0.05128122189048844,0.9246289134025574,0.5886555016040802,TP
aEKJ9AS/11354,1,0.8969592261172734,0.9549548029899596,0.6687486171722411,TP
aEKJ9AS/11355,0,0.5949624773114468,0.777114987373352,0.777114987373352,TP
aEKJ9AS/11356,0,0.0020418921522789546,0.8082187175750732,0.1296725869178772,FP
aEKJ9AS/11358,1,0.19833559837888073,0.8871621489524841,0.1017994284629821,TP
aEKJ9AS/11362,1,0.22657701338809896,0.834209680557251,0.0095886588096618,TP
aEKJ9AS/11364,1,0.3219441139588104,0.8959836363792419,0.1643157601356506,TP
aEKJ9AS/11365,1,0.2024721793754963,0.7432914972305298,0.1596649885177612,TP
aEKJ9AS/11367,1,0.31147856788679684,0.9150091409683228,0.3732113242149353,TP
aEKJ9AS/11368,1,0.9995635242980718,0.7642328143119812,0.660435400903225,TP
aEKJ9AS/1137,0,0.6471174988493741,0.5794293284416199,0.0863424837589263,TP
aEKJ9AS/11371,1,0.2635332845901045,0.7905306220054626,0.0021589994430541,TP
aEKJ9AS/11372,1,0.7097680709974875,0.9722182750701904,0.4257233738899231,TP
aEKJ9AS/11374,1,0.5842457493415281,0.8928421139717102,0.2753722667694092,TP
aEKJ9AS/11375,1,0.4697665120287089,0.9309412240982056,0.6411160230636597,TP
aEKJ9AS/11376,1,0.061978401254538434,0.9481119513511658,0.1944882869720459,TP
aEKJ9AS/11379,1,0.1954157840950386,0.908427894115448,0.3049444556236267,TP
aEKJ9AS/1138,1,0.2718639131205592,0.9132068753242492,0.6756770312786101,TP
aEKJ9AS/11380,1,0.1239509043418224,0.946735978126526,0.1746039390563966,TP
aEKJ9AS/11381,1,0.7768371991730725,0.8359281420707703,0.5362537503242493,TP
aEKJ9AS/11382,1,0.5401357156098574,0.7396239638328552,0.000841736793518,TP
aEKJ9AS/11383,1,0.18960101025175777,0.8267374038696289,0.1144282221794128,TP
aEKJ9AS/11390,1,0.39176101429603377,0.7581318020820618,0.0597954392433166,TP
aEKJ9AS/11392,1,0.29790429712499544,0.8969103693962097,0.3228633403778076,TP
aEKJ9AS/11395,1,0.26981027673370567,0.9374595284461976,0.3798101544380189,TP
aEKJ9AS/11399,1,0.11592784740043757,0.7378057241439819,0.1200059652328491,TP
aEKJ9AS/114,1,0.027982715025228228,0.923676371574402,0.3787418603897096,TP
aEKJ9AS/1140,1,0.0004739320042407214,0.8042570352554321,0.0206581354141235,TP
aEKJ9AS/11402,0,0.9944484812334174,0.8157798051834106,0.8157798051834106,TP
aEKJ9AS/11406,1,0.7452068629963727,0.9559342861175536,0.4425098299980162,TP
aEKJ9AS/11408,1,0.4890414176365997,0.9477105140686036,0.0533653497695923,TP
aEKJ9AS/11413,1,0.016109435506544336,0.8544171452522278,0.421124517917633,TP
aEKJ9AS/11425,1,0.8351989505490882,0.8248900771141052,0.6712889671325684,TP
aEKJ9AS/11434,1,0.6632599929246881,0.9070314168930054,0.59790900349617,TP
aEKJ9AS/11436,1,0.40744244565289617,0.9520233869552612,0.3006731271743774,TP
aEKJ9AS/11437,1,0.106836479290978,0.9998584389686584,0.6552997529506683,TP
aEKJ9AS/11438,1,0.34637833931931417,0.9354199767112732,0.0455563068389892,TP
aEKJ9AS/1144,0,0.01870276428334446,0.880116879940033,0.1254786849021911,TP
aEKJ9AS/11442,1,0.47565086590221384,0.6275705695152283,0.0209404230117797,TP
aEKJ9AS/11443,0,0.012844566723810541,0.8745200634002686,0.0019775629043579,FP
aEKJ9AS/11445,1,0.0006774501981691012,0.5958365201950073,0.0223116278648376,TP
aEKJ9AS/11448,1,0.12946243447838243,0.5564078092575073,0.4637067243456841,TP
aEKJ9AS/11449,1,0.42152376414980536,0.6412451267242432,0.0436840653419494,TP
aEKJ9AS/11451,1,0.5593929297166158,0.921544313430786,0.6397564411163329,TP
aEKJ9AS/11453,0,0.005413288645955077,0.7890028357505798,0.0,FP
aEKJ9AS/11454,1,0.46562886492603484,0.6138531565666199,0.4168689101934434,TP
aEKJ9AS/11455,1,0.5467212509746453,0.604240894317627,0.4100178033113479,TP
aEKJ9AS/11457,1,0.09769937887580862,0.8438727855682373,0.0001085400581359,TP
aEKJ9AS/11458,1,0.15477911253134394,0.8427360653877258,0.0043704509735107,TP
aEKJ9AS/11459,0,0.5779890209598652,0.6079508662223816,0.0750552415847778,TP
aEKJ9AS/11460,0,0.22829665260280965,0.9322394132614136,0.0532693266868591,FP
aEKJ9AS/11461,1,0.09492753477076321,0.9591299891471864,0.5553645491600038,TP
aEKJ9AS/11462,0,0.2655725770452618,0.8852091431617737,0.0633611679077148,FP
aEKJ9AS/11463,1,0.2749295128836127,0.7019891738891602,0.0,TP
aEKJ9AS/11470,1,0.5083570015314706,0.8831480741500854,0.6249630749225616,TP
aEKJ9AS/11471,0,0.2468586200803238,0.904399037361145,0.0035932660102844,TP
aEKJ9AS/11472,1,0.17980699681906975,0.9473221898078918,0.0304361581802368,TP
aEKJ9AS/11475,1,0.19724706969571063,0.8082173466682434,0.0300198197364807,TP
aEKJ9AS/11476,1,0.31963013641571936,0.8436987400054932,0.0213810801506042,TP
aEKJ9AS/11478,0,0.04569801062898382,0.9381279945373536,0.0029648542404175,TP
aEKJ9AS/1148,1,0.8709495611939452,0.8555445075035095,0.2994937896728515,TP
aEKJ9AS/11480,1,0.09937053833583272,0.8864076137542725,0.1058951616287231,TP
aEKJ9AS/11481,0,0.0004251556676498642,0.9747090339660645,0.0091221332550048,TP
aEKJ9AS/11485,1,0.44190959697551585,0.92946058511734,0.2840428352355956,TP
aEKJ9AS/11494,1,0.006315400458042715,0.7286893129348755,0.0541590452194213,TP
aEKJ9AS/11495,1,0.5512000804492959,0.8645967841148376,0.2383747100830078,TP
aEKJ9AS/11496,1,0.4312568331547,0.9662587642669678,0.0311956405639649,TP
aEKJ9AS/11499,1,0.9998871856984376,0.8794806599617004,0.7244797050952911,TP
aEKJ9AS/11511,1,0.9952457018275492,0.972536325454712,0.972536325454712,TP
aEKJ9AS/11512,1,0.1688441723162373,0.8306604027748108,0.0151442885398864,TP
aEKJ9AS/11519,0,0.0005615477410338921,0.7671804428100586,0.4206562340259552,FP
aEKJ9AS/11526,0,0.001739412273922892,0.9149407148361206,0.0006785988807678,TP
aEKJ9AS/11527,0,0.031511509240806236,0.7129450440406799,0.0246433615684509,FP
aEKJ9AS/11528,1,0.03394234298102883,0.6645087599754333,0.0719318389892578,TP
aEKJ9AS/11542,1,0.8170445751102531,0.974391222000122,0.6395886838436126,TP
aEKJ9AS/11546,1,0.33320759274434575,0.917873203754425,0.1802926063537597,TP
aEKJ9AS/11550,1,0.49379566691511917,0.9998996257781982,2.2947788238636413e-05,TP
aEKJ9AS/11554,1,0.10569639941844687,0.9648903012275696,0.0003722310066224,TP
aEKJ9AS/11556,1,0.03699011276304658,0.9178275465965272,0.0160783529281616,TP
aEKJ9AS/11558,1,0.9507138850503026,0.9998313188552856,0.9998313188552856,TP
aEKJ9AS/11565,1,0.40623646502147626,0.6355595588684082,0.398624524474144,TP
aEKJ9AS/11573,1,0.04563989507722367,0.8693363666534424,0.0870053768157959,TP
aEKJ9AS/11575,0,2.6372765552883443e-05,0.764578640460968,0.0356151461601257,FP
aEKJ9AS/11576,0,0.00023987578571842662,0.7759023308753967,0.0310876369476318,FP
aEKJ9AS/11577,0,0.00779371344031359,0.7693166136741638,0.0197913646697998,FP
aEKJ9AS/11582,1,0.21654554211131527,0.7821599841117859,0.0,TP
aEKJ9AS/11585,1,0.051430510594668445,0.9359411597251892,0.0169324278831481,TP
aEKJ9AS/11589,1,0.25336563508685966,0.96854567527771,0.5404536426067352,TP
aEKJ9AS/11593,1,0.00644111330954782,0.830003023147583,0.2362042665481567,TP
aEKJ9AS/11598,0,0.7667470224880238,0.7099927663803101,0.2245010435581207,TP
aEKJ9AS/116,1,0.0023393750198981195,0.959414005279541,0.0394253730773925,TP
aEKJ9AS/11612,1,0.346217089209881,0.7301194667816162,0.0082374811172485,TP
aEKJ9AS/11615,1,0.03414716652542289,0.8874568939208984,0.300128698348999,TP
aEKJ9AS/11616,1,0.5340820141208551,0.7562845349311829,0.1512944102287292,TP
aEKJ9AS/11617,1,0.08829946229889236,0.8123810291290283,0.6350957155227661,TP
aEKJ9AS/11619,0,0.7579463034066507,0.941775679588318,0.0098336935043336,FP
aEKJ9AS/11625,1,0.1096658974629331,0.8327219486236572,0.0566198825836181,TP
aEKJ9AS/11627,1,0.8480899535470023,0.9065518379211426,0.86344688013196,TP
aEKJ9AS/1163,1,0.0005317736613914266,0.9501895308494568,0.0066820979118348,TP
aEKJ9AS/11634,0,0.000837174745077632,0.7241071462631226,0.0107656717300415,FP
aEKJ9AS/11635,1,0.47709980822776343,0.9605211019515992,0.0053994059562684,TP
aEKJ9AS/11638,1,0.30629790375952265,0.9301838874816896,0.1916967034339906,TP
aEKJ9AS/1164,1,0.08676452376202261,0.9096862077713012,0.1623165011405943,TP
aEKJ9AS/11640,0,0.8873951096782732,0.732547402381897,0.309148371219635,TP
aEKJ9AS/11646,1,0.003073185022284728,0.9999994039535522,3.3020973205455384e-05,TP
aEKJ9AS/1165,1,0.47567605087063813,0.9082093834877014,0.0352263450622558,TP
aEKJ9AS/11650,0,0.040376461572751904,0.927230417728424,0.0310611128807066,TP
aEKJ9AS/11652,1,0.002641232602744477,0.736434280872345,0.0590549111366272,TP
aEKJ9AS/1166,0,0.8431032482542123,0.7139297723770142,0.1838435530662536,TP
aEKJ9AS/11660,1,0.1313802370680318,0.9087141752243042,0.0758603811264038,TP
aEKJ9AS/11662,0,0.008450492790954596,0.8695855736732483,0.0146835446357727,FP
aEKJ9AS/11667,0,0.005021705701373254,0.7682451605796814,0.0284890532493591,FP
aEKJ9AS/11669,1,0.9269501081364153,0.8641945719718933,0.8641945719718933,TP
aEKJ9AS/1167,1,0.8248811392014793,0.9673505425453186,0.6942175924777985,TP
aEKJ9AS/11671,1,0.5408101814511377,0.8150798082351685,0.0716200470924377,TP
aEKJ9AS/11682,1,0.10067699184513232,0.8606106042861938,0.4120132625102997,TP
aEKJ9AS/11689,1,0.3653257796738374,0.912513256072998,0.0130639672279357,TP
aEKJ9AS/11694,1,0.013011413287026045,0.772431492805481,0.2481527924537658,TP
aEKJ9AS/1170,1,0.20259903189266684,0.6092914938926697,0.1161737740039826,TP
aEKJ9AS/11705,1,0.48129516519990856,0.999925971031189,4.905462265014648e-05,TP
aEKJ9AS/11706,1,0.0006168773788103576,0.838549792766571,0.0490311384201049,TP
aEKJ9AS/11707,1,0.20596014764889167,0.9941118359565736,0.4839501380920411,TP
aEKJ9AS/11708,1,0.01107989090985646,0.6036813259124756,0.1942550241947174,TP
aEKJ9AS/11709,1,0.008282947354306893,0.5860469341278076,0.1777700483798981,TP
aEKJ9AS/11710,1,0.9293461530317138,0.8891103267669678,0.8782517323270441,TP
aEKJ9AS/11711,0,0.0006131872924506789,0.9997618794441224,0.0008776187896728,TP
aEKJ9AS/11712,1,0.5962192070033294,0.9672130346298218,0.6962668299674988,TP
aEKJ9AS/11713,1,0.24173094064359477,0.940570056438446,0.4120795130729675,TP
aEKJ9AS/11714,1,0.0037744915098648865,0.9223870635032654,0.028975486755371,TP
aEKJ9AS/11715,1,0.6061446786534378,0.7892268300056458,0.4310035407543182,TP
aEKJ9AS/11717,1,0.11175507325751431,0.920962691307068,0.0393631458282471,TP
aEKJ9AS/11718,0,0.00026724849604759947,0.684499204158783,0.0611116290092468,FP
aEKJ9AS/11720,0,0.683486444306397,0.6342174410820007,0.0630192160606384,TP
aEKJ9AS/11722,0,0.014507356705546546,0.7207636833190918,0.0075407624244689,FP
aEKJ9AS/11731,1,0.07609135314308844,0.8110236525535583,0.0146495103836059,TP
aEKJ9AS/11733,1,0.002393383057455429,0.7076467275619507,0.0055459737777709,TP
aEKJ9AS/11735,1,0.0669396218320073,0.8893685340881348,0.217464804649353,TP
aEKJ9AS/11737,1,0.2245652589471749,0.681135356426239,0.0449067950248718,TP
aEKJ9AS/1174,1,0.427863179113165,0.9987279176712036,0.0900799632072447,TP
aEKJ9AS/11742,1,0.26801563055954597,0.894978404045105,0.0087443590164184,TP
aEKJ9AS/11745,1,0.6703158816539999,0.9123520255088806,0.3099148273468017,TP
aEKJ9AS/11751,0,0.33686438663437496,0.7573996782302856,0.0464705824851989,TP
aEKJ9AS/11757,1,0.03139466645874812,0.8259356617927551,0.1129358410835266,TP
aEKJ9AS/11758,1,0.9798757104695961,0.9343225955963136,0.8663880452513696,TP
aEKJ9AS/11759,1,0.966550889480027,0.9258680939674376,0.8587332293391228,TP
aEKJ9AS/11760,1,0.07322901796043939,0.536516547203064,0.0170037746429443,TP
aEKJ9AS/11763,0,0.007551641149888783,0.5805678367614746,0.0324616432189941,FP
aEKJ9AS/11774,0,0.00540180638495227,0.8663953542709351,0.0032685995101928,TP
aEKJ9AS/11775,1,0.002660849379712556,0.9524713158607484,0.0297722220420838,TP
aEKJ9AS/11776,0,0.016287361489737733,0.9040727019309998,0.0388909578323364,FP
aEKJ9AS/11778,0,0.006289669575223514,0.9731210470199584,0.0050095915794371,TP
aEKJ9AS/11779,1,0.022716571111926077,0.9210470914840698,0.4867957830429077,TP
aEKJ9AS/11780,1,0.006908315524845089,0.9731395244598388,0.0117190480232237,TP
aEKJ9AS/11782,1,0.34206398196018184,0.938344180583954,0.6077780723571778,TP
aEKJ9AS/11783,1,0.26052832272184934,0.9192237854003906,0.5861450731754303,TP
aEKJ9AS/11785,1,0.9767468629183325,0.9905312657356262,0.9360421597957612,TP
aEKJ9AS/1179,1,0.261264839393108,0.728287398815155,0.0571852922439575,TP
aEKJ9AS/11798,1,0.4844514821214685,0.8005611896514893,0.2965161800384521,TP
aEKJ9AS/11800,1,0.2317265168746988,0.9589940905570984,0.0854402184486389,TP
aEKJ9AS/11801,1,0.7632487385321625,0.8379052877426147,0.8379052877426147,TP
aEKJ9AS/11805,0,0.8098612241938207,0.7683190703392029,0.1315823197364807,TP
aEKJ9AS/11806,0,0.9994748406697317,0.891624391078949,0.2062960267066955,TP
aEKJ9AS/11807,1,0.011476612201519857,0.9290688633918762,0.7836825549602509,TP
aEKJ9AS/1181,1,0.3658253070550606,0.9305604100227356,0.4731795191764832,TP
aEKJ9AS/11812,1,0.7299397482544723,0.9295327067375184,0.8704682812094691,TP
aEKJ9AS/11813,1,0.03116514934627233,0.926483154296875,0.7719684690237046,TP
aEKJ9AS/11814,1,0.7940705483482293,0.9108140468597412,0.8458209112286568,TP
aEKJ9AS/11817,1,0.6611623104580451,0.9416726231575012,0.0466859340667724,TP
aEKJ9AS/11818,1,0.21733955161917756,0.957751452922821,0.8653973862528801,TP
aEKJ9AS/11821,1,0.5741847239140453,0.8058682680130005,0.0967726111412048,TP
aEKJ9AS/11823,1,0.283135390709332,0.7158814668655396,0.1277421116828918,TP
aEKJ9AS/11824,1,0.34340471112903403,0.846907377243042,0.0076959133148193,TP
aEKJ9AS/11826,1,0.12125283590291108,0.7645668387413025,0.2074873447418213,TP
aEKJ9AS/11827,0,0.0006265938857044625,0.7996664643287659,2.2470951080322266e-05,FP
aEKJ9AS/11833,1,0.46050701939042216,0.627178430557251,0.4526894241571426,TP
aEKJ9AS/11838,0,0.7576831548939548,0.8315396308898926,0.0107374787330627,TP
aEKJ9AS/11839,1,0.46493434622037233,0.9795262217521667,0.1781039834022522,TP
aEKJ9AS/11840,0,0.991490634263535,0.845038115978241,0.1451154947280883,TP
aEKJ9AS/11841,0,0.5577878200672556,0.5466291904449463,0.0380998849868774,TP
aEKJ9AS/11843,1,0.9870696629133089,0.9629032015800476,0.919038899242878,TP
aEKJ9AS/11844,0,0.7359587339946928,0.7278739809989929,0.0260544419288635,TP
aEKJ9AS/11845,0,0.832391812598343,0.7492474317550659,0.2594347596168518,TP
aEKJ9AS/11847,1,0.4639492076496957,0.9115229845046996,0.3024784326553343,TP
aEKJ9AS/11848,0,0.7284444348087811,0.6016563773155212,0.2415346205234527,TP
aEKJ9AS/11849,1,0.07952929408951646,0.6010912656784058,0.1325317323207855,TP
aEKJ9AS/11857,0,0.6182987011433285,0.5776761174201965,0.0900909304618835,TP
aEKJ9AS/11860,1,0.48895809691614267,0.7822608947753906,0.1071159243583679,TP
aEKJ9AS/11862,1,0.3612861599586906,0.9608193635940552,0.0199885368347167,TP
aEKJ9AS/11863,0,0.09557608210280599,0.7265546321868896,0.1011868119239807,FP
aEKJ9AS/11864,1,0.5977351982613393,0.927004873752594,0.1162670850753784,TP
aEKJ9AS/11869,1,0.46824886870931115,0.8614412546157837,0.0354453921318054,TP
aEKJ9AS/11871,1,0.6806325984524633,0.9506940245628356,0.2507320642471312,TP
aEKJ9AS/11873,1,0.7227413784674863,0.7780905365943909,0.1868476867675781,TP
aEKJ9AS/11876,0,0.007169800806645144,0.5420752167701721,0.0830473005771637,FP
aEKJ9AS/11901,1,0.0019363172546408602,0.9503595232963562,0.0087475180625915,TP
aEKJ9AS/11902,0,0.7983929957003763,0.7646409869194031,0.0281877517700195,TP
aEKJ9AS/11917,1,0.05077677175996291,0.9814904928207396,0.7116893529891968,TP
aEKJ9AS/11918,0,0.96616350541531,0.737493097782135,0.5744020193815232,FP
aEKJ9AS/11922,0,0.31813906993964597,0.747483491897583,0.1943445801734924,FP
aEKJ9AS/11923,0,0.0033791740814844355,0.7780225872993469,0.1006739139556884,FP
aEKJ9AS/11924,1,0.21274015967115642,0.7695683836936951,0.225260853767395,TP
aEKJ9AS/11925,1,0.1553918082543294,0.9093855619430542,0.3922086954116821,TP
aEKJ9AS/11926,1,0.9710008432998949,0.9712260961532592,0.1157265305519102,TP
aEKJ9AS/11927,0,0.00454946005334042,0.8677231669425964,0.0130146145820617,FP
aEKJ9AS/11928,0,0.00651114193494027,0.7736740708351135,0.0307508111000061,FP
aEKJ9AS/11929,1,0.4334296735021924,0.7360184788703918,0.2539449334144592,TP
aEKJ9AS/11932,0,0.0001277866468885163,0.927269160747528,0.0037360191345213,TP
aEKJ9AS/11933,0,0.00014616799865126175,0.9496841430664062,0.021283209323883,FP
aEKJ9AS/11934,0,0.00013788502593119415,0.9494051337242126,0.0221288204193114,FP
aEKJ9AS/11936,1,0.9758361043695742,0.7313547730445862,0.66853316873312,TP
aEKJ9AS/11937,0,0.00010299373046321729,0.8385228514671326,0.000403881072998,FP
aEKJ9AS/11938,1,0.2267569370810049,0.7311059236526489,0.2543039321899414,TP
aEKJ9AS/11940,1,0.5796357398421671,0.7350286245346069,0.0075010657310485,TP
aEKJ9AS/11941,1,0.04961396182003483,0.7705239653587341,0.1652097105979919,TP
aEKJ9AS/11945,1,0.1395474641870851,0.7296181321144104,0.0577271580696105,TP
aEKJ9AS/11946,1,0.42051754104059286,0.7245007753372192,0.455011636018753,TP
aEKJ9AS/11954,0,0.07387210871782238,0.7887619137763977,0.2448055148124694,FP
aEKJ9AS/12004,1,0.46117410857862884,0.7091233730316162,0.1075484156608581,TP
aEKJ9AS/12012,1,0.16801196367646284,0.8410606980323792,0.069277286529541,TP
aEKJ9AS/12013,0,0.00027666556772826506,1.0,0.2511732578277588,FP
aEKJ9AS/12015,0,4.451309186234523e-05,0.8783305883407593,0.0001254677772521,FP
aEKJ9AS/12019,1,0.337780640591703,0.8898601531982422,0.138543426990509,TP
aEKJ9AS/12027,0,0.0001788182253321493,0.9491914510726928,1.7762184142955384e-05,FP
aEKJ9AS/12028,0,0.012594156845096814,0.9244288206100464,0.2228467464447021,FP
aEKJ9AS/12029,1,0.2617956950155305,0.9023491740226746,0.1442873477935791,TP
aEKJ9AS/12030,0,0.00035087764980273477,0.7746853828430176,0.0326511263847351,FP
aEKJ9AS/12033,1,0.08899914348026859,0.9411786794662476,0.4315671920776367,TP
aEKJ9AS/12036,1,0.5758107649813969,0.6810860633850098,0.3258032202720642,TP
aEKJ9AS/12041,1,0.015195150652217724,0.9382913708686828,0.0044765472412107,TP
aEKJ9AS/12042,1,0.6405058488888391,0.9687129259109496,0.1033748388290404,TP
aEKJ9AS/12050,0,0.011733517665410642,0.9126009941101074,0.0754369497299194,FP
aEKJ9AS/12051,0,9.803220744145376e-05,0.9154637455940248,0.027004897594452,FP
aEKJ9AS/12055,1,0.30138306391931774,0.8847557902336121,0.0225835442543029,TP
aEKJ9AS/12059,1,0.5812383072235314,0.9694607853889464,0.0216399431228636,TP
aEKJ9AS/12060,0,0.7918735113353275,0.6667655110359192,0.1366905570030212,TP
aEKJ9AS/12062,1,0.6751761570225908,0.94806569814682,0.0196869969367979,TP
aEKJ9AS/12063,1,0.014629931672240748,0.6533600091934204,0.0964983105659484,TP
aEKJ9AS/12068,1,0.28602487358796685,0.9136181473731996,0.0730038285255433,TP
aEKJ9AS/12071,1,0.5370044464150455,0.7790419459342957,0.4547038376331329,TP
aEKJ9AS/12080,1,0.2640014533375168,0.7787761688232422,0.048283576965332,TP
aEKJ9AS/12088,1,0.00851920789143279,0.7745856642723083,0.0155861973762512,TP
aEKJ9AS/12089,1,0.19548403006219306,0.8405621647834778,0.3199741840362549,TP
aEKJ9AS/12091,1,0.44225842290890094,0.7404083013534546,0.0056608915328979,TP
aEKJ9AS/12096,1,0.49392291282766826,0.84984290599823,0.7534630075097085,TP
aEKJ9AS/12099,1,0.0612151052434168,0.6698030829429626,0.1166031956672668,TP
aEKJ9AS/12109,1,0.5260229325995078,0.9978891611099244,0.4592114686965943,TP
aEKJ9AS/12112,0,0.10659255652269273,0.8683448433876038,0.0034375786781311,TP
aEKJ9AS/12115,0,0.005360914074983514,0.7704595327377319,0.2115746736526489,TP
aEKJ9AS/12121,1,0.0379986237586881,0.7682669162750244,0.0786241888999939,TP
aEKJ9AS/12122,1,0.2214425469519662,0.999919056892395,0.0053164958953858,TP
aEKJ9AS/12135,1,0.8849893036651154,0.9079152941703796,0.4667533934116363,TP
aEKJ9AS/12136,1,0.06688462090302753,0.725296139717102,0.0,TP
aEKJ9AS/12137,0,0.00038637391370212885,0.7640259265899658,0.0203928351402282,FP
aEKJ9AS/12147,1,0.7583412205976086,0.9495161175727844,0.4033578038215637,TP
aEKJ9AS/12151,1,0.01781555067660343,0.918075144290924,0.0890445709228514,TP
aEKJ9AS/12153,1,0.5916834245829098,0.630528450012207,0.3748751580715179,TP
aEKJ9AS/12156,1,0.6478970839346527,0.9243628978729248,0.7247525751590729,TP
aEKJ9AS/12167,1,0.46747973256453434,0.7260820269584656,0.0448490381240844,TP
aEKJ9AS/12171,1,0.2545799889858894,0.757972240447998,0.0081801414489746,TP
aEKJ9AS/12173,0,0.2979206323950165,0.7802214026451111,0.7160321027040482,FP
aEKJ9AS/12185,0,0.7281075282461672,0.8563956618309021,0.0634755492210388,TP
aEKJ9AS/12187,1,0.008347260930447659,0.8826136589050293,0.2041192054748535,TP
aEKJ9AS/12188,0,0.35620456473313705,0.730796754360199,0.5867807418107986,TP
aEKJ9AS/12192,1,0.3165871272476644,0.9496576189994812,0.0246440768241882,TP
aEKJ9AS/122,0,0.7934190257663744,0.7910639047622681,0.1368723511695861,TP
aEKJ9AS/12204,1,0.04272493864436949,0.8123852610588074,0.3545419871807099,TP
aEKJ9AS/12205,1,0.14497689378134723,0.9605370163917542,0.0268985033035277,TP
aEKJ9AS/12206,1,0.29920179593659024,0.9311598539352416,0.2987311482429503,TP
aEKJ9AS/12207,1,0.7874468239181319,0.8591622114181519,0.746703490614891,TP
aEKJ9AS/12211,1,0.80476542093002,0.9164701700210572,0.8628871329128743,TP
aEKJ9AS/12217,1,0.09456222878050823,0.519380509853363,0.3901855051517487,TP
aEKJ9AS/12222,1,0.6457389641711434,0.9444865584373474,0.2343311905860901,TP
aEKJ9AS/12223,1,0.3713424001101237,0.9753526449203492,0.0049223899841308,TP
aEKJ9AS/12226,1,0.47207166720299953,0.8725518584251404,0.2064305543899536,TP
aEKJ9AS/12227,0,0.007154366032479337,0.9671164751052856,0.00019371509552,TP
aEKJ9AS/12231,1,0.024543597133626256,0.945462167263031,0.0785627961158752,TP
aEKJ9AS/12232,1,0.07419588549041493,0.939312756061554,0.559581458568573,TP
aEKJ9AS/12238,1,0.9525987104773651,0.77191162109375,0.77191162109375,TP
aEKJ9AS/12239,1,0.7061231709814476,0.7833009362220764,0.7833009362220764,TP
aEKJ9AS/12240,1,0.8791353225393456,0.7745905518531799,0.7745905518531799,TP
aEKJ9AS/12241,1,0.713927598170493,0.8520423173904419,0.3869675993919373,TP
aEKJ9AS/12243,1,0.7883234550332329,0.8009560108184814,0.8009560108184814,TP
aEKJ9AS/12244,1,0.5745732135469601,0.8978620171546936,0.4077690541744232,TP
aEKJ9AS/12246,1,0.780131421887648,0.7917344570159912,0.7917344570159912,TP
aEKJ9AS/12247,1,0.9401096386499135,0.8579030632972717,0.8579030632972717,TP
aEKJ9AS/12249,1,0.8237751873730363,0.8429855704307556,0.8429855704307556,TP
aEKJ9AS/12250,1,0.9001307991244906,0.8286936283111572,0.7340627536177635,TP
aEKJ9AS/12251,1,0.8798973308516549,0.7887848019599915,0.7454920783638954,TP
aEKJ9AS/12258,1,0.7717772204608636,0.93971586227417,0.2606800794601441,TP
aEKJ9AS/12262,0,0.32823790002162584,0.8823928833007812,0.1164286732673645,TP
aEKJ9AS/12264,1,0.21198297742097894,0.999345362186432,0.0002999901771547,TP
aEKJ9AS/12274,0,0.36516050283674095,0.7098804116249084,0.564664363861084,FP
aEKJ9AS/12279,0,0.016941099326513855,0.8144733905792236,0.1234968900680542,FP
aEKJ9AS/12280,1,0.01156834277827146,0.8205263018608093,0.0127594470977783,TP
aEKJ9AS/12286,1,0.2708565332767501,0.8007345199584961,0.0658151507377624,TP
aEKJ9AS/1229,0,0.02247394012707528,0.7584964036941528,0.0517533421516418,TP
aEKJ9AS/12294,1,0.07704240741003408,0.8671069741249084,0.0336772799491882,TP
aEKJ9AS/1230,0,0.0033388673304531862,0.946780562400818,0.0014567971229555,TP
aEKJ9AS/12313,1,0.9578087864579837,0.9423003792762756,0.7180218100547792,TP
aEKJ9AS/12314,1,0.9508109657300712,0.9397878050804138,0.7230028957128525,TP
aEKJ9AS/12315,1,0.05431084091003143,0.9999477863311768,1.0550022125133118e-05,TP
aEKJ9AS/12317,0,0.0025394801931446164,0.9405580163002014,0.0003231763839721,TP
aEKJ9AS/1232,1,0.3315465669524426,0.9473906755447388,0.0926770567893982,TP
aEKJ9AS/12320,1,0.26585474084674693,0.9145593047142028,0.1851166486740111,TP
aEKJ9AS/12322,1,0.11856281131153111,0.7847364544868469,0.065185546875,TP
aEKJ9AS/12324,1,0.17251802694167082,0.9277584552764891,0.2171494364738463,TP
aEKJ9AS/12326,1,0.9768555495267914,0.937357485294342,0.937357485294342,TP
aEKJ9AS/12331,1,0.4294276020834195,0.839689314365387,0.0648064017295837,TP
aEKJ9AS/12334,0,0.8504708853108058,0.7946906685829163,0.0,TP
aEKJ9AS/12341,1,0.0003312828628519469,0.986741840839386,0.200929045677185,TP
aEKJ9AS/1235,1,0.2653961352146314,0.8499183058738708,0.1335886716842651,TP
aEKJ9AS/12354,1,0.025772562166703507,0.9164465069770812,0.3273023962974547,TP
aEKJ9AS/12356,1,0.27622731973476855,0.9152414202690125,0.5297965407371521,TP
aEKJ9AS/12357,1,0.2289524818874706,0.7961220741271973,0.0389298200607299,TP
aEKJ9AS/12359,0,0.0002128965341831313,0.8060814142227173,0.0062779784202575,TP
aEKJ9AS/12360,0,0.0008439440556122188,0.7415732145309448,0.2326680421829223,FP
aEKJ9AS/12364,1,0.5604140389906124,0.6686333417892456,0.0292673707008361,TP
aEKJ9AS/12376,1,0.13510232253803053,0.5468849539756775,0.0146099925041198,TP
aEKJ9AS/12378,1,0.23444263982221655,0.9449914693832396,0.3481564521789549,TP
aEKJ9AS/12379,1,0.33801690020303343,0.9413560628890992,0.349298655986786,TP
aEKJ9AS/12382,0,0.009826459149724624,0.8860138654708862,0.1092179417610168,FP
aEKJ9AS/124,1,0.09039736273885485,0.7501397132873535,0.0477421283721923,TP
aEKJ9AS/12403,1,0.3357944571904222,0.9571416974067688,0.0340175628662108,TP
aEKJ9AS/12408,1,0.9246644435768663,0.9011290669441224,0.8408891148865224,TP
aEKJ9AS/12410,1,0.058477075742033126,0.9999653697013856,0.1772987246513367,TP
aEKJ9AS/12414,0,3.851047792090062e-05,0.8660323619842529,0.1235575675964355,FP
aEKJ9AS/12419,1,0.6780388034453501,0.8999951481819153,0.6928958296775818,TP
aEKJ9AS/12425,1,0.7847837105381987,0.9335208535194396,0.7658187448978423,TP
aEKJ9AS/12428,1,0.005396028197161914,0.942375898361206,0.406488299369812,TP
aEKJ9AS/12429,1,0.2024568273419285,0.7514886856079102,0.0304238200187683,TP
aEKJ9AS/1243,1,0.2708792499799713,0.8746027946472168,0.024762213230133,TP
aEKJ9AS/12430,1,0.562657759668151,0.9082557559013368,0.0072438716888427,TP
aEKJ9AS/12431,1,0.4321009888200745,0.9452847242355348,0.0,TP
aEKJ9AS/12435,1,0.2747165199162651,0.9084612727165222,0.1611329913139343,TP
aEKJ9AS/12436,0,0.0006575795757997922,0.9478098154067992,0.0003544092178343,TP
aEKJ9AS/12439,1,0.2909830167346342,0.9997715950012208,0.0056563019752504,TP
aEKJ9AS/1244,1,0.3475985961226081,0.8686255812644958,0.0752623081207275,TP
aEKJ9AS/12440,1,0.43689010365509773,0.9878851175308228,0.0770969390869139,TP
aEKJ9AS/12442,1,0.9013551246250371,0.768868625164032,0.7044508904218674,TP
aEKJ9AS/12446,1,0.6037235921995036,0.5788031816482544,0.454519234597683,TP
aEKJ9AS/12448,0,0.9738581280260815,0.7103803753852844,0.7103803753852844,TP
aEKJ9AS/12449,0,0.13609650256216707,0.8210753202438354,0.4672427177429199,FP
aEKJ9AS/1245,1,0.7733769695065497,0.8607994318008423,0.5498152375221252,TP
aEKJ9AS/12453,1,0.6414306081006612,0.9588173031806946,0.001439392566681,TP
aEKJ9AS/12457,1,0.018236834939613335,0.9364511966705322,0.1522094011306762,TP
aEKJ9AS/1246,1,0.9889839112008909,0.9737881422042848,0.8731625452637674,TP
aEKJ9AS/12460,0,0.017230318922604203,0.7665283679962158,0.0,FP
aEKJ9AS/12461,1,0.8928461182671854,0.9682658314704896,0.5779777765274049,TP
aEKJ9AS/1247,1,0.9767805440173553,0.9158975481987,0.7920189201831819,TP
aEKJ9AS/12470,1,0.27616091794615694,0.976607859134674,0.1091989278793333,TP
aEKJ9AS/12473,1,0.5799976731025807,0.9267547130584716,0.8261780515313147,TP
aEKJ9AS/12474,1,0.057793508961237396,0.7892257571220398,0.0137709379196167,TP
aEKJ9AS/12484,1,0.47211699388719675,0.7374758124351501,0.1205764412879943,TP
aEKJ9AS/12485,1,0.10807314229316123,0.831523060798645,0.264829158782959,TP
aEKJ9AS/12489,1,0.19125692635806824,0.958477795124054,0.2763572335243225,TP
aEKJ9AS/1249,0,0.8403027443078722,0.9397277235984802,0.0172144770622254,TP
aEKJ9AS/12490,1,0.4217809173190872,0.9296683669090272,0.220000982284546,TP
aEKJ9AS/12491,0,0.4899350842995078,0.9618469476699828,0.021700620651245,FP
aEKJ9AS/125,1,0.13433679138958757,0.7865734696388245,0.2733168005943298,TP
aEKJ9AS/1250,0,0.8387689276346998,0.9203987121582032,0.013745129108429,TP
aEKJ9AS/12508,0,0.040043309069875875,0.7181839942932129,0.4576743543148041,FP
aEKJ9AS/1251,1,0.5269944126977923,0.9383012652397156,0.0171716809272766,TP
aEKJ9AS/12514,1,0.025731490633054976,0.7604919672012329,0.1407073140144348,TP
aEKJ9AS/12520,1,0.7557226557410417,0.9190741777420044,0.5813586413860321,TP
aEKJ9AS/12524,1,0.9133080328746084,0.8894469141960144,0.8894469141960144,TP
aEKJ9AS/12525,0,0.09790733814093164,0.729670524597168,0.0988330841064453,TP
aEKJ9AS/12527,1,0.39099003433730223,0.8949657678604126,0.2717753648757934,TP
aEKJ9AS/12529,0,0.7254103928358601,0.8308060169219971,0.0161138772964477,TP
aEKJ9AS/12530,0,0.27744072797762886,0.8691779375076294,0.0225030183792114,TP
aEKJ9AS/12531,0,0.0031800008916325565,0.9149007201194764,0.0020665526390076,TP
aEKJ9AS/12532,0,0.19400170101032702,0.741557240486145,0.1003963351249694,FP
aEKJ9AS/12533,1,0.005478745908423848,0.8034131526947021,0.0180304050445556,TP
aEKJ9AS/12535,0,0.14055557251581935,0.9813251495361328,0.0,TP
aEKJ9AS/12536,0,0.00018204244515480783,0.9025502800941468,0.1859613060951234,FP
aEKJ9AS/12537,0,0.0014455534212631958,0.8287326693534851,0.0045241117477416,TP
aEKJ9AS/12538,0,0.00037374420980038824,0.696446418762207,0.1143108606338501,FP
aEKJ9AS/12542,1,0.0739095488508635,0.8098974227905273,0.0607450604438781,TP
aEKJ9AS/12545,1,0.42916517010472444,0.7421875,0.1857138872146606,TP
aEKJ9AS/12546,1,0.20175575312381275,0.8107345700263977,0.0193943977355957,TP
aEKJ9AS/12547,1,0.07965101598030175,0.7729940414428711,0.2651026844978332,TP
aEKJ9AS/12548,0,0.11108746386493441,0.958090364933014,0.6104298830032351,FP
aEKJ9AS/12549,0,0.004798067288001194,0.7997596859931946,0.000183880329132,FP
aEKJ9AS/12551,1,0.08714100390946893,0.8594376444816589,0.0554233789443969,TP
aEKJ9AS/12554,0,0.04489804321665107,0.7291936278343201,0.3038376569747925,FP
aEKJ9AS/12568,1,0.86132904076435,0.8398057818412781,0.6722630560398102,TP
aEKJ9AS/1257,1,0.0003246003394184732,0.9567118287086488,0.595696121454239,TP
aEKJ9AS/12572,1,0.525720640871544,0.8274259567260742,0.1225236654281616,TP
aEKJ9AS/12579,0,0.7565336415760233,0.9144927859306335,0.0201021432876586,TP
aEKJ9AS/1258,1,0.11829880170051991,0.8164336681365967,0.0402084589004516,TP
aEKJ9AS/12592,1,0.4698312795304318,0.9863993525505066,0.1069901585578918,TP
aEKJ9AS/12607,1,0.7473935645857941,0.7860965132713318,0.6406738758087158,TP
aEKJ9AS/12608,1,0.0012102937913242252,0.9540064930915833,0.0479976534843444,TP
aEKJ9AS/12609,0,0.8078430542764853,0.9446026086807252,0.9446026086807252,TP
aEKJ9AS/12615,1,0.08878361724401347,0.8696601390838623,0.2302625179290771,TP
aEKJ9AS/12618,0,0.0134360344302364,0.8883081078529358,0.1246320605278015,FP
aEKJ9AS/12619,1,0.359824414342724,0.8803603649139404,0.0810624361038208,TP
aEKJ9AS/12620,1,0.023860410217760624,0.7896009683609009,0.2603765726089477,TP
aEKJ9AS/12621,1,0.024305502463466508,0.7691852450370789,0.2055438756942749,TP
aEKJ9AS/12624,0,0.03916690964374574,0.7889135479927063,0.300850510597229,FP
aEKJ9AS/12626,0,0.2717920287236709,0.8885283470153809,0.0588401556015014,TP
aEKJ9AS/12627,1,0.7996840291156782,0.8622989058494568,0.8153071999549866,TP
aEKJ9AS/12628,1,0.7111074907382682,0.7859716415405273,0.0400384664535522,TP
aEKJ9AS/12629,1,0.12948909178464849,0.8476211428642273,0.0029633045196533,TP
aEKJ9AS/12630,0,0.8783826665072654,0.9339494109153748,0.0058985948562623,TP
aEKJ9AS/12631,0,0.009903683388476983,0.8487187027931213,0.2893377542495727,FP
aEKJ9AS/12632,1,0.989638414862121,0.9976826310157776,0.5044713020324707,TP
aEKJ9AS/12633,1,0.49502268474699473,0.930965006351471,0.1567250490188598,TP
aEKJ9AS/12635,1,0.13488632002076947,0.821215808391571,0.8041801210492849,TP
aEKJ9AS/12645,1,0.09964286535749821,0.9351696372032166,0.6375228762626648,TP
aEKJ9AS/12647,1,0.02226298053967666,0.9180043935775756,0.6206815540790557,TP
aEKJ9AS/12648,1,0.9411558241675685,0.9476309418678284,0.7248483747243881,TP
aEKJ9AS/12651,1,0.31576143637114895,0.7049638628959656,0.0644155740737915,TP
aEKJ9AS/12658,1,0.029283097407159283,0.8908066749572754,0.1377741694450378,TP
aEKJ9AS/12666,0,0.0029881257339790957,0.8097480535507202,0.1245779991149902,FP
aEKJ9AS/12667,1,0.0022922004619734425,0.8430719971656799,0.0566337704658508,TP
aEKJ9AS/12669,1,0.31905586833261335,0.5412762761116028,0.2863085865974427,TP
aEKJ9AS/12675,1,0.2121474868208337,0.7816171050071716,0.0890671014785766,TP
aEKJ9AS/12678,0,0.0003492072944731536,0.7805793285369873,0.0047881603240966,FP
aEKJ9AS/12679,1,0.13772403443984013,0.9375715255737304,0.1919443011283873,TP
aEKJ9AS/12683,0,0.8389047014746481,0.728347897529602,0.0419455170631408,FP
aEKJ9AS/12684,0,0.5236306943721485,0.716029167175293,0.074089765548706,FP
aEKJ9AS/12689,1,0.5434392481128747,0.9359120726585388,0.3504738211631775,TP
aEKJ9AS/12692,1,0.5580297391652957,0.8703417778015137,0.2714772820472717,TP
aEKJ9AS/12721,1,0.5253237994006328,0.932886838912964,0.1679279208183289,TP
aEKJ9AS/12722,1,0.47664691938206516,0.9235607981681824,0.2259374856948852,TP
aEKJ9AS/12729,1,0.5316393552139731,0.8295100331306458,0.4305213391780853,TP
aEKJ9AS/12730,1,0.000846893393076101,0.953337013721466,0.0002859830856323,TP
aEKJ9AS/12732,1,0.00010911894301061649,0.9670761823654176,0.006369709968567,TP
aEKJ9AS/12733,0,8.091007517529663e-05,0.7846594452857971,0.0093791484832763,FP
aEKJ9AS/12734,1,0.0013972998480236529,0.9545714259147644,0.005994200706482,TP
aEKJ9AS/12736,0,0.0003960659194751692,0.9506147503852844,0.0109733343124388,TP
aEKJ9AS/12737,1,0.5223133132346485,0.9523299932479858,0.0449332594871522,TP
aEKJ9AS/12738,1,0.0060859094909570905,0.8386062979698181,0.0401920080184936,TP
aEKJ9AS/12739,1,0.8181258585602096,0.9214079976081848,0.5791100859642029,TP
aEKJ9AS/12741,0,0.7700417778159949,0.7229313850402832,0.2233685553073883,TP
aEKJ9AS/12742,0,0.030414245772789887,0.9114821553230286,0.1039491891860961,FP
aEKJ9AS/12744,1,0.11079862156696267,0.559831976890564,0.0,TP
aEKJ9AS/12745,0,0.0008463113362581679,0.9765923619270324,0.3638731241226195,FP
aEKJ9AS/12750,0,0.10346379986632044,0.8356755971908569,0.0039213299751281,TP
aEKJ9AS/12755,0,0.9443886964201608,0.7859507203102112,0.6211212873458862,TP
aEKJ9AS/12756,1,0.06627686534294587,0.6916208863258362,0.1685639023780822,TP
aEKJ9AS/12763,1,0.018323957135580483,0.8017976880073547,0.3815115392208099,TP
aEKJ9AS/12767,1,0.4551294307158342,0.8268868327140808,0.0293678045272827,TP
aEKJ9AS/12772,1,0.7185644884198298,0.8629046082496643,0.7124735563993454,TP
aEKJ9AS/12776,1,0.11868410830846271,0.7351636290550232,0.1621309518814087,TP
aEKJ9AS/12777,1,0.27304534637624994,0.8786603808403015,0.0948283076286315,TP
aEKJ9AS/12783,1,0.5514820966646234,0.8545402884483337,0.599644809961319,TP
aEKJ9AS/12785,1,0.10879582412714979,0.8866580128669739,0.431313008069992,TP
aEKJ9AS/12805,1,0.47484214418518095,0.8830237984657288,0.3393308520317077,TP
aEKJ9AS/12814,0,0.2959131818807477,0.9349812269210817,0.0294297933578492,TP
aEKJ9AS/1282,1,0.23807953476089774,0.7360876798629761,0.1979228258132934,TP
aEKJ9AS/12821,1,0.00722170983419178,1.0,0.0,TP
aEKJ9AS/12822,0,0.8822758224407751,0.9130386114120485,0.067274570465088,TP
aEKJ9AS/12825,1,0.6458025958073057,0.9566650390625,0.111398696899414,TP
aEKJ9AS/12827,0,0.00019168466915471188,0.910240650177002,0.0049213767051695,TP
aEKJ9AS/12831,0,0.0013988825728895563,0.8023329377174377,0.4212257266044616,FP
aEKJ9AS/12832,1,0.33554388317613904,0.5754616856575012,0.3954814225435257,TP
aEKJ9AS/12837,0,0.001577601091369711,0.7245209217071533,0.0362984538078308,FP
aEKJ9AS/12850,0,0.02960803733148099,0.999759554862976,0.0009027123451231,TP
aEKJ9AS/12851,0,0.015411111567773677,0.8883007168769836,0.0076872706413269,FP
aEKJ9AS/12853,1,0.2778835898751469,0.6658323407173157,0.079690933227539,TP
aEKJ9AS/12854,0,0.43338829281184466,0.7594910264015198,0.0064752697944641,TP
aEKJ9AS/12855,1,0.023044182677374177,0.934268593788147,0.4616639614105224,TP
aEKJ9AS/12858,1,0.07057543906091383,0.9239967465400696,0.0375213623046875,TP
aEKJ9AS/12861,1,0.15922442750858906,0.9140557646751404,0.0073577761650085,TP
aEKJ9AS/12873,0,0.0016414703800975644,0.908815622329712,0.0292126536369324,FP
aEKJ9AS/12874,0,0.0001950703553064002,0.7011923789978027,0.003304898738861,TP
aEKJ9AS/12878,1,0.22453416513581373,0.832961916923523,0.4307185411453247,TP
aEKJ9AS/12879,1,0.6414423562847883,0.5548245906829834,0.061136782169342,TP
aEKJ9AS/12880,1,0.006383382346941339,0.916017472743988,0.003652274608612,TP
aEKJ9AS/12883,1,0.05530808674881118,0.9998653531074524,0.1175339818000793,TP
aEKJ9AS/12884,1,0.5422404699636567,0.8820099234580994,0.0127676725387573,TP
aEKJ9AS/12885,1,0.30824829173269486,0.9619351029396056,0.0250328183174132,TP
aEKJ9AS/12886,1,0.0012112582885740904,0.7270089983940125,0.0125887393951416,TP
aEKJ9AS/12889,1,0.6752630186123879,0.9109100699424744,0.0484045147895813,TP
aEKJ9AS/12895,0,0.013554133554574029,0.8246857523918152,0.0001155138015747,TP
aEKJ9AS/12897,1,0.813865128184194,0.7051587104797363,0.6631130017340183,TP
aEKJ9AS/129,1,0.33096123319414517,0.9686738848686218,0.7498528659343721,TP
aEKJ9AS/12917,0,0.010584185408908906,0.8763055801391602,0.6619344800710678,FP
aEKJ9AS/12918,0,0.748882145873632,0.6413941383361816,0.1159093976020813,TP
aEKJ9AS/12919,1,0.5079404358853422,0.5711653232574463,0.5177310295403004,TP
aEKJ9AS/12925,0,0.07837445642921326,0.5725991725921631,0.2731984853744507,TP
aEKJ9AS/12927,0,0.013135118223114032,0.7106373310089111,0.0,FP
aEKJ9AS/1293,0,0.014602118674642058,0.8384291529655457,0.0007866621017456,TP
aEKJ9AS/12931,1,0.9495146966981861,0.96131694316864,0.883209854364395,TP
aEKJ9AS/12932,1,0.22153265446020287,0.7512106895446777,0.405755877494812,TP
aEKJ9AS/12933,1,0.9784031526050667,0.9374428391456604,0.8429535031318665,TP
aEKJ9AS/12934,1,0.29627329976008443,0.7657396793365479,0.1667975783348083,TP
aEKJ9AS/12935,1,0.17331675597420262,0.8971996307373047,0.1171759366989135,TP
aEKJ9AS/12939,1,0.6970401745610115,0.941699206829071,0.6068961918354034,TP
aEKJ9AS/1294,1,0.46926761820933643,0.8786956071853638,0.0185989141464233,TP
aEKJ9AS/12944,1,0.0020474439730713686,0.8719078898429871,0.0477316379547119,TP
aEKJ9AS/12947,0,0.9549224357334967,0.7981705665588379,0.578920528292656,TP
aEKJ9AS/12951,1,0.21470204617693708,0.9667166471481324,0.0004897117614748,TP
aEKJ9AS/12954,1,0.5522537842608135,0.9482320547103882,0.0217043161392211,TP
aEKJ9AS/12956,1,0.004699544698441966,0.8263485431671143,0.4040717780590057,TP
aEKJ9AS/12965,1,0.2770182001233976,0.9435009360313416,0.1147012114524841,TP
aEKJ9AS/12966,1,0.6643239098688695,0.9980941414833068,0.630714476108551,TP
aEKJ9AS/12967,1,0.4058285903531109,0.7647022604942322,0.1393229365348816,TP
aEKJ9AS/12976,1,0.1407280334421304,0.8899795413017273,0.1095202565193176,TP
aEKJ9AS/12977,1,0.4793806877654367,0.7866714000701904,0.1376389265060424,TP
aEKJ9AS/1298,0,0.08874148714060054,0.8008631467819214,0.0414739847183227,FP
aEKJ9AS/12980,1,0.4401881225402937,0.9261599779129028,0.0217671990394592,TP
aEKJ9AS/12981,1,0.202016077666805,0.8309745788574219,0.0199956893920898,TP
aEKJ9AS/12984,1,0.2495301957949978,0.9084432721138,0.3143908381462097,TP
aEKJ9AS/12987,1,0.22141093629684175,0.9062154293060304,0.0749487280845643,TP
aEKJ9AS/12990,1,0.220801757937567,0.7361651062965393,0.5757572203874588,TP
aEKJ9AS/12999,1,0.03639987772329077,0.7123990654945374,0.051731526851654,TP
aEKJ9AS/130,1,0.03993513288310015,0.7851554751396179,0.1911859512329101,TP
aEKJ9AS/1300,0,0.001613507332819926,0.8363466262817383,0.0285632610321044,FP
aEKJ9AS/13005,1,0.5303211581904999,0.9979947805404664,0.0805827975273132,TP
aEKJ9AS/13008,0,0.09360726339492133,0.713001012802124,0.3885983824729919,FP
aEKJ9AS/13012,1,0.31181607559115415,0.7920595407485962,0.1613686680793762,TP
aEKJ9AS/13014,1,0.43522239040084865,0.8292523622512817,0.1942929625511169,TP
aEKJ9AS/13015,0,0.8106428738506987,0.8685352802276611,0.245060384273529,FP
aEKJ9AS/13026,0,0.0004338339184564469,0.7534953355789185,0.0429080128669738,TP
aEKJ9AS/13029,1,0.09409822982530729,0.9999877214431764,7.081031799316406e-05,TP
aEKJ9AS/13030,0,0.0006051291177203926,0.9998807311058044,8.231401443481445e-05,TP
aEKJ9AS/13033,0,0.00016429200451367125,0.811752200126648,0.1061120629310607,TP
aEKJ9AS/13034,1,0.2595812925534388,0.5721845030784607,0.3067844808101654,TP
aEKJ9AS/13036,0,0.004912281800538877,0.7164072394371033,0.0237138867378234,FP
aEKJ9AS/13040,1,0.36801392570891683,0.810921311378479,0.0518640875816345,TP
aEKJ9AS/13042,1,0.20797485913888866,0.8491184711456299,0.0,TP
aEKJ9AS/13043,1,0.44586719573212924,0.9643099308013916,0.05644553899765,TP
aEKJ9AS/13044,1,0.9219314908863608,0.7428308725357056,0.7428308725357056,TP
aEKJ9AS/13045,1,0.4943370845479009,0.9862836599349976,0.0444725155830383,TP
aEKJ9AS/1306,1,0.07561487191945238,0.9991797804832458,0.1562168598175048,TP
aEKJ9AS/13062,1,0.08998343281742978,0.9140917658805848,0.170797884464264,TP
aEKJ9AS/13064,1,0.4069672252777572,0.8235355019569397,0.0357289910316467,TP
aEKJ9AS/13073,0,0.0036898491813771063,0.8330883979797363,0.0030465126037597,TP
aEKJ9AS/13074,1,0.07107044180376883,0.7151516079902649,0.0226983428001403,TP
aEKJ9AS/13075,1,0.4232930890455991,0.786939263343811,0.6320889592170715,TP
aEKJ9AS/13078,1,0.5208743830569932,0.9563354849815368,0.2483328580856322,TP
aEKJ9AS/13079,0,0.005228764772975251,0.9902085065841676,0.0024434328079223,TP
aEKJ9AS/13080,0,0.00011719114797633825,0.7887399196624756,0.010150134563446,FP
aEKJ9AS/13081,0,0.014426939594080132,0.9493461847305298,0.5368834435939789,TP
aEKJ9AS/13091,0,0.017187741224054517,0.87165766954422,0.0624651312828063,FP
aEKJ9AS/13093,0,0.24914032802732192,0.7144332528114319,0.0640730857849121,FP
aEKJ9AS/13097,1,0.2858958484272755,0.7090039849281311,0.0287997722625732,TP
aEKJ9AS/131,1,0.06228164354313289,0.8978996276855469,0.1965609192848205,TP
aEKJ9AS/13110,1,0.16887726887628177,0.7836683392524719,0.0045981407165527,TP
aEKJ9AS/13111,1,0.296746421045264,0.7580122947692871,0.0066940784454345,TP
aEKJ9AS/13112,0,0.00042484758516436754,0.8732343316078186,0.0,TP
aEKJ9AS/13115,1,0.2761650828175731,0.9024671912193298,0.5923069417476654,TP
aEKJ9AS/13129,0,0.00010210687386089329,0.7578428387641907,0.001550018787384,FP
aEKJ9AS/13131,1,0.19476818433431645,0.7981436252593994,0.0940547585487365,TP
aEKJ9AS/1314,1,0.8108589975932939,0.7600318789482117,0.6675348803400993,TP
aEKJ9AS/13140,1,0.9951653679329724,0.998333752155304,0.998333752155304,TP
aEKJ9AS/13144,0,0.02941593679792932,0.5181124806404114,0.5181124806404114,FP
aEKJ9AS/13147,1,0.4776216182753751,0.9398010969161988,0.0580592155456544,TP
aEKJ9AS/13154,1,0.6391527237484884,0.8911685347557068,0.3823662996292114,TP
aEKJ9AS/13173,0,0.0031008230990794347,0.8901536464691162,0.0573601126670837,TP
aEKJ9AS/13174,1,0.21311902435061783,0.8411195874214172,0.0881792902946472,TP
aEKJ9AS/13175,1,0.0017570318177458541,0.9221715927124025,0.0456973314285279,TP
aEKJ9AS/13177,0,1.617873968571184e-05,1.0,1.7285346983753058e-06,TP
aEKJ9AS/13178,1,0.4132354665670519,0.7213130593299866,0.0095500946044921,TP
aEKJ9AS/13183,1,0.6406631344942249,0.9826935529708862,0.622840017080307,TP
aEKJ9AS/13194,0,0.06286836478586082,0.700700581073761,0.0379121899604797,FP
aEKJ9AS/13199,0,0.0006810146518726309,0.9408202767372132,0.1543728709220887,TP
aEKJ9AS/132,1,0.8037540051968487,0.94805908203125,0.7517746686935425,TP
aEKJ9AS/13200,1,0.04491566462189426,0.936941623687744,0.2473791241645812,TP
aEKJ9AS/13202,1,0.5654118061861858,0.9708118438720704,0.1207512617111207,TP
aEKJ9AS/13206,1,0.9382327596393252,0.9095335602760316,0.9095335602760316,TP
aEKJ9AS/13211,0,0.8844771247113055,0.8123530149459839,0.1373303532600402,TP
aEKJ9AS/13212,1,0.24284358933386418,0.7228184342384338,0.1089570522308349,TP
aEKJ9AS/13221,1,0.10889833262861034,0.8139064311981201,0.0743868350982666,TP
aEKJ9AS/13224,0,0.21029985037152002,0.8370063900947571,0.3984996378421784,FP
aEKJ9AS/13225,1,0.3620602179846867,0.6182774901390076,0.1544007956981659,TP
aEKJ9AS/13233,0,0.026629287690762882,0.7647833228111267,0.2855111658573151,FP
aEKJ9AS/13235,1,0.005109025293843575,0.9407661557197572,0.0261539816856384,TP
aEKJ9AS/13237,1,0.9901051630980828,0.9883983135223388,0.9883983135223388,TP
aEKJ9AS/13238,1,0.19331214238114205,0.9011632800102234,0.1452521681785583,TP
aEKJ9AS/13239,1,0.055040219660525296,0.9819510579109192,0.0589151382446287,TP
aEKJ9AS/13240,1,0.0010031426886054665,0.8653962016105652,0.0158022046089172,TP
aEKJ9AS/13245,1,0.45889582132061285,0.936886429786682,0.2180408239364623,TP
aEKJ9AS/13251,1,0.050017433253506216,0.9999672770500184,0.2933457493782044,TP
aEKJ9AS/13259,0,0.4808035436643326,0.9649746417999268,0.1348964571952819,TP
aEKJ9AS/13263,1,0.03530747862587891,0.86646568775177,0.0,TP
aEKJ9AS/13265,1,0.7201885666569813,0.9306423664093018,0.7077293097972871,TP
aEKJ9AS/13266,0,0.019704214803382608,0.9781599044799804,0.0969804525375365,FP
aEKJ9AS/1327,1,0.26085347141772197,0.5728287696838379,0.3193083107471466,TP
aEKJ9AS/13270,1,0.39041623950673915,0.7280060648918152,0.0190407037734985,TP
aEKJ9AS/13283,0,0.00016545142693819703,0.4804723262786865,0.0468184053897858,FP
aEKJ9AS/13289,1,0.3152049507386185,0.7945596575737,0.0318458676338195,TP
aEKJ9AS/13292,1,0.14535587375810094,0.9998757243156432,0.1887835264205931,TP
aEKJ9AS/13293,1,0.0066129920103952106,0.9149030447006226,0.0020058751106261,TP
aEKJ9AS/13296,0,0.006078796405204261,0.8443330526351929,0.0088696479797363,TP
aEKJ9AS/13304,1,0.07514485598356166,0.7805110812187195,0.1297289133071899,TP
aEKJ9AS/13316,0,0.0010025978759772372,0.8424262404441833,0.0539307594299316,FP
aEKJ9AS/13318,0,0.009905337376112655,0.8908545970916748,0.5387612581253052,FP
aEKJ9AS/13322,1,0.007859816430647879,0.7307618260383606,0.0167811512947082,TP
aEKJ9AS/13329,1,0.08191250442839489,0.9178850650787354,0.0794832110404968,TP
aEKJ9AS/13331,0,0.3805482041839133,0.9101117849349976,0.034827709197998,TP
aEKJ9AS/13333,0,0.857556425622653,0.8670778274536133,0.3849796354770661,FP
aEKJ9AS/13336,0,0.006793863662615805,0.9523302316665648,0.0,TP
aEKJ9AS/13338,0,0.9859455324756023,0.8863118290901184,0.7068648785352707,TP
aEKJ9AS/13339,1,0.5059004331769678,0.7828945517539978,0.5032907128334045,TP
aEKJ9AS/13343,0,0.0115408050095649,0.9496194124221802,0.0918769240379333,FP
aEKJ9AS/13366,0,0.8502525463113562,0.797225832939148,0.2010290622711181,TP
aEKJ9AS/13368,1,0.13366798867895194,0.5174211859703064,0.1289581656455994,TP
aEKJ9AS/13371,1,0.9539547008865186,0.9130799770355223,0.7706305384635924,TP
aEKJ9AS/13375,1,0.010555385885373251,0.9288637042045592,0.5826288461685181,TP
aEKJ9AS/13391,1,0.4421379708574195,0.9485711455345154,0.0183265209197998,TP
aEKJ9AS/13397,0,0.00016257827080472663,0.965579092502594,0.0027124285697935,FP
aEKJ9AS/13399,1,0.7634902488105904,0.922167181968689,0.146668791770935,TP
aEKJ9AS/13401,1,0.3614293952873889,0.7638825178146362,0.1467501521110534,TP
aEKJ9AS/13406,0,0.039608992929017414,0.7559366822242737,0.0736180543899536,FP
aEKJ9AS/13407,0,0.013106169738742944,0.8747698068618774,0.0023456215858459,FP
aEKJ9AS/13416,1,0.013769003393183649,0.9999287128448486,0.229558527469635,TP
aEKJ9AS/13417,1,0.0219327772851539,0.7136173844337463,0.3602355420589447,TP
aEKJ9AS/13421,1,0.907166661188703,0.9372962117195128,0.7259418368339539,TP
aEKJ9AS/13422,1,0.3343250327844325,0.923058032989502,0.8458309844136238,TP
aEKJ9AS/13428,0,5.099312498116014e-05,0.9666603803634644,0.0314716100692747,TP
aEKJ9AS/13430,0,0.2565687223043964,0.8213168382644653,0.3518470227718353,FP
aEKJ9AS/13439,1,0.6912918205146377,0.8350145220756531,0.3783061802387237,TP
aEKJ9AS/13445,0,0.3010382382307204,0.8028721213340759,0.4010111689567566,FP
aEKJ9AS/13452,1,0.2415061078240992,0.8766005039215088,0.0218983888626098,TP
aEKJ9AS/13455,1,0.3211390970664805,0.7780265212059021,0.0050229430198669,TP
aEKJ9AS/13459,0,0.8315263209392401,0.9203434586524964,0.1651320457458497,TP
aEKJ9AS/13461,1,0.5648605999621329,0.7251195907592773,0.5352204293012619,TP
aEKJ9AS/13466,0,0.024343983077209117,0.7268081903457642,0.1036199331283569,FP
aEKJ9AS/13477,1,0.4126063602925464,0.6978094577789307,0.0002325773239135,TP
aEKJ9AS/13482,1,0.0038077214176344028,0.8082364797592163,0.0992299318313598,TP
aEKJ9AS/13483,1,0.9061246863029117,0.8320997953414917,0.7768001928925515,TP
aEKJ9AS/13522,1,0.30499867349756665,0.959031343460083,0.2697404623031616,TP
aEKJ9AS/13523,1,0.003788670051002588,0.8822935819625854,0.5408863127231598,TP
aEKJ9AS/13524,1,0.34327638506084496,0.8933819532394409,0.2463182210922241,TP
aEKJ9AS/13529,0,0.13316687029549595,0.560635507106781,0.0056289434432983,FP
aEKJ9AS/13539,0,0.22174822348879666,0.715842604637146,0.0219476222991943,FP
aEKJ9AS/13562,0,0.004794234134061085,0.8471641540527344,0.0090935826301574,FP
aEKJ9AS/13563,0,0.24682021579026986,0.7606953382492065,0.2716361880302429,FP
aEKJ9AS/13574,1,0.7242552147386033,0.9244340062141418,0.367701768875122,TP
aEKJ9AS/13584,1,0.014498214177401839,0.9701390266418456,0.3304881453514098,TP
aEKJ9AS/136,1,0.5827284953732952,0.7501848936080933,0.1444067955017089,TP
aEKJ9AS/13601,0,0.007408045369559386,0.9247063398361206,0.0092297196388245,FP
aEKJ9AS/13602,0,0.00015439482277658628,0.9678064584732056,0.1366758346557617,FP
aEKJ9AS/13603,0,0.0009355870585223556,0.9693849682807922,0.1415321230888366,FP
aEKJ9AS/13604,1,0.5734759471962286,0.9563893675804138,0.6142627000808716,TP
aEKJ9AS/1368,0,0.9894067511159562,0.898576557636261,0.8646426089107991,TP
aEKJ9AS/1369,1,0.6037931065916545,0.9115688800811768,0.478611707687378,TP
aEKJ9AS/1370,1,0.8434558654419958,0.9250738620758056,0.6440567076206207,TP
aEKJ9AS/1371,1,0.8376342744407628,0.9231399297714232,0.6470076739788054,TP
aEKJ9AS/1372,0,0.043571225356917445,0.8792539834976196,0.0244482159614563,TP
aEKJ9AS/1375,0,0.7062777335058499,0.847248911857605,0.0,TP
aEKJ9AS/1376,0,0.18630231671576192,0.7529615163803101,0.4442672729492187,FP
aEKJ9AS/1377,1,0.595793941096453,0.9377310872077942,0.1924194693565368,TP
aEKJ9AS/1378,1,0.9070224591400943,0.9919097423553468,0.6692358553409579,TP
aEKJ9AS/1380,0,0.021975886653462784,0.9204413294792176,0.154193937778473,FP
aEKJ9AS/1381,1,0.06408491687943851,0.7575294971466064,0.1237750053405761,TP
aEKJ9AS/1385,1,0.0001239111331816134,0.8114545345306396,0.0093899369239807,TP
aEKJ9AS/1386,1,0.3232979530749451,0.7578588128089905,0.1612213850021362,TP
aEKJ9AS/1394,1,0.16714232123736586,0.8893634080886841,0.1050075888633728,TP
aEKJ9AS/140,1,0.8539832565597644,0.9187838435173036,0.8090231269598008,TP
aEKJ9AS/1402,1,0.3192012552009221,0.6980912685394287,0.0951482653617858,TP
aEKJ9AS/1404,1,0.0031296115587514176,0.8516915440559387,0.2035620212554931,TP
aEKJ9AS/1406,1,0.7416094534447447,0.9446009397506714,0.6469034254550934,TP
aEKJ9AS/1407,1,0.12542476988258022,0.8049659729003906,0.1006959676742553,TP
aEKJ9AS/1408,1,0.15196707989768554,0.931114912033081,0.0071632266044616,TP
aEKJ9AS/1409,1,0.26487003279152144,0.5649956464767456,0.159142404794693,TP
aEKJ9AS/141,1,0.8267925442906703,0.9394134879112244,0.7285716682672501,TP
aEKJ9AS/1411,0,0.002726012197715765,0.617133617401123,0.0021460056304931,FP
aEKJ9AS/1413,1,0.23959344882170613,0.867964506149292,0.0573452711105346,TP
aEKJ9AS/1415,0,0.0002292915440428901,0.7736591100692749,0.0498544573783874,FP
aEKJ9AS/142,1,0.1395533223099332,0.8916365504264832,0.2018958330154419,TP
aEKJ9AS/1421,0,0.1288755248630457,0.9048500061035156,0.0539163351058959,FP
aEKJ9AS/1426,1,0.4008759628762751,0.90247905254364,0.0714241862297057,TP
aEKJ9AS/1428,1,0.5436035256632357,0.7321834564208984,0.0223003029823303,TP
aEKJ9AS/1431,0,0.007499384322238564,0.7621946334838867,0.0013940930366516,TP
aEKJ9AS/1437,0,0.9775117732846281,0.8948417901992798,0.6899682134389877,FP
aEKJ9AS/1439,1,0.6510429828475858,0.7529257535934448,0.3065152764320374,TP
aEKJ9AS/144,0,0.004640011358088875,0.8826109170913696,0.0650899410247802,FP
aEKJ9AS/145,1,0.280428219256335,0.9131668210029602,0.306365430355072,TP
aEKJ9AS/1454,1,0.36875763595819877,0.925279438495636,0.0153657197952271,TP
aEKJ9AS/1466,1,0.007013669868765337,0.8308921456336975,0.041745901107788,TP
aEKJ9AS/1467,1,0.008870376055320931,0.8497044444084167,0.2806453704833984,TP
aEKJ9AS/1470,0,0.00024879723097613154,0.9518876671791076,0.0207863450050351,FP
aEKJ9AS/1473,0,0.12172033246441794,0.8229042291641235,0.1020092368125915,FP
aEKJ9AS/1484,1,0.031439331637809355,0.6705582141876221,0.0209895968437194,TP
aEKJ9AS/1489,1,0.41120951198586914,0.967819094657898,0.1081253290176391,TP
aEKJ9AS/1491,1,0.0012144578238515206,0.963906228542328,0.0175552368164063,TP
aEKJ9AS/1493,1,0.20969292713462928,0.6155521869659424,0.0545971989631652,TP
aEKJ9AS/1496,1,0.24035690560001807,0.9610853791236876,0.2463375329971312,TP
aEKJ9AS/1499,1,0.7534617796926768,0.902304232120514,0.58530992269516,TP
aEKJ9AS/1500,1,0.0375784681557861,0.9603478312492372,0.0961228609085084,TP
aEKJ9AS/1508,1,0.00781708950998575,0.8259902596473694,0.5179949104785919,TP
aEKJ9AS/1509,1,0.002550842751916067,0.882431149482727,0.3311829566955566,TP
aEKJ9AS/151,0,0.0006610125246431454,0.6551101207733154,0.1409042477607727,FP
aEKJ9AS/1511,0,0.787808457840668,0.6741077303886414,0.2844384610652923,TP
aEKJ9AS/1514,0,0.6799384500135035,0.652912974357605,0.0524386167526245,TP
aEKJ9AS/1516,1,0.51031336672482,0.9737606644630432,0.0461427569389344,TP
aEKJ9AS/1517,1,0.8475080934632359,0.8583908677101135,0.5376327037811279,TP
aEKJ9AS/1522,1,0.06344198740381049,0.8707529306411743,0.0663960576057434,TP
aEKJ9AS/1523,1,0.993476217808941,0.6382259726524353,0.6382259726524353,TP
aEKJ9AS/1524,1,0.7275150301613779,0.8855559825897217,0.8195109441876411,TP
aEKJ9AS/1525,0,0.00292916132394798,0.7991656064987183,0.0024558901786804,FP
aEKJ9AS/1526,1,0.14692817461510516,0.9523980021476746,0.0006215572357177,TP
aEKJ9AS/1527,0,0.004838051851193695,0.907021462917328,0.1604664325714112,TP
aEKJ9AS/1528,0,0.9851315524656623,0.8259773850440979,0.7783140540122986,FP
aEKJ9AS/1530,0,0.7555104163639502,0.9473227858543396,0.0305888056755065,TP
aEKJ9AS/1531,1,0.03714392389699632,0.999600887298584,0.005753457546234,TP
aEKJ9AS/1533,0,0.009494011868935299,0.8196431398391724,0.0734868049621582,FP
aEKJ9AS/1534,0,0.9148658252418354,0.8385341763496399,0.5065696239471436,TP
aEKJ9AS/1536,1,0.3337590528960451,0.9809696078300476,0.64398393034935,TP
aEKJ9AS/1537,0,0.006436406403683946,0.5469408631324768,0.3831898719072342,FP
aEKJ9AS/1538,1,0.3757089541939465,0.9207965731620787,0.0767189860343932,TP
aEKJ9AS/1539,1,0.026205722779063488,0.679958164691925,0.0287702679634094,TP
aEKJ9AS/1545,1,0.9947459967743005,0.9393252730369568,0.9393252730369568,TP
aEKJ9AS/1549,0,0.7425122759109216,0.953027069568634,0.0070134401321412,TP
aEKJ9AS/1550,0,0.012476323015283999,0.7134069800376892,0.0073742866516113,FP
aEKJ9AS/1551,1,0.4354964474565607,0.9011352062225342,0.0915582776069641,TP
aEKJ9AS/1553,1,0.5517127427961035,0.9146960377693176,0.0089291930198668,TP
aEKJ9AS/1555,0,0.9637394402624576,0.9026689529418944,0.6703833490610123,FP
aEKJ9AS/1565,1,0.613962348145085,0.9542410373687744,0.1516414880752563,TP
aEKJ9AS/1571,0,0.054015206485798384,0.7378426790237427,0.0543080568313598,FP
aEKJ9AS/1572,0,0.00019518555491749207,0.97720605134964,0.0033666491508483,FP
aEKJ9AS/1575,1,0.4195325367044551,0.776569664478302,0.3693800270557404,TP
aEKJ9AS/1581,1,0.15510079725236792,0.847588062286377,0.0822744369506836,TP
aEKJ9AS/1586,1,0.8709840841778391,0.934415876865387,0.627765029668808,TP
aEKJ9AS/1588,1,0.3553556433285353,0.8473404049873352,0.5860398709774017,TP
aEKJ9AS/1589,1,0.0013444646544592575,0.961938202381134,0.4565094709396362,TP
aEKJ9AS/1593,1,0.35579835513035507,0.5678406953811646,0.2374477386474609,TP
aEKJ9AS/160,0,0.6050534389439155,0.5780841112136841,0.0286809206008911,TP
aEKJ9AS/1606,0,0.0009152657997023598,0.9400702714920044,6.622076034557e-05,FP
aEKJ9AS/1617,1,0.0027282770261196237,0.908595323562622,0.5743022561073303,TP
aEKJ9AS/1620,1,0.10816369112146963,0.721752405166626,0.0033429861068725,TP
aEKJ9AS/1626,1,0.4230106447220119,0.9101828336715698,0.2682341933250427,TP
aEKJ9AS/1631,0,0.08161293557137662,0.6831113696098328,0.0231707096099853,TP
aEKJ9AS/1634,0,0.8471515915901939,0.7282366156578064,0.2644024193286896,TP
aEKJ9AS/1635,0,0.09381573902788205,0.8834007382392883,0.0022211670875549,TP
aEKJ9AS/1636,1,0.9687830836454745,0.8786365985870361,0.8786365985870361,TP
aEKJ9AS/1637,1,0.07290156247115176,0.7564212083816528,0.1409498453140258,TP
aEKJ9AS/1640,0,0.8844076458745788,0.6668657064437866,0.2865073680877686,TP
aEKJ9AS/1641,0,0.7151380361740909,0.5627150535583496,0.2942806780338287,TP
aEKJ9AS/1646,1,0.005911659051367836,0.8919275999069214,0.1043945550918579,TP
aEKJ9AS/1648,1,0.5488135161994266,0.951566755771637,0.6615148782730103,TP
aEKJ9AS/1652,1,0.0030916855653154965,0.9968778491020204,0.2237462997436524,TP
aEKJ9AS/1657,0,0.0022817056005277926,0.509820282459259,0.3712401837110519,FP
aEKJ9AS/1658,0,0.0006190780660091591,0.7970907688140869,0.2382227182388305,FP
aEKJ9AS/1665,0,0.6192095019707942,0.5606781840324402,0.0827803611755371,TP
aEKJ9AS/1668,0,0.4358437808154151,0.864096999168396,0.2582117319107055,TP
aEKJ9AS/1674,1,0.7440281224250703,0.9984727501869202,0.7195080518722534,TP
aEKJ9AS/1675,0,0.008131587923338974,0.7925611138343811,0.1648809313774109,FP
aEKJ9AS/1679,0,0.003914862175183993,0.7492985129356384,0.0651617646217346,FP
aEKJ9AS/1682,0,0.1058208708865946,0.8405707478523254,0.035307765007019,FP
aEKJ9AS/1688,0,0.020676417927338545,0.999691903591156,0.0942006707191468,FP
aEKJ9AS/1696,1,0.1895581728702751,0.823021411895752,0.4014807939529419,TP
aEKJ9AS/1701,0,0.8321419239714255,0.7512980103492737,0.2575863003730774,TP
aEKJ9AS/1707,0,0.001521765546087249,0.8006426692008972,0.0,FP
aEKJ9AS/1738,0,0.18347079372995762,0.7037058472633362,0.0968320965766906,FP
aEKJ9AS/1740,0,0.000542765903136001,0.9163564443588256,0.0538740158081053,FP
aEKJ9AS/1745,0,0.005092613405225643,0.9981670379638672,0.1338583827018737,FP
aEKJ9AS/1746,0,0.0012815564940140427,0.7774016857147217,0.0334886312484741,FP
aEKJ9AS/1749,0,0.007814570490403943,0.7250887155532837,0.2589991092681885,FP
aEKJ9AS/1754,0,0.001719050517690517,0.7427663803100586,0.0291510224342346,FP
aEKJ9AS/1765,1,0.1718939651237436,0.8215758800506592,0.0230728387832641,TP
aEKJ9AS/177,1,0.17407097318323667,0.8070454597473145,0.0816167593002319,TP
aEKJ9AS/1777,1,0.34447296692192236,0.9061680436134338,0.0525987148284912,TP
aEKJ9AS/1778,0,0.00010051023652942907,0.9076269268989564,0.0016843080520632,FP
aEKJ9AS/1791,1,0.003888279183103356,0.7958397269248962,0.1114031076431274,TP
aEKJ9AS/1798,0,0.00025334600325108316,0.9218971729278564,0.0135811567306518,FP
aEKJ9AS/18,0,0.00934477612275387,0.9531146287918092,0.0621485114097596,TP
aEKJ9AS/1809,0,0.0025404701255918377,0.8765853643417358,0.5800703763961792,FP
aEKJ9AS/1811,1,0.785531044470195,0.9211538434028624,0.8042304590344428,TP
aEKJ9AS/1834,1,0.4648267932747616,0.9515132904052734,0.2959496974945068,TP
aEKJ9AS/1841,1,0.5593902890335712,0.8131434917449951,0.1921764016151428,TP
aEKJ9AS/1844,1,0.22899993177528666,0.937430202960968,0.0146939158439636,TP
aEKJ9AS/1852,0,0.970306471300971,0.903988003730774,0.6715457141399386,TP
aEKJ9AS/1878,1,0.9619503677057709,0.9624782204627992,0.9624782204627992,TP
aEKJ9AS/1880,1,0.24915846565385302,0.8427498936653137,0.0570282936096191,TP
aEKJ9AS/1883,1,0.5667780852889038,0.9492514729499816,0.2011817693710326,TP
aEKJ9AS/1896,0,8.924055005058656e-05,0.8588660955429077,0.0211307406425476,TP
aEKJ9AS/1898,1,0.5400771942985904,0.965877890586853,0.001823604106903,TP
aEKJ9AS/190,1,0.0033291514488996772,0.6176488995552063,0.0005422830581665,TP
aEKJ9AS/1903,0,0.6038603919675471,0.9567696452140808,0.0244168639183044,TP
aEKJ9AS/1907,0,0.32681163681561193,0.8773709535598755,0.1993528008460998,TP
aEKJ9AS/1908,1,0.19664095560616968,0.997014045715332,0.0579856634140014,TP
aEKJ9AS/1915,1,0.04226196192981702,0.7204367518424988,0.0565396547317504,TP
aEKJ9AS/1920,1,0.49253596944422373,0.9563375115394592,0.0180408358573912,TP
aEKJ9AS/1922,1,0.001564136605169951,0.6977617144584656,0.1354079842567443,TP
aEKJ9AS/1931,1,0.2789915573100472,0.9437944889068604,0.0126166343688963,TP
aEKJ9AS/1933,0,0.8070174684875754,0.801214873790741,0.2233971357345581,TP
aEKJ9AS/1934,0,0.5752504975300494,0.7781254053115845,0.1598062515258789,TP
aEKJ9AS/1947,1,0.14452327268681106,0.6782875061035156,0.2019425928592682,TP
aEKJ9AS/1952,0,0.47143038333940923,0.9285836219787598,0.0464230179786682,TP
aEKJ9AS/1953,1,0.1973900705818356,0.8337790966033936,0.4065935015678406,TP
aEKJ9AS/1954,1,0.5480651449860898,0.943376123905182,0.0134022235870362,TP
aEKJ9AS/1957,0,0.0001926477711365702,0.9750251770019532,0.0063972473144532,TP
aEKJ9AS/1959,1,0.36797718147652037,0.9712368249893188,0.0489537119865416,TP
aEKJ9AS/1966,1,0.4090165864987792,0.9172957539558412,0.5694168508052828,TP
aEKJ9AS/1971,1,0.7235878301803006,0.9527990221977234,0.6904253661632538,TP
aEKJ9AS/1972,1,0.09129964896668816,0.7557118535041809,0.0060439109802246,TP
aEKJ9AS/1973,0,0.1509122847129306,0.8111851215362549,0.0406587123870849,TP
aEKJ9AS/1974,1,0.8669376589701665,0.9010230898857116,0.6153942346572875,TP
aEKJ9AS/1975,0,0.10299715195641934,0.794789731502533,0.0443222522735595,FP
aEKJ9AS/1976,0,0.4142208441377431,0.8213455080986023,0.029900848865509,TP
aEKJ9AS/1977,1,0.11046990891743527,0.9087126851081848,0.0158085227012634,TP
aEKJ9AS/1978,1,0.540195817811542,0.9504643082618712,0.2465146183967589,TP
aEKJ9AS/1979,1,0.8450601921202667,0.9207603931427002,0.7381955236196518,TP
aEKJ9AS/1980,1,0.3460878988785237,0.9390900135040284,0.0234882831573488,TP
aEKJ9AS/1981,0,0.005131818154709197,0.8076958060264587,8.666515350341797e-05,TP
aEKJ9AS/1982,0,4.964397831823948e-05,0.9988511800765992,0.0302705764770507,FP
aEKJ9AS/1983,1,0.18490043468842293,0.9940327405929564,0.0279422998428344,TP
aEKJ9AS/1984,0,0.0001185265963623269,0.8295368552207947,0.0027671456336975,FP
aEKJ9AS/1989,1,0.12194737462287505,0.8600695133209229,0.0273821949958801,TP
aEKJ9AS/1994,1,0.16720450492575403,0.8192674517631531,0.5674728155136108,TP
aEKJ9AS/1999,0,0.8831466300895071,0.7921583652496338,0.4089789688587188,FP
aEKJ9AS/2001,1,0.003449818686722599,0.9435004591941832,0.3834558129310607,TP
aEKJ9AS/2002,0,0.7280403039616898,0.8232234716415405,0.0440964102745056,TP
aEKJ9AS/2003,1,0.3588944375097365,0.7737128138542175,0.2396624088287353,TP
aEKJ9AS/2004,1,0.0932909896950186,0.9253281950950624,0.0356903672218323,TP
aEKJ9AS/2005,1,0.3381477253360773,0.9237189292907716,0.0073058009147644,TP
aEKJ9AS/2013,1,0.03642749465049654,0.6517658233642578,0.1953864991664887,TP
aEKJ9AS/2014,1,0.22840870156436868,0.6405906677246094,0.0612993836402893,TP
aEKJ9AS/2023,1,0.23986247900267027,0.9992518424987792,0.241877496242523,TP
aEKJ9AS/2024,1,0.0009239132084385797,0.6708786487579346,0.0889779329299926,TP
aEKJ9AS/2025,1,0.43528042820436713,0.9396762251853944,0.2269439101219178,TP
aEKJ9AS/2026,1,0.2965391159376272,0.7465593814849854,0.1235317587852478,TP
aEKJ9AS/2028,0,0.9219262038279725,0.8866424560546875,0.5382077097892761,FP
aEKJ9AS/2030,1,0.7048007977493418,0.9046306014060974,0.3761264085769653,TP
aEKJ9AS/2032,1,0.007059529866575004,0.9998977780342102,0.0019612312316894,TP
aEKJ9AS/204,0,0.22126731437997357,0.9721335768699646,0.0903512835502624,FP
aEKJ9AS/2040,1,0.3404964379018187,0.834174633026123,0.007656991481781,TP
aEKJ9AS/2043,1,0.21472234783612135,0.581858217716217,0.2132482528686523,TP
aEKJ9AS/2045,0,0.8980782676940581,0.8303905129432678,0.4868976473808289,FP
aEKJ9AS/2046,0,0.689507063497206,0.6391752362251282,0.0,TP
aEKJ9AS/2047,1,0.37639069265525954,0.6457605957984924,0.2570695281028747,TP
aEKJ9AS/2049,0,0.981709457445311,0.7570893168449402,0.7570893168449402,TP
aEKJ9AS/205,1,0.8126219436871616,0.8757374882698059,0.8757374882698059,TP
aEKJ9AS/2055,0,8.270418087211084e-05,0.7577800750732422,0.0003190636634826,FP
aEKJ9AS/2060,0,0.007009134713668196,0.8644378781318665,0.2847383618354797,FP
aEKJ9AS/2062,0,0.0007761970902372059,0.7655130624771118,0.3043904602527618,FP
aEKJ9AS/2070,1,0.5865795721559347,0.9071490168571472,0.9071490168571472,TP
aEKJ9AS/2072,0,0.011233504983911428,0.943394660949707,2.1100044250599304e-05,TP
aEKJ9AS/2082,0,0.20358661847844592,0.8460594415664673,0.1798307299613952,FP
aEKJ9AS/2083,1,0.01354844022989107,0.9686022400856018,0.1179255843162536,TP
aEKJ9AS/2086,1,0.9709167172337851,0.9360401034355164,0.8063527345657349,TP
aEKJ9AS/2087,1,0.2242582944397157,0.8509501814842224,0.0556407570838928,TP
aEKJ9AS/2088,1,0.5913461355949013,0.8203586935997009,0.3753738701343536,TP
aEKJ9AS/2090,1,0.01344130751343073,0.9999997615814208,0.6030177175998687,TP
aEKJ9AS/2092,1,0.6487104752462911,0.8898735642433167,0.3737177848815918,TP
aEKJ9AS/2095,1,0.464129676282835,0.9446072578430176,0.0004909634590147,TP
aEKJ9AS/2097,1,0.0657740621851479,0.8564517498016357,0.8564517498016357,TP
aEKJ9AS/2098,1,0.8485561680770523,0.928905427455902,0.684710755944252,TP
aEKJ9AS/2099,1,0.5427223646621769,0.9559603929519652,0.0239492654800413,TP
aEKJ9AS/21,1,0.3980287862475183,0.8956915140151978,0.2494187355041504,TP
aEKJ9AS/210,1,0.2787256179106051,0.8254883885383606,0.0691167712211608,TP
aEKJ9AS/2100,1,0.38317729539679335,0.9491707682609558,0.0084571242332458,TP
aEKJ9AS/2108,1,0.5880118373363039,0.8825045228004456,0.004678726196289,TP
aEKJ9AS/211,1,0.273141143411407,0.8379201292991638,0.5011212825775146,TP
aEKJ9AS/2119,1,0.016982035889655207,0.9013257622718812,0.0776125192642213,TP
aEKJ9AS/2120,1,0.491921639066756,0.7836428284645081,0.0672999024391174,TP
aEKJ9AS/2121,0,0.0001533103838139886,0.789539098739624,0.0542390942573547,FP
aEKJ9AS/2122,1,0.05560474286090717,0.9340544939041138,0.2384079098701477,TP
aEKJ9AS/2123,1,0.006051345516027066,0.9322187304496764,0.4631071388721465,TP
aEKJ9AS/2124,1,0.07223777448809222,0.9436553716659546,0.2136918902397155,TP
aEKJ9AS/2135,0,0.3378970323184954,0.6070515513420105,0.058573842048645,TP
aEKJ9AS/2138,1,0.30677607799749107,0.8768476843833923,0.0088348388671875,TP
aEKJ9AS/214,1,0.8594779525887315,0.9258248805999756,0.761218711733818,TP
aEKJ9AS/2144,1,0.2841891602242189,0.8948556184768677,0.0173302292823791,TP
aEKJ9AS/2145,1,0.27569639800655604,0.8000302910804749,0.0272188186645507,TP
aEKJ9AS/2149,0,0.2783579592622359,0.6894245743751526,0.2213078737258911,TP
aEKJ9AS/2151,1,0.10649913043067374,0.7736582159996033,0.0455341935157775,TP
aEKJ9AS/2152,1,0.24049126856468792,0.8361062407493591,0.145016610622406,TP
aEKJ9AS/2154,1,0.16758252822702832,0.890238344669342,0.2223509550094604,TP
aEKJ9AS/2156,1,0.28428183205605445,0.7979071736335754,0.0133587718009948,TP
aEKJ9AS/2158,0,2.820775575348216e-05,0.8455362319946289,0.0060739517211914,FP
aEKJ9AS/2159,1,0.2592084095957664,0.9789232611656188,0.1932848095893858,TP
aEKJ9AS/2161,1,0.1764058090239273,0.9435768127441406,0.5592069327831268,TP
aEKJ9AS/2162,1,0.1836288443446693,0.8122566938400269,0.2271439433097839,TP
aEKJ9AS/2164,1,0.3644622284061557,0.9370436668395996,0.0139756798744201,TP
aEKJ9AS/217,1,0.021654989178457672,0.8904053568840027,0.3915992379188537,TP
aEKJ9AS/2175,1,0.9778900536868084,0.9736173748970032,0.9736173748970032,TP
aEKJ9AS/2176,1,0.0011633259235515672,0.8396393656730652,0.0099354982376098,TP
aEKJ9AS/2177,1,0.47228965538578305,0.9560761451721193,0.0,TP
aEKJ9AS/2178,0,0.0004448028318978189,0.8139346241950989,0.00928395986557,TP
aEKJ9AS/2182,1,0.005591478841260963,1.0,0.3326062560081482,TP
aEKJ9AS/2186,0,0.0003957303383908766,0.7170044183731079,0.0349352955818176,FP
aEKJ9AS/2188,1,0.29212379319163523,0.7650924921035767,0.071024477481842,TP
aEKJ9AS/2191,1,0.719066453030813,0.7855402827262878,0.6786177009344101,TP
aEKJ9AS/2195,0,0.022085587316191035,0.8650561571121216,0.2901182770729065,FP
aEKJ9AS/22,1,0.06271678342239141,0.7615777254104614,0.4851962924003601,TP
aEKJ9AS/2201,1,0.33125903132480994,0.9247174263000488,0.4887102544307709,TP
aEKJ9AS/2204,1,0.8834260996760651,0.9270972013473512,0.7986142039299013,TP
aEKJ9AS/2205,1,0.9733708507640967,0.9485902190208436,0.8655212968587878,TP
aEKJ9AS/2206,1,0.9111818809557622,0.9470494389533995,0.8172496259212494,TP
aEKJ9AS/2207,1,0.9743021341857967,0.9198118448257446,0.8385240286588669,TP
aEKJ9AS/2208,1,0.7841975663796248,0.9056012630462646,0.5764999389648438,TP
aEKJ9AS/2209,0,5.130986309340447e-07,0.4847582876682281,0.0183481574058532,TP
aEKJ9AS/2218,1,0.6528941321203399,0.9301499724388124,0.2301941514015199,TP
aEKJ9AS/2219,1,0.33395418774711383,0.9336646795272828,0.1584259271621705,TP
aEKJ9AS/2223,1,0.45455166364965954,0.7648823857307434,0.2077268958091735,TP
aEKJ9AS/2230,1,0.322948737006665,0.829579770565033,0.0901901721954345,TP
aEKJ9AS/2232,0,0.4766502718598756,0.8677400350570679,0.0203736424446105,TP
aEKJ9AS/2234,0,0.10636815040947009,0.9347309470176696,0.3650599718093871,FP
aEKJ9AS/224,0,0.834538612011414,0.7728365659713745,0.3296784162521362,TP
aEKJ9AS/2240,1,0.12987234030273154,0.9181066751480104,0.0898821353912354,TP
aEKJ9AS/2242,1,0.5953403949864251,0.9633926749229432,0.4491524100303651,TP
aEKJ9AS/2243,1,0.3574846633042455,0.6898965835571289,0.0436612963676452,TP
aEKJ9AS/2246,1,0.6502530639968266,0.6403408646583557,0.6403408646583557,TP
aEKJ9AS/2253,1,0.26216287416137357,0.8960791826248169,0.3506066799163818,TP
aEKJ9AS/2255,0,0.019610731787177746,0.7847535610198975,0.0240429639816284,FP
aEKJ9AS/2260,0,0.32888461647578077,0.8513762950897217,0.0017299652099609,TP
aEKJ9AS/2262,1,0.0022374893531198112,0.9721454381942748,0.0506253838539123,TP
aEKJ9AS/2265,1,0.262428926583786,0.5783857107162476,0.0359387993812561,TP
aEKJ9AS/227,0,0.9885059388786119,0.8098385334014893,0.8098385334014893,TP
aEKJ9AS/2270,1,0.30858587389098885,0.7585271000862122,0.1075835824012756,TP
aEKJ9AS/2273,1,0.5456601478294938,0.8105486035346985,0.1419567465782165,TP
aEKJ9AS/2278,1,0.372794453416968,0.8335550427436829,0.1665242910385131,TP
aEKJ9AS/2280,0,0.06805477632098436,0.722143828868866,0.473946899175644,FP
aEKJ9AS/2291,1,0.02985052295395233,0.758370041847229,0.1137886047363281,TP
aEKJ9AS/2298,0,0.008464201229726175,0.7776161432266235,0.016402781009674,FP
aEKJ9AS/2299,1,0.3648364804967059,0.8007366061210632,0.377024233341217,TP
aEKJ9AS/2306,1,0.2060359566265176,0.9289945363998412,0.0144619345664975,TP
aEKJ9AS/2309,1,0.18936619415844605,0.844809353351593,0.2272244691848755,TP
aEKJ9AS/2322,1,0.0232305666941081,0.8820785880088806,0.5378565192222595,TP
aEKJ9AS/2324,1,0.6021910703436374,0.8860505223274231,0.8860505223274231,TP
aEKJ9AS/2334,1,0.23279439044728753,0.9060297608375548,0.0941401720046996,TP
aEKJ9AS/2335,0,0.9970470024498643,0.8071166276931763,0.8071166276931763,TP
aEKJ9AS/2336,0,0.005415182262892992,0.5478655099868774,0.0706717669963836,FP
aEKJ9AS/2339,0,0.0001512258394210509,0.738269567489624,0.0516206622123718,FP
aEKJ9AS/2341,0,0.8211040241828961,0.931650936603546,0.25582617521286,FP
aEKJ9AS/2342,1,0.1507555112329505,0.5909938812255859,0.0622617006301879,TP
aEKJ9AS/2345,1,0.5409474505710822,0.9299516677856444,0.0493721365928648,TP
aEKJ9AS/2349,0,0.8882398265773356,0.6811265349388123,0.2875268757343293,TP
aEKJ9AS/2350,1,0.31598054867815517,0.8718847036361694,0.3618188500404358,TP
aEKJ9AS/2380,0,0.8314999984125855,0.751006007194519,0.2559373080730438,TP
aEKJ9AS/2381,1,0.40897566324499335,0.723484218120575,0.0048511624336242,TP
aEKJ9AS/2386,1,0.13902189766887066,0.8246243596076965,0.0766375660896301,TP
aEKJ9AS/2388,1,0.09603607723537956,0.821980893611908,0.0002303719520568,TP
aEKJ9AS/2389,1,0.004147365276707662,0.7420511245727539,0.0037423968315124,TP
aEKJ9AS/2390,1,0.006493786305566884,0.7953001260757446,0.370829164981842,TP
aEKJ9AS/2392,1,0.8883965882211416,0.9305294752120972,0.7718374878168106,TP
aEKJ9AS/2393,0,0.6538225418490353,0.9994738698005676,0.0985977053642271,TP
aEKJ9AS/2403,1,0.07189235270094212,0.9025923609733582,0.238739013671875,TP
aEKJ9AS/2405,1,0.49051643943600093,0.784935712814331,0.0103609561920166,TP
aEKJ9AS/2409,1,0.29437982328914986,0.7826285362243652,0.0294590592384338,TP
aEKJ9AS/2411,0,0.009939452276937688,0.829940676689148,0.829940676689148,FP
aEKJ9AS/2414,1,0.2530494334408995,0.883405864238739,0.0203881859779357,TP
aEKJ9AS/2415,1,0.3876388991058741,0.8523118495941162,0.5060397088527679,TP
aEKJ9AS/2421,1,0.2915524305124004,0.8501123189926147,0.0325139760971069,TP
aEKJ9AS/2422,1,0.44644117208789236,0.7983766198158264,0.0213443040847778,TP
aEKJ9AS/2424,1,0.5117106548918628,0.9199939370155334,0.1325751543045044,TP
aEKJ9AS/2425,1,0.5201958823921246,0.8486502170562744,0.4389833807945252,TP
aEKJ9AS/2426,1,0.5945482930623023,0.921951413154602,0.2903743982315063,TP
aEKJ9AS/2429,1,0.3860041820641471,0.833258867263794,0.2604905962944031,TP
aEKJ9AS/2432,1,0.5391598795104003,0.8905752301216125,0.2016293406486511,TP
aEKJ9AS/2434,0,0.21839365024891877,0.8671508431434631,0.0589988231658935,TP
aEKJ9AS/2437,1,0.10727436201433388,0.8925759792327881,0.1276066899299621,TP
aEKJ9AS/2438,1,0.04587133099026747,0.9446691870689392,0.0541833639144897,TP
aEKJ9AS/2440,1,0.24247806765534693,0.9008429646492004,0.0633798837661743,TP
aEKJ9AS/2442,1,0.10172140365199152,0.932773768901825,0.0004490613937377,TP
aEKJ9AS/2443,1,0.22417182895145138,0.810278594493866,0.0162793397903442,TP
aEKJ9AS/2444,1,0.2457303944175599,0.8286449909210205,0.0575595498085022,TP
aEKJ9AS/2446,1,0.03536318178603654,0.7740804553031921,0.0107282996177673,TP
aEKJ9AS/2455,0,6.739495741295653e-05,0.7226809859275818,0.0032553672790527,FP
aEKJ9AS/2458,1,0.019465796966876236,0.9671462178230286,0.0042124390602111,TP
aEKJ9AS/2459,0,0.0074686206144689874,0.9789558053016664,0.0046001672744752,FP
aEKJ9AS/2461,1,0.007146472830313075,0.9423230886459352,0.3067228198051454,TP
aEKJ9AS/2462,0,0.002276299017734882,0.914023220539093,0.0262439250946044,TP
aEKJ9AS/2464,1,0.07100269393814274,0.6016985177993774,0.0581619143486022,TP
aEKJ9AS/2465,0,0.01591066491076208,0.8845003843307495,0.5555183589458466,FP
aEKJ9AS/2466,1,0.7965023392631873,0.8095083236694336,0.2313790321350097,TP
aEKJ9AS/2470,1,0.6461511088081158,0.7939179539680481,0.7079837918281556,TP
aEKJ9AS/2471,1,0.5092949271660773,0.8154492378234863,0.2230846881866455,TP
aEKJ9AS/2473,0,0.5718440710648907,0.7856396436691284,0.1534771919250488,FP
aEKJ9AS/2475,0,0.9954764204320669,0.775959312915802,0.6735944151878357,FP
aEKJ9AS/2489,0,0.023489899823058377,0.8375394344329834,0.4620738327503205,FP
aEKJ9AS/2490,1,0.3715104198279394,0.9494630694389344,0.2345178723335267,TP
aEKJ9AS/2491,0,0.19307998227732995,0.7370272278785706,0.091769278049469,TP
aEKJ9AS/2494,0,0.907340290460512,0.7338703274726868,0.3744165301322937,FP
aEKJ9AS/2501,0,8.325417640555066e-05,0.9097336530685424,0.0193707346916197,FP
aEKJ9AS/2502,1,0.1323446724861494,0.9982635378837584,0.1432455182075499,TP
aEKJ9AS/2519,0,0.7774950571681534,0.7255632281303406,0.2606512606143952,TP
aEKJ9AS/2525,1,0.035609846873167934,0.7196285128593445,0.0,TP
aEKJ9AS/2535,0,0.13800758149812342,0.9750548005104064,0.6971017718315125,FP
aEKJ9AS/2539,0,0.002228914108268372,0.9073578119277954,0.0008325576782226,FP
aEKJ9AS/2543,1,0.7871267875575536,0.8483704328536987,0.8483704328536987,TP
aEKJ9AS/2550,1,0.09362965568661949,0.8841933012008667,0.3997974991798401,TP
aEKJ9AS/2556,0,0.04606936353273861,0.9542774558067322,0.0013469457626341,FP
aEKJ9AS/2561,1,0.39186484193354004,0.9066995978355408,0.0415533185005188,TP
aEKJ9AS/257,0,0.0009224453160079765,0.9447922706604004,0.5165927112102509,FP
aEKJ9AS/2585,0,0.03873973793813932,0.8502408266067505,0.3419888615608215,FP
aEKJ9AS/2586,1,0.3368248046909063,0.995034158229828,0.080516278743744,TP
aEKJ9AS/2588,1,0.9857479629531922,0.999326765537262,0.999326765537262,TP
aEKJ9AS/2589,1,0.19499438881274103,0.8616083264350891,0.0270984768867492,TP
aEKJ9AS/2595,0,0.0009312080411056296,0.7522627115249634,0.0053997635841369,TP
aEKJ9AS/2599,1,0.0029244675964993014,0.7027837038040161,0.0134550929069519,TP
aEKJ9AS/2615,0,0.22758191747382445,0.748367190361023,0.0556263327598571,TP
aEKJ9AS/2626,0,0.7282320013941862,0.996410071849823,0.0665827393531798,TP
aEKJ9AS/2642,1,0.9115165326919554,0.9235344529151917,0.9235344529151917,TP
aEKJ9AS/2643,1,0.5894067802821277,0.9801264405250548,0.092692732810974,TP
aEKJ9AS/2644,1,0.4272045598009357,0.7939044237136841,0.5940695703029633,TP
aEKJ9AS/2645,0,0.008116542256902294,0.5665818452835083,0.230711042881012,FP
aEKJ9AS/2646,0,0.00019788883133536187,0.8440849781036377,0.0071932673454284,TP
aEKJ9AS/2647,1,0.14027676061737915,0.8901386857032776,0.351075530052185,TP
aEKJ9AS/2648,1,0.005116554042389616,0.9949787855148317,0.02228844165802,TP
aEKJ9AS/2649,1,0.03767139611684884,0.958341419696808,0.1799581050872803,TP
aEKJ9AS/2650,1,0.15685381970077886,0.9463005065917968,0.1347098350524901,TP
aEKJ9AS/2651,1,0.08978166802981198,0.7497130036354065,0.0348185300827026,TP
aEKJ9AS/2652,1,0.13131812055767772,0.9531622529029846,0.0265032649040222,TP
aEKJ9AS/2653,1,0.033050973879703634,0.8916628956794739,0.0464086532592773,TP
aEKJ9AS/2654,1,0.1779369394784254,0.7719824910163879,0.1366526484489441,TP
aEKJ9AS/2655,1,0.001376188953970527,0.9244918823242188,0.0072329640388487,TP
aEKJ9AS/2656,0,0.03271858659919522,0.5968308448791504,0.0261686444282531,FP
aEKJ9AS/2671,1,0.4607489498993719,0.7669442892074585,0.1144282221794128,TP
aEKJ9AS/2680,0,0.00649013147692767,0.9452978372573853,0.5233227014541626,FP
aEKJ9AS/2682,1,0.08470949483893625,0.8068373203277588,0.0632737874984741,TP
aEKJ9AS/2686,0,9.428111302749146e-05,0.7862324714660645,0.0249338746070861,FP
aEKJ9AS/2688,1,0.06443624273996418,0.8729873299598694,0.4048475623130799,TP
aEKJ9AS/2689,1,0.40414717718400395,0.8463625907897949,0.0210213065147399,TP
aEKJ9AS/2695,1,0.5481874477344157,0.5412049293518066,0.5059293657541275,TP
aEKJ9AS/2697,1,0.19392082725118825,0.8545417189598083,0.458563894033432,TP
aEKJ9AS/2698,0,0.4176050630118252,0.757485568523407,0.4759961366653443,FP
aEKJ9AS/2699,0,0.7824756343574797,0.8693814277648926,0.1111590862274169,TP
aEKJ9AS/27,1,0.6383837667904085,0.9657307863235474,0.4505024552345276,TP
aEKJ9AS/2711,1,0.6411525559619885,0.8077109456062317,0.5676450133323669,TP
aEKJ9AS/2715,0,2.112103465863639e-05,0.7220596075057983,0.0049298405647277,FP
aEKJ9AS/2716,1,0.9237001608116054,0.9557570219039916,0.8311066403985023,TP
aEKJ9AS/2719,1,0.03470824674406474,0.7097936868667603,0.104383111000061,TP
aEKJ9AS/274,0,0.1450673595854823,0.7021037340164185,0.0298723578453063,TP
aEKJ9AS/2743,1,0.22993510068352815,0.742097795009613,0.1053069233894348,TP
aEKJ9AS/2746,0,0.30774845989786126,0.7183992862701416,0.5287405103445053,FP
aEKJ9AS/2749,1,0.056011440536817746,0.8437655568122864,0.6758625209331512,TP
aEKJ9AS/2750,0,7.413970026729074e-05,0.7750827074050903,0.0088364481925964,FP
aEKJ9AS/2752,1,0.8715533786647872,0.9274125099182128,0.7805773615837097,TP
aEKJ9AS/2755,1,0.3596711021825601,0.705189049243927,0.705189049243927,TP
aEKJ9AS/2756,1,0.9608327007231326,0.7821995615959167,0.7821995615959167,TP
aEKJ9AS/2757,1,0.560793575988456,0.748155415058136,0.643418274819851,TP
aEKJ9AS/2759,0,0.11126708703106378,0.7510833144187927,0.1110539436340332,TP
aEKJ9AS/276,0,0.01014993248546054,0.7798797488212585,0.0832154154777526,FP
aEKJ9AS/2768,1,0.4070676850924789,0.7807614207267761,0.7807614207267761,TP
aEKJ9AS/2771,0,0.6207099587703662,0.5627124309539795,0.1700370907783508,TP
aEKJ9AS/2776,0,0.799965239984984,0.7725189924240112,0.2462164759635925,TP
aEKJ9AS/2777,1,0.8505760178686124,0.703295111656189,0.703295111656189,TP
aEKJ9AS/2786,1,0.26565402563116786,0.7171270251274109,0.0151277780532836,TP
aEKJ9AS/2788,1,0.3110997452625187,0.9483926296234132,0.1099899411201478,TP
aEKJ9AS/2789,1,0.146694151910023,0.8162053227424622,0.0225411057472229,TP
aEKJ9AS/2802,1,0.3991232045705297,0.881653904914856,0.027267575263977,TP
aEKJ9AS/2805,1,0.22502916702109413,0.8191773295402527,0.5850838124752045,TP
aEKJ9AS/2806,1,0.02630881942890593,0.7901394963264465,0.4217212200164795,TP
aEKJ9AS/2807,1,0.0060501956132515055,0.8257207274436951,0.8257207274436951,TP
aEKJ9AS/2810,0,0.00039216067925919925,0.9623983502388,0.3776086568832397,FP
aEKJ9AS/2811,1,0.7731098598866311,0.7493183016777039,0.7110744230449201,TP
aEKJ9AS/2816,1,0.4322500167056976,0.7094156742095947,0.4222439229488373,TP
aEKJ9AS/2818,1,0.31821645264762644,0.8789582848548889,0.0697303414344787,TP
aEKJ9AS/2822,1,0.04149704538073885,0.837693989276886,0.4891877770423889,TP
aEKJ9AS/2826,0,2.653049854425819e-05,0.9627062082290648,0.0092978477478026,FP
aEKJ9AS/2837,1,0.03662876164381263,0.8818437457084656,0.0567536354064941,TP
aEKJ9AS/2840,0,0.0019498890808108084,0.9425560235977172,0.0079805850982663,TP
aEKJ9AS/2841,1,0.3203143989947116,0.9298607110977172,0.0019524693489073,TP
aEKJ9AS/2845,0,0.383859552785548,0.6652457118034363,0.0178092718124389,TP
aEKJ9AS/2846,1,0.24612926680089756,0.771123468875885,0.1309012770652771,TP
aEKJ9AS/2849,1,0.24884537996085832,0.8179286122322083,0.3434208929538727,TP
aEKJ9AS/2854,1,0.5839376315016696,0.9398757219314576,0.7032921463251115,TP
aEKJ9AS/2855,1,0.08216053505114425,0.8084755539894104,0.1427682042121887,TP
aEKJ9AS/2856,0,0.0004737724176446349,0.9999088048934937,0.0002413988113404,FP
aEKJ9AS/2860,1,0.44556049611673043,0.7858095765113831,0.0217896699905395,TP
aEKJ9AS/2864,0,0.04982292264923746,0.7662513256072998,0.2647916674613952,FP
aEKJ9AS/2868,1,0.0035986853008842033,0.9331475496292114,0.003182053565979,TP
aEKJ9AS/2869,1,0.004727105255736686,0.8303744792938232,0.0283648967742919,TP
aEKJ9AS/2870,1,0.7303706825143942,0.8802428245544434,0.7599920779466629,TP
aEKJ9AS/2871,0,0.0001975048591384478,0.8327570557594299,0.000260591506958,TP
aEKJ9AS/2874,1,0.6651700469355958,0.6147887110710144,0.3498360514640808,TP
aEKJ9AS/2880,1,0.13598036138507708,0.8906756043434143,0.3617547154426574,TP
aEKJ9AS/2886,1,0.4376640472585426,0.8697549104690552,0.3781031668186188,TP
aEKJ9AS/2890,1,0.16847257617676456,0.9390437006950378,0.3942205905914306,TP
aEKJ9AS/2895,1,0.9795432491741403,0.9269975423812866,0.8865395411849022,TP
aEKJ9AS/2896,1,0.007128536160528345,0.7767719626426697,0.0960262417793273,TP
aEKJ9AS/2898,1,0.18870084549535063,0.7739360928535461,0.4623965620994568,TP
aEKJ9AS/2903,1,0.21637618696112915,0.8485795259475708,0.0365387797355651,TP
aEKJ9AS/2907,1,0.8989030828245593,0.8979005217552185,0.7957283854484558,TP
aEKJ9AS/2911,1,0.00042923074398248245,0.4009383022785187,0.0356786549091339,TP
aEKJ9AS/2912,1,0.1090585275916607,0.8901195526123047,0.4340972304344178,TP
aEKJ9AS/2914,1,0.6464123383913665,0.9075677394866944,0.1921188235282899,TP
aEKJ9AS/2920,1,0.05728022661957517,0.9780845642089844,0.0028367638587951,TP
aEKJ9AS/2925,1,0.6916364381962439,0.9128649830818176,0.7517919689416885,TP
aEKJ9AS/2927,1,0.9951310271355578,0.9329311847686768,0.7053085118532182,TP
aEKJ9AS/2930,1,0.0018893048527479298,0.653019905090332,0.2062004804611206,TP
aEKJ9AS/2931,1,0.051614862871680295,0.6457643508911133,0.1981534957885742,TP
aEKJ9AS/2933,0,0.006415660958828895,0.9554341435432434,6.210803985584601e-05,FP
aEKJ9AS/2937,1,0.02104253509427071,0.7321048378944397,0.0679500699043273,TP
aEKJ9AS/2938,1,0.522940736673488,0.9127835631370544,0.0347440838813781,TP
aEKJ9AS/2939,1,0.6813375485121012,0.9510006308555604,0.7277497351169588,TP
aEKJ9AS/2941,1,0.07623974341382667,0.960149347782135,0.1075780987739563,TP
aEKJ9AS/2942,1,0.5511420127320756,0.9987778663635254,0.7089783847332001,TP
aEKJ9AS/2943,0,0.014510832138919745,0.9703559279441832,0.01250022649765,TP
aEKJ9AS/2947,0,0.007773056420145993,0.9279066324234008,0.4965628683567046,FP
aEKJ9AS/295,1,0.2608017844438907,0.9446750283241272,0.6391926109790802,TP
aEKJ9AS/2951,1,0.35821311003407175,0.7637946605682373,0.2384341955184936,TP
aEKJ9AS/2961,1,0.7154819538395087,0.9498361349105836,0.5076093971729281,TP
aEKJ9AS/2969,0,0.2552471829885531,0.8695839643478394,0.0049177408218383,TP
aEKJ9AS/2974,1,0.7659959386056998,0.8226428031921387,0.711797222495079,TP
aEKJ9AS/2975,1,0.18865444045374863,0.7259166836738586,0.1005604267120361,TP
aEKJ9AS/2976,1,0.13244225630223522,0.8340904712677002,0.1626826524734497,TP
aEKJ9AS/2977,0,0.0013452852354023364,0.5168372988700867,0.2080312073230744,FP
aEKJ9AS/2978,1,0.8635560339470165,0.9008718132972716,0.5066575109958649,TP
aEKJ9AS/2979,1,0.6778543943631861,0.8830916285514832,0.4925608932971954,TP
aEKJ9AS/2980,1,0.0039864657213513665,0.8946802020072937,0.0389748811721801,TP
aEKJ9AS/2983,0,0.04755538337580958,0.835694432258606,0.1428314447402954,FP
aEKJ9AS/2984,0,0.0001981218095363196,0.8107708096504211,0.0050173997879028,FP
aEKJ9AS/2985,1,0.003535910418845719,0.8649605512619019,0.0405188202857971,TP
aEKJ9AS/2987,1,0.9573764647795643,0.936808705329895,0.936808705329895,TP
aEKJ9AS/2988,1,0.08849863669243065,0.791111946105957,0.0224497318267822,TP
aEKJ9AS/2989,1,0.1613104335301966,0.7402889132499695,0.0248059630393981,TP
aEKJ9AS/2990,1,0.5358107565984419,0.7945342063903809,0.3597849309444427,TP
aEKJ9AS/2991,1,0.26908693038748843,0.6958794593811035,0.2063180208206177,TP
aEKJ9AS/2992,1,0.13684464856342016,0.5999348759651184,0.1627661883831024,TP
aEKJ9AS/2993,1,0.06000630227839994,0.6076647639274597,0.1764291226863861,TP
aEKJ9AS/2994,1,0.3190563887388416,0.9557032585144044,0.0115431547164918,TP
aEKJ9AS/2995,1,0.380989214465461,0.9700157046318054,0.007246196269989,TP
aEKJ9AS/2996,1,0.466978068170158,0.9568576216697692,0.0081740021705627,TP
aEKJ9AS/2997,0,0.024063979212382756,0.8704509735107422,0.0536839365959167,FP
aEKJ9AS/2999,0,0.0003589654542056614,0.892614483833313,0.005797266960144,FP
aEKJ9AS/3000,1,0.10911735385431433,0.9479962587356568,0.075088918209076,TP
aEKJ9AS/3001,0,0.030891943793801287,0.6272313594818115,0.393775999546051,FP
aEKJ9AS/3002,0,0.1129982514998333,0.886914074420929,0.0242702364921569,TP
aEKJ9AS/3003,1,0.21223895686674987,0.8488243818283081,0.1059281229972839,TP
aEKJ9AS/3004,1,0.009231954683653293,0.9551084637641908,0.1141485571861268,TP
aEKJ9AS/3005,1,0.0039014305641141243,0.9655922651290894,0.1334128379821777,TP
aEKJ9AS/3006,1,0.2871657385512706,0.7292497158050537,0.0442127585411071,TP
aEKJ9AS/3007,1,0.3095161915890758,0.8033736348152161,0.0176261067390441,TP
aEKJ9AS/3008,1,0.3384100101233459,0.695550262928009,0.0155076384544372,TP
aEKJ9AS/3009,1,0.015230109128081629,0.7937458157539368,0.0767378211021423,TP
aEKJ9AS/3010,0,0.0008254041025271085,0.7268407344818115,0.0267457365989685,TP
aEKJ9AS/3011,0,0.0014476615824162817,0.8949580192565918,0.0203962326049804,TP
aEKJ9AS/3012,1,0.0903755258096606,0.738792359828949,0.2537911236286164,TP
aEKJ9AS/3013,0,0.02483041093949154,0.6480159163475037,0.2815860509872436,FP
aEKJ9AS/3014,0,0.0003540788099403279,0.9599563479423524,0.0287763476371766,FP
aEKJ9AS/3015,1,0.09251551675867992,0.8459113240242004,0.0594311356544494,TP
aEKJ9AS/3016,0,0.0002888830691246348,0.85633784532547,0.0545334219932556,TP
aEKJ9AS/3017,1,0.11884232262088347,0.917842447757721,0.0730791687965393,TP
aEKJ9AS/3018,1,0.16032279890587414,0.9448132514953612,0.1068946719169615,TP
aEKJ9AS/3019,1,0.21220305562962452,0.9028541445732116,0.1266043186187743,TP
aEKJ9AS/3020,1,0.37794167661346206,0.9468525648117064,0.3376280069351195,TP
aEKJ9AS/3021,0,0.012305240836949905,0.9090152382850648,0.0489563345909119,FP
aEKJ9AS/3022,1,0.7382252176813658,0.9174200296401978,0.6845687329769135,TP
aEKJ9AS/3023,1,0.745755629857744,0.7629057168960571,0.5720045566558838,TP
aEKJ9AS/3024,0,0.002766537828448993,0.6731014251708984,0.2821457684040069,FP
aEKJ9AS/3025,0,0.0017901049021413677,0.7062295079231262,0.0081409215927124,TP
aEKJ9AS/3026,0,0.001659410726808214,0.8109256625175476,0.0072212815284729,TP
aEKJ9AS/3027,0,0.0008366986229728341,0.8141700625419617,0.0574985742568969,TP
aEKJ9AS/3028,1,0.009091952956772098,0.9315840601921082,0.0295078754425049,TP
aEKJ9AS/3029,0,0.026648658312621705,0.5821498036384583,0.0,TP
aEKJ9AS/3030,0,0.0001416605708635941,0.9827681183815002,0.0016950368881226,TP
aEKJ9AS/3031,0,0.00020492252162489626,0.974439799785614,0.0006586909294128,TP
aEKJ9AS/3032,0,5.7764952342989475e-06,0.9999993443489076,1.788139344371942e-07,FP
aEKJ9AS/3033,0,0.087516534885336,0.5155045986175537,0.3633128255605698,FP
aEKJ9AS/3034,0,0.00436966259676745,0.9653314352035522,0.011572241783142,TP
aEKJ9AS/3035,1,0.11041033495243097,0.7820233702659607,0.0983321666717529,TP
aEKJ9AS/3036,1,0.4195194302252768,0.9624370336532592,0.4500597715377806,TP
aEKJ9AS/3037,0,0.00024930184319497733,0.7759429216384888,0.0011327266693115,FP
aEKJ9AS/3038,1,0.9699988230610143,0.9968082904815674,0.7084208130836487,TP
aEKJ9AS/3039,0,0.0012057303889223669,0.9430506229400636,0.0129073858261109,TP
aEKJ9AS/3040,1,0.011071565594230564,0.8672360181808472,0.0026940107345581,TP
aEKJ9AS/3041,0,0.23210072035282744,0.5995626449584961,0.0002301335334777,FP
aEKJ9AS/3042,0,0.003600394543283444,0.565282940864563,0.1160342097282409,FP
aEKJ9AS/3043,0,0.1959270402715148,0.9634780287742616,0.0053513050079347,TP
aEKJ9AS/3044,1,0.0016571752941124177,0.8582677245140076,0.4629413187503814,TP
aEKJ9AS/3045,0,0.6790789803226441,0.6644592881202698,0.0,FP
aEKJ9AS/3046,0,0.884745067663339,0.6925637722015381,0.6086189150810242,TP
aEKJ9AS/3047,0,0.28720902287181377,0.6540102958679199,0.0099045634269714,FP
aEKJ9AS/3048,1,0.010602366366042098,0.8177803158760071,0.056714117527008,TP
aEKJ9AS/3049,1,0.22812836754350174,0.7832246422767639,0.084752082824707,TP
aEKJ9AS/3050,1,0.5029126858829596,0.9305549263954164,0.0957842469215394,TP
aEKJ9AS/3051,0,0.028385098767002057,0.6286993622779846,0.0,FP
aEKJ9AS/3052,0,0.7819142364514852,0.6531274318695068,0.0,FP
aEKJ9AS/3053,0,0.7543140493170001,0.6070865988731384,0.0,FP
aEKJ9AS/3054,0,0.04790311993664275,0.9394779205322266,0.0660402774810791,TP
aEKJ9AS/3055,0,0.020373380313404375,0.9191157817840576,0.0418848991394043,TP
aEKJ9AS/3056,1,0.026169256769418742,0.6230525970458984,0.5230879560112953,TP
aEKJ9AS/3057,1,0.687556807117351,0.8729062080383301,0.0659145712852478,TP
aEKJ9AS/3058,0,0.0060065185375099235,0.8491418361663818,0.0129158496856689,FP
aEKJ9AS/3059,0,0.37298414884525527,0.5457776188850403,0.5403411681763828,FP
aEKJ9AS/3061,1,0.13626966534299312,0.908080756664276,0.1094173789024351,TP
aEKJ9AS/3062,1,0.11687466952609434,0.9155913591384888,0.0687149763107299,TP
aEKJ9AS/3063,1,0.09539122334495574,0.928834080696106,0.0416288375854492,TP
aEKJ9AS/3064,0,0.027435035748342336,0.9367679357528688,0.0320216417312623,FP
aEKJ9AS/3065,0,0.014839172896706072,0.9170416593551636,0.0548694729804992,FP
aEKJ9AS/3066,0,0.00012885997661068503,0.9578827619552612,0.0002309679985046,TP
aEKJ9AS/3067,0,0.0005641976386141609,0.8522299528121948,0.0181590318679809,FP
aEKJ9AS/3068,0,0.0036337095572735595,0.983932375907898,0.0052391886711119,FP
aEKJ9AS/3069,1,0.2571032159969901,0.753980278968811,0.0306931734085083,TP
aEKJ9AS/3070,1,0.5336007489091676,0.8444603681564331,0.8444603681564331,TP
aEKJ9AS/3071,0,0.0006946624780027874,0.9665652513504028,0.0013251900672912,FP
aEKJ9AS/3074,0,0.0020289965070120096,0.9169060587882996,0.8620020933449268,FP
aEKJ9AS/3075,1,0.013211167061059997,0.9361937046051024,0.884987760335207,TP
aEKJ9AS/3076,1,0.021955663773420682,0.9244917631149292,0.8641050644218922,TP
aEKJ9AS/3077,0,0.00022025148438860827,0.7932760715484619,0.0618160367012023,FP
aEKJ9AS/3078,0,0.9836379133688583,0.7653283476829529,0.7653283476829529,FP
aEKJ9AS/3079,0,0.017834918481866708,0.8086349368095398,0.369411587715149,FP
aEKJ9AS/3080,0,0.0008085803557097289,0.9749147891998292,0.3931202292442323,FP
aEKJ9AS/3081,1,0.4836520070597389,0.920096516609192,0.0128067135810852,TP
aEKJ9AS/3082,0,0.006448996926824925,0.8304157853126526,0.0064164996147155,TP
aEKJ9AS/3083,0,0.4742633331088797,0.8982145190238953,0.1066874861717224,TP
aEKJ9AS/3084,1,0.40101306323348146,0.9088106751441956,0.0008808374404907,TP
aEKJ9AS/3085,1,0.4039314484367991,0.923675298690796,0.006451725959778,TP
aEKJ9AS/3086,1,0.2169490107191626,0.9071934223175048,0.190578520298004,TP
aEKJ9AS/3087,0,0.0004654836780959402,0.8361629247665405,0.3101952075958252,FP
aEKJ9AS/3088,1,0.1521618071554372,0.8615121841430664,0.0351879596710205,TP
aEKJ9AS/3089,1,0.0013462739298319081,0.9996894001960754,0.2427998781204223,TP
aEKJ9AS/3090,0,0.011840975185547125,0.8903313875198364,0.1673069596290588,FP
aEKJ9AS/3091,0,0.001612833329522867,0.8467281460762024,0.2417898774147033,FP
aEKJ9AS/3092,0,0.0006391797562345387,0.8286293148994446,0.1772880554199218,FP
aEKJ9AS/3093,0,0.00015021467275325772,0.9074621200561525,0.0602079033851624,FP
aEKJ9AS/3094,0,0.03177281741955625,0.6506122350692749,0.0245200991630554,FP
aEKJ9AS/3095,0,3.0889359970068485e-05,0.7485381364822388,0.0123142600059509,FP
aEKJ9AS/3096,1,0.0785622732105839,0.956497609615326,0.0719472169876099,TP
aEKJ9AS/3097,0,0.0010812210914382405,0.7958637475967407,0.1580139398574829,FP
aEKJ9AS/3098,0,0.00026020994061428483,0.851336658000946,0.001076340675354,TP
aEKJ9AS/3099,1,0.00042920005346223065,0.8996297717094421,0.0546007752418518,TP
aEKJ9AS/310,1,0.7855125032310446,0.9201869964599608,0.6452524065971373,TP
aEKJ9AS/3100,1,0.32662982935633095,0.761045515537262,0.0138411521911621,TP
aEKJ9AS/3101,1,0.09092823150781779,0.9985663294792176,0.1535885930061341,TP
aEKJ9AS/3102,1,0.13692593187978824,0.9428072571754456,0.1414300799369812,TP
aEKJ9AS/3103,1,0.05336138114516806,0.7702919840812683,0.3487969636917114,TP
aEKJ9AS/3104,0,0.035342424191522996,0.6306660771369934,0.0,FP
aEKJ9AS/3105,0,0.0020928333550573287,0.6597176790237427,0.198543906211853,FP
aEKJ9AS/3106,1,0.023211282729226977,0.8606847524642944,0.0947612524032592,TP
aEKJ9AS/3107,0,0.0008916281217178265,0.9976637363433838,0.0023890733718872,FP
aEKJ9AS/3108,0,0.019970276437873823,0.8435993790626526,0.0174242258071899,TP
aEKJ9AS/3109,1,0.18962381367996042,0.7345077395439148,0.0147445201873779,TP
aEKJ9AS/3110,0,0.001809711449544475,0.8500195145606995,0.001171588897705,FP
aEKJ9AS/3111,1,0.2405369883910745,0.7452126741409302,0.0334026217460632,TP
aEKJ9AS/3113,0,0.41166730042099314,0.8278664946556091,0.1273273229598999,FP
aEKJ9AS/3114,0,0.7148218619322841,0.7197560667991638,0.0256761908531188,FP
aEKJ9AS/3115,0,0.00013893539005454067,0.9980295300483704,0.0346264839172363,FP
aEKJ9AS/3116,0,0.5198796158804928,0.9734136462211608,0.0217353105545043,TP
aEKJ9AS/3117,1,0.2510736388741325,0.981528639793396,0.0203416943550109,TP
aEKJ9AS/3118,1,0.5697004728815026,0.9296357035636902,0.4206492900848388,TP
aEKJ9AS/3119,0,0.0004523145995012881,0.9822173714637756,0.0160860419273376,FP
aEKJ9AS/3120,1,0.12215077274497045,0.9985604882240297,0.0151185393333436,TP
aEKJ9AS/3121,0,0.009703160452376373,0.8188972473144531,0.0571910142898559,FP
aEKJ9AS/3122,0,0.0031021548386906315,0.553609311580658,0.1140213012695312,FP
aEKJ9AS/3123,1,0.5909652509809713,0.7588450908660889,0.6642164885997772,TP
aEKJ9AS/3124,1,0.3641105497015467,0.6344914436340332,0.5344786942005157,TP
aEKJ9AS/3125,1,0.8883592984169244,0.7902354001998901,0.6102334856987001,TP
aEKJ9AS/3126,0,9.253298366736683e-05,0.9706303477287292,0.0067723989486694,TP
aEKJ9AS/3127,0,0.05070995001744379,0.9861549735069276,0.025329351425171,FP
aEKJ9AS/3128,0,2.3637511192179123e-05,0.5567665696144104,0.1493252813816071,FP
aEKJ9AS/3129,1,0.0012485758250703903,0.8609216809272766,0.1359295845031738,TP
aEKJ9AS/3130,1,0.5128255765689402,0.9690863490104676,0.7512693405151368,TP
aEKJ9AS/3131,0,0.008440252771444215,0.7700225114822388,0.0112105011940002,TP
aEKJ9AS/3132,0,0.00026247403408275556,0.856958270072937,0.0766915082931518,FP
aEKJ9AS/3133,1,0.23598041285300855,0.7846860885620117,0.0164828896522521,TP
aEKJ9AS/3135,0,0.00016174785869556337,0.9226404428482056,0.0258221626281738,FP
aEKJ9AS/3136,0,0.00021091121514038553,0.9591653943061828,0.0016118884086607,TP
aEKJ9AS/3137,1,0.7975166829747912,0.9274053573608398,0.6486802995204926,TP
aEKJ9AS/3138,1,0.03521353063112616,0.8757060170173645,0.4230623245239258,TP
aEKJ9AS/3139,0,0.7544339588380418,0.6826658248901367,0.0805535912513732,TP
aEKJ9AS/3140,1,0.8486577481410899,0.8088178038597107,0.7243844866752625,TP
aEKJ9AS/3141,1,0.7968609052882982,0.7545559406280518,0.0947673916816711,TP
aEKJ9AS/3142,1,0.23029615207211085,0.7275262475013733,0.3564149737358094,TP
aEKJ9AS/3143,0,0.8411663852666544,0.9183558225631714,0.0413523316383361,TP
aEKJ9AS/3144,0,0.11899532845017927,0.8253562450408936,0.0410983562469482,TP
aEKJ9AS/3145,1,0.4337154754760541,0.8745998740196228,0.1215654611587524,TP
aEKJ9AS/3146,1,0.3401059937937353,0.7056023478507996,0.069260835647583,TP
aEKJ9AS/3147,1,0.005470692812783327,0.7377033829689026,0.0930169224739074,TP
aEKJ9AS/3148,0,0.0002584643490362669,0.860369086265564,0.0031223893165588,FP
aEKJ9AS/3150,0,0.018316427655565622,0.7939853668212891,0.0863147377967834,FP
aEKJ9AS/3151,1,0.0005089718584973523,0.9776248931884766,0.0013855099678039,TP
aEKJ9AS/3152,1,0.0011573217379991568,0.9772916436195374,0.0012745857238769,TP
aEKJ9AS/3153,0,0.0001832344227897153,0.9798092246055604,0.0005868673324586,TP
aEKJ9AS/3154,0,0.0001788570913233472,0.9889917969703674,0.003239631652832,TP
aEKJ9AS/3155,1,0.6864362748081441,0.7455126643180847,0.2847021222114563,TP
aEKJ9AS/3156,1,0.6917824253084007,0.8578819036483765,0.354734718799591,TP
aEKJ9AS/3157,1,0.21395197051934126,0.9165364503860474,0.3929235339164734,TP
aEKJ9AS/3158,0,0.06221017945980984,0.9003703594207764,0.589990109205246,FP
aEKJ9AS/3159,0,0.027694398270495014,0.9311281442642212,0.106461763381958,FP
aEKJ9AS/3160,0,0.00021909446350232235,0.9986140131950378,0.1493017673492431,FP
aEKJ9AS/3161,1,0.48720219027174233,0.9359858632087708,0.0212004184722899,TP
aEKJ9AS/3163,1,0.30057220625383,0.9252089858055116,0.2055757641792298,TP
aEKJ9AS/3165,1,0.5226521821840332,0.6932864785194397,0.0204508900642395,TP
aEKJ9AS/3166,0,0.00014342652583475523,0.9145849347114564,0.0008982419967652,FP
aEKJ9AS/3167,1,0.008650880014025685,0.8287662267684937,0.0764930248260498,TP
aEKJ9AS/3170,0,0.005080000391981336,0.9539674520492554,0.008997142314911,TP
aEKJ9AS/3171,0,0.16817294001728758,0.5547276139259338,0.185276448726654,FP
aEKJ9AS/3174,0,6.723031730198821e-05,0.8618704080581665,0.003445565700531,FP
aEKJ9AS/3176,0,0.010594932849370747,0.6573071479797363,0.0502646565437316,FP
aEKJ9AS/3177,0,0.6857014206152132,0.8469793200492859,0.0129632949829101,TP
aEKJ9AS/3178,0,0.6872803057011017,0.862594485282898,0.0,TP
aEKJ9AS/3179,0,0.003953744431161209,0.9152878522872924,0.01684832572937,TP
aEKJ9AS/3180,0,0.004869804904229516,0.8221435546875,0.8221435546875,FP
aEKJ9AS/3181,0,0.00013021314921126073,0.7718814015388489,0.0036096572875976,FP
aEKJ9AS/3183,1,0.09055213911814368,0.8149898648262024,0.0829249620437622,TP
aEKJ9AS/3184,1,0.9600664396051711,0.9475440979003906,0.8906188867986202,TP
aEKJ9AS/3186,1,0.952375774856471,0.952224850654602,0.952224850654602,TP
aEKJ9AS/3187,1,0.7718756029845559,0.9060879349708556,0.7656111270189285,TP
aEKJ9AS/3188,1,0.8396583199828189,0.8996456265449524,0.7557174116373063,TP
aEKJ9AS/3191,1,0.2400406875796132,0.9272481799125672,0.1349621415138245,TP
aEKJ9AS/3192,1,0.3234241925753344,0.9385826587677002,0.153346836566925,TP
aEKJ9AS/3193,1,0.5636717027930123,0.8875041007995605,0.7450909167528152,TP
aEKJ9AS/3195,1,0.06770981253897651,0.6740936636924744,0.5330186486244202,TP
aEKJ9AS/3196,0,0.045614645507786024,0.7528517246246338,0.6378265544772149,FP
aEKJ9AS/3197,1,0.6790018553888441,0.7406272292137146,0.2052942514419555,TP
aEKJ9AS/3198,1,0.06249976720658001,0.8845458030700684,0.3836934566497803,TP
aEKJ9AS/3199,0,0.2228270487851549,0.6637184023857117,0.6637184023857117,FP
aEKJ9AS/3203,0,0.00014102912642486145,0.9999991059303284,7.778406143199579e-05,TP
aEKJ9AS/3205,1,0.2909425836224795,0.6988182663917542,0.0661038756370544,TP
aEKJ9AS/3206,0,0.06174429583498115,0.8554166555404663,0.0889945030212402,FP
aEKJ9AS/3208,0,0.009082581541465903,0.8746795058250427,0.2869995236396789,FP
aEKJ9AS/3209,1,0.053821363274867785,0.9999126195907592,0.0464846491813659,TP
aEKJ9AS/3211,0,0.5435720711319216,0.7055368423461914,0.0247483253479003,TP
aEKJ9AS/3212,1,0.439540083759135,0.8994735479354858,0.6395798623561859,TP
aEKJ9AS/3215,0,0.00031526851662751096,0.987000286579132,0.0114014148712155,FP
aEKJ9AS/3216,1,0.24147397090165015,0.9009671211242676,0.3050799965858459,TP
aEKJ9AS/3217,1,0.46023810080555533,0.7535881400108337,0.2593465745449066,TP
aEKJ9AS/3219,0,0.026923690256864228,0.974120020866394,0.0358572006225585,TP
aEKJ9AS/3220,1,0.12157673237566946,0.9066773653030396,0.0279025435447692,TP
aEKJ9AS/3221,0,0.8366408636765394,0.9933223724365234,0.1644936800003051,FP
aEKJ9AS/3222,0,0.011744998477076782,0.9916959404945374,0.0150017738342285,TP
aEKJ9AS/3224,0,0.0006081081621095645,0.9516213536262512,0.0007713437080384,TP
aEKJ9AS/3225,0,0.029751732148384703,0.8391872644424438,0.0889984369277954,FP
aEKJ9AS/3226,1,0.2552754088459881,0.7418078184127808,0.0493658185005188,TP
aEKJ9AS/3228,0,0.014839269868443299,0.8329049944877625,0.1743484735488891,FP
aEKJ9AS/3229,1,0.45852995391832707,0.9855350255966188,0.0378239750862123,TP
aEKJ9AS/323,0,0.03625947232570938,0.7322530150413513,0.0007213950157165,FP
aEKJ9AS/3231,1,0.0919357608646584,0.9640452861785888,0.0117943882942199,TP
aEKJ9AS/3232,1,0.5622285775134575,0.9881120920181274,0.0399425029754638,TP
aEKJ9AS/3234,0,0.0006107651288110202,0.6886826753616333,0.0632040500640869,FP
aEKJ9AS/3235,1,0.16589086324681435,0.9262762069702148,0.1926934719085693,TP
aEKJ9AS/3237,1,0.06509815318342778,0.9586800336837769,0.0070483684539794,TP
aEKJ9AS/3239,0,0.4799810038982298,0.8904472589492798,0.0021340250968933,FP
aEKJ9AS/3240,1,0.5353242603524109,0.9385640621185304,0.1679609417915345,TP
aEKJ9AS/3241,1,0.5670772413578644,0.9261488318443298,0.1337233781814575,TP
aEKJ9AS/3243,1,0.0625700414246867,0.909577250480652,0.0033734440803527,TP
aEKJ9AS/3244,1,0.11182421855748506,0.9113405346870422,0.0169689655303955,TP
aEKJ9AS/3245,1,0.11363236575658553,0.894123911857605,0.0228387713432312,TP
aEKJ9AS/3246,1,0.3222156073156671,0.9104945063591005,0.0107272267341614,TP
aEKJ9AS/3247,1,0.152297152441604,0.9055011868476868,0.0077859163284301,TP
aEKJ9AS/3249,1,0.15485976024791356,0.8987689018249512,0.0140935182571411,TP
aEKJ9AS/3250,0,0.46447408854896555,0.924210250377655,0.0204843878746032,TP
aEKJ9AS/3252,0,0.7690546078562341,0.9227135181427002,0.0004944801330566,TP
aEKJ9AS/3253,0,0.2514436441331217,0.782569169998169,0.0299168825149536,TP
aEKJ9AS/3254,1,0.004479227245886349,0.9276498556137084,0.3792097568511962,TP
aEKJ9AS/3255,1,0.5237317829734573,0.8578024506568909,0.1217586994171142,TP
aEKJ9AS/3256,0,0.006943164965892523,0.9508285522460938,0.0175813436508177,TP
aEKJ9AS/3258,1,0.014232137510292326,0.9407109618186952,0.0409303307533265,TP
aEKJ9AS/3259,0,0.0010137294107333814,0.9458173513412476,0.385569155216217,FP
aEKJ9AS/3260,0,0.8427139943569462,0.9512382745742798,0.5105246901512146,FP
aEKJ9AS/3262,0,0.5888489754501289,0.865202784538269,0.4491721987724304,FP
aEKJ9AS/3263,0,0.00027622062320999146,0.872186541557312,0.0580214262008667,TP
aEKJ9AS/3265,0,0.00011534651186375981,0.8526557683944702,0.0446828007698059,TP
aEKJ9AS/3267,0,0.0001329002656238896,0.903043270111084,0.094237744808197,FP
aEKJ9AS/3270,0,0.7937736693402122,0.9109181761741638,0.2331246137619018,FP
aEKJ9AS/3271,1,0.33879424239269745,0.8317292332649231,0.1328622698783874,TP
aEKJ9AS/3272,0,0.019783665045862108,0.7124449014663696,0.6110435649752617,FP
aEKJ9AS/3273,1,0.501645931879205,0.9175905585289,0.2197108864784239,TP
aEKJ9AS/3274,1,0.6988531435305007,0.9331766366958618,0.6865275353193283,TP
aEKJ9AS/3275,1,0.28292141371249624,0.9037496447563172,0.0116991996765137,TP
aEKJ9AS/3277,0,0.21594916998069816,0.7533765435218811,0.0001152157783508,TP
aEKJ9AS/3278,0,0.08563746255896043,0.8646029829978943,0.0108687281608581,TP
aEKJ9AS/3279,0,0.00015164576661192517,0.7125363945960999,0.0212652087211608,FP
aEKJ9AS/3280,0,0.01604104212042554,0.8872960805892944,0.1495346426963806,TP
aEKJ9AS/3281,1,0.40574349522173575,0.9385458827018738,0.1021271347999572,TP
aEKJ9AS/3283,0,5.557136070447062e-05,0.951374351978302,0.0046321153640748,TP
aEKJ9AS/3284,0,0.018544844730992806,0.6335790157318115,0.1832119524478912,FP
aEKJ9AS/3285,1,0.041991834935120195,0.9996834993362428,0.0705791115760804,TP
aEKJ9AS/3286,0,0.03818679546052346,0.8721720576286316,0.060348629951477,FP
aEKJ9AS/3287,1,0.24155482077357956,0.8550770282745361,0.0758170485496521,TP
aEKJ9AS/3288,1,0.369391471811601,0.9026274681091307,0.0461205244064329,TP
aEKJ9AS/3289,0,0.006234612288599109,0.5584445595741272,0.4128259718418122,FP
aEKJ9AS/3290,0,0.3061219639784889,0.8197945952415466,0.7456754371523857,FP
aEKJ9AS/3291,0,0.035892100819635064,0.778337836265564,0.6848364472389221,FP
aEKJ9AS/3292,1,0.3227014689709787,0.7191177010536194,0.6126592084765434,TP
aEKJ9AS/3294,1,0.4635342391207891,0.9642225503921508,0.1391864418983458,TP
aEKJ9AS/3298,1,0.610015614006938,0.7728638648986816,0.0517049431800842,TP
aEKJ9AS/3299,1,0.3967410260954348,0.7084140181541443,0.0261249542236328,TP
aEKJ9AS/3300,1,0.24518445498921432,0.8245988488197327,0.2598499655723572,TP
aEKJ9AS/3304,1,0.002135123028418269,0.8261047601699829,0.038106083869934,TP
aEKJ9AS/3306,0,0.5302523965055927,0.9066690802574158,0.0754859447479248,TP
aEKJ9AS/3308,1,0.00227927637809705,0.971186101436615,0.0077863335609436,TP
aEKJ9AS/3309,1,0.7651340213766376,0.9713329672813416,0.2154778242111206,TP
aEKJ9AS/3313,0,0.10513520219033283,0.958172619342804,0.0002927780151367,TP
aEKJ9AS/3315,1,0.7165858899789143,0.968017280101776,0.4660941958427428,TP
aEKJ9AS/3325,1,0.598131113303379,0.9745604395866394,0.6137230694293976,TP
aEKJ9AS/3328,1,0.5609150652863648,0.9641575217247008,0.0019838213920592,TP
aEKJ9AS/3331,1,0.746581229271254,0.9012770056724548,0.400054395198822,TP
aEKJ9AS/3338,1,0.38817359632919807,0.9097037315368652,0.0651370882987976,TP
aEKJ9AS/3340,1,0.7784489489204934,0.9644840359687804,0.4513806104660033,TP
aEKJ9AS/3342,1,0.8294419111612575,0.9264198541641236,0.2460212707519532,TP
aEKJ9AS/3344,0,0.00015030586535347013,0.8956081867218018,0.0122966766357421,FP
aEKJ9AS/3345,0,0.0016780373312337137,0.7178551554679871,0.5055133700370789,FP
aEKJ9AS/3347,1,0.5089174524219022,0.9420501589775084,0.5297767221927643,TP
aEKJ9AS/3348,0,0.03561021270124058,0.795198917388916,0.0903412699699401,FP
aEKJ9AS/3353,0,0.18955625562584855,0.7672408819198608,0.0,FP
aEKJ9AS/3357,1,0.0004478113391683084,0.9037980437278748,0.0207319259643554,TP
aEKJ9AS/3366,1,0.42655496762246375,0.7447313666343689,0.013793408870697,TP
aEKJ9AS/3367,1,0.23698092148537342,0.9039275646209716,0.751207262277603,TP
aEKJ9AS/3375,1,0.007344818508369211,0.826187252998352,0.1647217869758606,TP
aEKJ9AS/3379,0,0.01138563789770596,0.778406023979187,0.3286490142345429,FP
aEKJ9AS/3382,1,0.6002783960167585,0.8798733353614807,0.0634813904762268,TP
aEKJ9AS/3383,0,0.5237256086885272,0.9918264150619508,0.0192021131515504,TP
aEKJ9AS/3388,1,0.5003174415197554,0.8106942176818848,0.1680435538291931,TP
aEKJ9AS/339,1,0.8365426845181494,0.8973227739334106,0.8973227739334106,TP
aEKJ9AS/3394,1,0.6229939531409009,0.8580472469329834,0.8438515355810524,TP
aEKJ9AS/3398,1,0.0013613894014897349,0.741942822933197,0.121113896369934,TP
aEKJ9AS/3399,1,0.6810705313077919,0.8556565046310425,0.7976297959685326,TP
aEKJ9AS/3402,1,0.47608243760967506,0.9358069896697998,0.2482301592826843,TP
aEKJ9AS/3404,0,0.833623534656439,0.9538522958755492,0.0040915608406065,TP
aEKJ9AS/3407,1,0.37892840997379046,0.9729533195495604,0.155909478664398,TP
aEKJ9AS/3411,0,0.15233028765314913,0.9594407677650452,0.0064091086387635,TP
aEKJ9AS/3413,0,0.2732039373424165,0.9468183517456056,0.0142415761947631,TP
aEKJ9AS/3414,1,0.388672697993313,0.8461262583732605,0.5711749196052551,TP
aEKJ9AS/3424,1,0.056397871956672875,0.6972406506538391,0.3055450320243836,TP
aEKJ9AS/3431,1,0.3614144115281682,0.9537691473960876,0.2016497254371643,TP
aEKJ9AS/3435,1,0.02152788160504458,0.901150405406952,0.0447197556495667,TP
aEKJ9AS/3436,1,0.6046614788039597,0.9496833682060242,0.4872461855411529,TP
aEKJ9AS/3437,1,0.43099506030495416,0.5885979533195496,0.3984525203704834,TP
aEKJ9AS/3440,1,0.34476658764234885,0.8830862641334534,0.0075531005859375,TP
aEKJ9AS/3441,1,0.25856741120874704,0.8200247883796692,0.015543520450592,TP
aEKJ9AS/3442,1,0.03598090552623234,0.9564804434776306,0.415277361869812,TP
aEKJ9AS/3446,0,0.0008350141869815362,0.9568786025047302,0.0158609747886657,TP
aEKJ9AS/3448,1,0.3312461032602671,0.9265225529670716,0.1935126781463624,TP
aEKJ9AS/345,1,0.2652220213677114,0.9560267925262452,0.0473468899726868,TP
aEKJ9AS/3451,1,0.22848022452632122,0.6327134966850281,0.0322589874267578,TP
aEKJ9AS/3452,1,0.2741572833052652,0.9509968161582948,0.2232899069786073,TP
aEKJ9AS/3453,1,0.16190855507712207,0.9241398572921752,0.2078319191932677,TP
aEKJ9AS/3454,1,0.2498527601448856,0.87547767162323,0.065383493900299,TP
aEKJ9AS/3461,1,0.35562748601886535,0.9405549168586732,0.0450685620307923,TP
aEKJ9AS/3466,0,0.0015088274359543498,0.8939908146858215,0.0268528461456298,FP
aEKJ9AS/3468,0,0.17490416772064804,0.8730193376541138,0.0209108591079711,TP
aEKJ9AS/3469,1,0.25023261672436947,0.8024551868438721,0.2684347033500671,TP
aEKJ9AS/3470,1,0.7721806384205988,0.9232855439186096,0.3453020453453064,TP
aEKJ9AS/3471,0,0.844554130733207,0.7172181606292725,0.1864516735076904,TP
aEKJ9AS/3472,1,0.7175249404814186,0.6592957973480225,0.272903859615326,TP
aEKJ9AS/3473,0,0.647515945679878,0.9617561101913452,0.4312942624092102,FP
aEKJ9AS/3479,0,0.3377910164234589,0.9201915860176086,0.3678818345069885,TP
aEKJ9AS/348,1,0.505655319763996,0.9437407851219176,0.6396637856960297,TP
aEKJ9AS/3483,1,0.0005638155971525893,0.920760452747345,0.0075932741165162,TP
aEKJ9AS/35,1,0.31291922148589707,0.5534228086471558,0.2704608142375946,TP
aEKJ9AS/3501,1,0.17491077462041776,0.7797439098358154,0.0938732028007507,TP
aEKJ9AS/3511,0,0.06144062261964083,0.7258307337760925,0.0229623317718505,TP
aEKJ9AS/3523,0,0.00024940452837597936,0.7262340784072876,0.0270819067955017,FP
aEKJ9AS/3525,1,0.00011629451574556032,0.9209467768669128,0.2224926352500915,TP
aEKJ9AS/3529,0,0.6945739116590958,0.7339126467704773,0.0041237473487854,FP
aEKJ9AS/3530,1,0.0008443197626792359,0.7958757281303406,0.1649873256683349,TP
aEKJ9AS/3532,1,0.14892583514165336,0.8361683487892151,0.2741913795471191,TP
aEKJ9AS/3540,1,0.46048610099767845,0.7855195999145508,0.1734655499458313,TP
aEKJ9AS/3543,1,0.8979059061482154,0.9031643867492676,0.7114701122045518,TP
aEKJ9AS/3551,0,0.8242385900436994,0.8237970471382141,0.3351041078567505,FP
aEKJ9AS/3554,0,0.002120434455999561,0.8896113038063049,0.003257393836975,FP
aEKJ9AS/3557,1,0.13414281103636885,0.9469342231750488,0.2006528377532959,TP
aEKJ9AS/3560,0,0.0007904805404906863,0.8127120733261108,0.0398552417755126,FP
aEKJ9AS/3561,0,0.014057722772720917,0.784481942653656,0.784481942653656,FP
aEKJ9AS/3565,0,0.0012198532340490914,0.9991160035133362,0.0005338191986083,FP
aEKJ9AS/3567,0,0.00204104249582386,0.7608795762062073,0.0062731504440307,FP
aEKJ9AS/3568,1,0.0011475199958505837,0.8158392310142517,0.0066238045692443,TP
aEKJ9AS/3575,1,0.9839129245652051,0.9005457162857056,0.9005457162857056,TP
aEKJ9AS/3577,0,0.08220047286268478,0.942459523677826,0.0,FP
aEKJ9AS/3578,0,0.0905176792053658,0.8099274039268494,0.0218971371650695,FP
aEKJ9AS/3579,0,0.00023844566008785712,0.8081974983215332,0.0593000650405883,FP
aEKJ9AS/358,0,0.017716767049208593,0.8783300518989563,0.0096450448036193,TP
aEKJ9AS/359,0,0.1312305950904413,0.7567387223243713,0.0566020011901855,FP
aEKJ9AS/3594,1,0.21377151126165667,0.7188593149185181,0.4832166135311126,TP
aEKJ9AS/3599,1,0.4853398446473119,0.6651660203933716,0.5009839087724686,TP
aEKJ9AS/36,0,0.0009733971765320302,0.8487000465393066,0.0159536600112915,TP
aEKJ9AS/3600,0,0.687710781572275,0.6331773400306702,0.0595324039459228,TP
aEKJ9AS/3602,1,0.6622042546311103,0.8607023358345032,0.2777617573738098,TP
aEKJ9AS/3604,1,0.43608342218017343,0.6933197975158691,0.326314777135849,TP
aEKJ9AS/3605,1,0.7933419716860649,0.8907911777496338,0.5462704598903656,TP
aEKJ9AS/3606,1,0.3790638398356639,0.6595140695571899,0.1707406342029571,TP
aEKJ9AS/3609,1,0.03403670582828439,0.9812318682670592,0.3678707480430602,TP
aEKJ9AS/361,0,0.03304805172584972,0.7480204701423645,0.2494428157806397,FP
aEKJ9AS/3610,1,0.5438671298093085,0.5552224516868591,0.3590221256017685,TP
aEKJ9AS/3611,1,0.12026617292342982,0.8780251741409302,0.1532080173492431,TP
aEKJ9AS/3615,1,0.11668554179367473,0.8577291965484619,0.0687246322631836,TP
aEKJ9AS/3616,1,0.10676394873203145,0.7489612102508545,0.0161381959915161,TP
aEKJ9AS/3617,0,0.0022827342406700614,0.7835038900375366,0.6689073145389557,FP
aEKJ9AS/3618,0,0.0033709008516244706,0.8211451768875122,0.712178260087967,FP
aEKJ9AS/3619,0,0.024736391715691846,0.7752560377120972,0.0195952057838439,FP
aEKJ9AS/3621,0,0.03317451980736789,0.7046109437942505,0.1345008611679077,FP
aEKJ9AS/3622,0,0.6755395831061711,0.8055675625801086,0.6003381758928299,FP
aEKJ9AS/3623,0,0.0008199998177431557,0.8926966190338135,0.0047627687454223,FP
aEKJ9AS/3625,0,0.016321068556732952,0.725479245185852,0.0259948372840881,FP
aEKJ9AS/3626,1,0.0042813593557377945,0.6347703337669373,0.2352423965930938,TP
aEKJ9AS/3627,1,0.13736409634130062,0.9543302059173584,0.3947373628616333,TP
aEKJ9AS/3628,1,0.038035059704851576,0.649548351764679,0.166757196187973,TP
aEKJ9AS/363,1,0.14953049743514307,0.6650617718696594,0.0091421008110046,TP
aEKJ9AS/3630,1,0.48142915919487544,0.9682033658027648,0.1394795775413512,TP
aEKJ9AS/3631,1,0.004771689423939462,0.9999930262565612,0.2972126603126525,TP
aEKJ9AS/3633,1,0.018346293043673276,0.9605306386947632,0.3431268334388733,TP
aEKJ9AS/3634,1,0.8871022243932769,0.7793989777565002,0.6891968473792076,TP
aEKJ9AS/3637,1,0.003776302105634899,0.7290142774581909,0.0208884477615356,TP
aEKJ9AS/3640,0,8.370343236358471e-05,0.7990463972091675,0.0506840348243713,FP
aEKJ9AS/3645,0,0.7988197360123481,0.6755580902099609,0.1358230710029602,TP
aEKJ9AS/3649,1,0.2252668795457759,0.7653312683105469,0.2312555909156799,TP
aEKJ9AS/3651,1,0.2234636934729315,0.7960051894187927,0.3960125744342804,TP
aEKJ9AS/3657,1,0.23368965833935504,0.9261494278907776,0.4502098858356476,TP
aEKJ9AS/3664,0,0.7880575912043987,0.7733624577522278,0.2332473993301391,FP
aEKJ9AS/3667,0,0.007820251781017955,0.7319422364234924,0.2379706799983978,FP
aEKJ9AS/3670,1,0.0027882485022294188,0.9127113819122314,0.0602582693099975,TP
aEKJ9AS/3671,1,0.0814107711675485,0.9177605509757996,0.8526593670248985,TP
aEKJ9AS/3678,1,0.26187089524593543,0.9350099563598632,0.1066052317619322,TP
aEKJ9AS/3695,1,0.08977038087619552,0.8459900617599487,0.0070935487747192,TP
aEKJ9AS/3701,0,0.2829437881584461,0.7437930703163147,0.0,TP
aEKJ9AS/3704,1,0.25530890283016455,0.9173308610916138,0.0260901451110839,TP
aEKJ9AS/3705,1,0.9284002131531159,0.744696319103241,0.7354579223319888,TP
aEKJ9AS/371,1,0.4269294636332942,0.9710983633995056,0.2858702540397644,TP
aEKJ9AS/3711,1,0.2917248298004233,0.9520347714424132,0.0710256099700926,TP
aEKJ9AS/3712,0,0.0003719246344631205,0.7930288910865784,0.0424184799194335,FP
aEKJ9AS/3719,1,0.3101247388891845,0.918043851852417,0.38168466091156,TP
aEKJ9AS/372,1,0.35976226315244925,0.98070228099823,0.2920865416526794,TP
aEKJ9AS/3725,1,0.1356978539432148,0.8672952651977539,0.1062691807746887,TP
aEKJ9AS/3727,1,0.45974108288901955,0.9053638577461244,0.1728997230529786,TP
aEKJ9AS/3728,0,0.9414334893706365,0.7763472199440002,0.5595896542072296,FP
aEKJ9AS/3739,0,0.0005221071929640721,0.9394838213920592,0.0002603530883787,FP
aEKJ9AS/3744,0,0.001934957813038871,0.8961557149887085,0.0132186412811279,TP
aEKJ9AS/375,1,0.9047019666845886,0.9547070860862732,0.7072128653526307,TP
aEKJ9AS/3752,1,0.10690486610191875,0.7391377091407776,0.0747081041336059,TP
aEKJ9AS/3761,1,0.9589021049111679,0.8218016624450684,0.8218016624450684,TP
aEKJ9AS/3764,0,0.000513554581634514,0.7251673340797424,1.049041748046875e-05,FP
aEKJ9AS/3765,1,0.5584528245707358,0.8795719742774963,0.5560092926025391,TP
aEKJ9AS/377,1,0.8356110919649169,0.8414106965065002,0.6891401410102844,TP
aEKJ9AS/3772,0,0.008890283294825415,0.885258138179779,0.0087422132492065,TP
aEKJ9AS/3774,0,0.08155223607769053,0.9178547263145448,0.1150954365730286,TP
aEKJ9AS/3788,1,0.38808768181190856,0.8208199143409729,0.3817454874515534,TP
aEKJ9AS/379,0,0.8403618135497921,0.686931848526001,0.2463075816631317,TP
aEKJ9AS/3797,1,0.8098333187845776,0.9011216759681702,0.7873606458306313,TP
aEKJ9AS/38,1,0.00047096842481734146,0.628061830997467,0.3052360713481903,TP
aEKJ9AS/3811,1,0.012333183605081045,0.7437272667884827,0.0099010467529296,TP
aEKJ9AS/3818,0,0.23246847675614815,0.9792124629020692,0.014142632484436,FP
aEKJ9AS/3820,1,0.40558106564809937,0.9993417859077454,0.0706345438957213,TP
aEKJ9AS/3828,1,0.18725218974283106,0.7111968994140625,0.0968034863471984,TP
aEKJ9AS/3842,1,0.41970182209283186,0.8178436160087585,0.5272261500358582,TP
aEKJ9AS/3848,0,0.0012632335103859378,0.9764621257781982,0.0093892812728882,TP
aEKJ9AS/3849,0,0.005861597627258111,0.768643856048584,0.0285466909408569,TP
aEKJ9AS/3850,1,0.3848115355612453,0.9115341305732728,0.0979368686676026,TP
aEKJ9AS/3863,1,0.004475198449242453,0.936032235622406,0.6528888642787933,TP
aEKJ9AS/3864,0,0.00010388716757675906,0.9616785645484924,0.0002042055130003,FP
aEKJ9AS/3865,0,3.474061272968259e-05,0.9739719033241272,0.0022393465042114,FP
aEKJ9AS/3866,1,0.9322165643132045,0.8369516730308533,0.7706092074513435,TP
aEKJ9AS/3867,0,0.0001890840324164999,0.9328892230987548,0.0612987279891966,FP
aEKJ9AS/3868,0,3.0730764705481127e-05,0.8912431597709656,0.0001134276390075,FP
aEKJ9AS/3869,1,0.12867577843938163,0.7455013990402222,0.0109223127365112,TP
aEKJ9AS/3870,0,0.00021875261848949712,0.9414305686950684,0.0125555396080015,FP
aEKJ9AS/3871,0,0.00015384893019779983,0.8956048488616943,0.0018931031227111,FP
aEKJ9AS/3872,0,0.00021248774800605524,0.937564492225647,0.0008081197738647,FP
aEKJ9AS/3873,1,0.005411671397068382,0.7341589331626892,0.0385156869888305,TP
aEKJ9AS/3874,1,0.24472085276396474,0.9009017944335938,0.2042396664619445,TP
aEKJ9AS/3875,1,0.02945225816929948,0.7797152400016785,0.139010488986969,TP
aEKJ9AS/3879,0,0.0027014507593929515,0.8081993460655212,0.0202565789222717,TP
aEKJ9AS/3883,1,0.3089841197734094,0.8574833869934082,0.0791544914245605,TP
aEKJ9AS/3885,1,0.7164669472982064,0.9470701217651368,0.9470701217651368,TP
aEKJ9AS/3888,1,0.5005640725217979,0.799707293510437,0.1810903549194336,TP
aEKJ9AS/3900,1,0.6793755241861313,0.79973965883255,0.4655936658382416,TP
aEKJ9AS/3901,1,0.2053604567374844,0.7860546708106995,0.5471887737512589,TP
aEKJ9AS/3902,0,0.002289140442249132,0.979722261428833,0.0007073283195495,TP
aEKJ9AS/3903,1,0.008165047992024025,0.8392934203147888,0.0313871502876281,TP
aEKJ9AS/3904,0,0.0002581727126479053,0.8874884247779846,0.0477927923202514,TP
aEKJ9AS/3906,1,0.6694922847248612,0.7815073132514954,0.5010001063346863,TP
aEKJ9AS/3915,1,0.007190140147493766,0.8234763741493225,0.0011767148971557,TP
aEKJ9AS/392,1,0.052663816353017597,0.610380232334137,0.3182416558265686,TP
aEKJ9AS/3944,1,0.18476893023018445,0.9651357531547546,0.1509783267974853,TP
aEKJ9AS/3951,1,0.0020055205579950423,0.7545031309127808,0.0,TP
aEKJ9AS/3953,1,0.6469242463134006,0.9191381335258484,0.4228272438049317,TP
aEKJ9AS/3954,1,0.06417890478381409,0.6430807113647461,0.1501723825931549,TP
aEKJ9AS/3956,1,0.5469711850357694,0.6275730729103088,0.3833778947591783,TP
aEKJ9AS/3959,1,0.9875179067264664,0.9448169469833374,0.9448169469833374,TP
aEKJ9AS/3960,1,0.9769625305198382,0.9443190693855286,0.9443190693855286,TP
aEKJ9AS/3962,1,0.5038009684105199,0.8129019141197205,0.0497080087661743,TP
aEKJ9AS/3965,1,0.8045163759861884,0.8908736109733582,0.5256553292274475,TP
aEKJ9AS/3971,1,0.23086254031679376,0.8595256805419922,0.083403468132019,TP
aEKJ9AS/3976,1,0.12163495096935656,0.9174163341522216,0.0054487586021423,TP
aEKJ9AS/3977,1,0.0010389019756173045,0.9257426261901855,0.0204034447669984,TP
aEKJ9AS/3980,1,0.41933855059197656,0.9909085631370544,0.0661935806274414,TP
aEKJ9AS/3982,1,0.651980791958972,0.745163083076477,0.6657664552330972,TP
aEKJ9AS/3984,1,0.7775063799069776,0.8545835614204407,0.2580184936523437,TP
aEKJ9AS/3985,1,0.03733323872138419,0.9136809706687928,0.6276035010814669,TP
aEKJ9AS/3986,1,0.32472281572274253,0.8551557660102844,0.5513691306114197,TP
aEKJ9AS/3989,1,0.002136185884191298,0.6164310574531555,0.0007135868072509,TP
aEKJ9AS/3994,1,0.891454419489113,0.9280788898468018,0.9280788898468018,TP
aEKJ9AS/4,1,0.5258691557545473,0.8347786068916321,0.1482013463973999,TP
aEKJ9AS/4004,1,0.3317816829849911,0.7293464541435242,0.1757488846778869,TP
aEKJ9AS/4006,0,0.771743943045285,0.7229750752449036,0.2275639176368713,TP
aEKJ9AS/4007,1,0.3187256945266565,0.897555410861969,0.0921964049339294,TP
aEKJ9AS/4009,0,0.00016558957470137048,0.9442891478538512,0.0052635669708251,TP
aEKJ9AS/4022,1,0.08589675844558521,0.985775351524353,0.023331344127655,TP
aEKJ9AS/4024,0,8.934609623115714e-05,0.7616435289382935,0.0409956574440002,FP
aEKJ9AS/4031,0,0.5829816210743711,0.9291212558746338,0.0462636947631835,TP
aEKJ9AS/4034,0,0.0002633003480760199,0.7063729763031006,0.0170270800590515,FP
aEKJ9AS/4035,1,0.8688387966414409,0.8058595061302185,0.6981816217303276,TP
aEKJ9AS/4037,1,0.6869382543969413,0.8916995525360107,0.1065300107002258,TP
aEKJ9AS/4040,1,0.2946427680610641,0.8503628969192505,0.0020511150360107,TP
aEKJ9AS/4041,0,0.007230817016236306,0.9542267322540284,0.002764880657196,TP
aEKJ9AS/4044,1,0.49571679038443667,0.9425692558288574,0.0121045708656309,TP
aEKJ9AS/4047,1,0.6243963583730332,0.8892896175384521,0.1061795949935913,TP
aEKJ9AS/4049,1,0.014814950640091801,0.8451274037361145,0.0136529207229614,TP
aEKJ9AS/4051,1,0.016521814946821436,0.8896612524986267,0.5333413481712341,TP
aEKJ9AS/4068,0,0.9298463312852407,0.8499577641487122,0.4243085384368896,FP
aEKJ9AS/407,1,0.008644090391174234,0.7331234812736511,0.1634789109230041,TP
aEKJ9AS/4074,1,0.16572711266296192,0.8577673435211182,0.1253577470779419,TP
aEKJ9AS/4075,1,0.15469980486496898,0.8104509115219116,0.1300703287124633,TP
aEKJ9AS/4081,1,0.3258612869686599,0.957396388053894,0.2205128669738769,TP
aEKJ9AS/4087,1,0.06225049245342362,0.8681750297546387,0.7076402008533478,TP
aEKJ9AS/4097,1,0.992311643546495,0.9480056166648864,0.9480056166648864,TP
aEKJ9AS/4099,1,0.21604488418376797,0.7208177447319031,0.2141597867012024,TP
aEKJ9AS/41,0,0.2198029911491547,0.8311443328857422,0.0017479658126831,TP
aEKJ9AS/4100,0,0.11145676793947085,0.968093991279602,0.0477161407470704,TP
aEKJ9AS/4101,1,0.7266382059042236,0.9163565635681152,0.676107794046402,TP
aEKJ9AS/4102,1,0.06022033536839976,0.7652310729026794,0.098070204257965,TP
aEKJ9AS/4103,0,0.00020546088902882812,0.923221468925476,0.039661407470703,FP
aEKJ9AS/4104,0,0.14418192376744526,0.8777322769165039,0.0602232813835144,TP
aEKJ9AS/4105,0,0.00011958961507122465,0.9174973368644714,0.00919109582901,FP
aEKJ9AS/4106,1,0.025838741230161704,0.9241560101509094,0.5345456302165985,TP
aEKJ9AS/4107,0,0.09877853692239863,0.8337820768356323,0.1076475381851196,TP
aEKJ9AS/4108,0,0.23501070913205985,0.7474051713943481,0.0687934160232544,TP
aEKJ9AS/4110,0,3.959885557952062e-05,0.8509563207626343,0.2614173889160156,FP
aEKJ9AS/4115,1,0.04729982943383276,0.736461877822876,0.0006055831909179,TP
aEKJ9AS/4118,0,0.43217545529110657,0.9680150747299194,0.0015462040901184,TP
aEKJ9AS/4119,1,0.003438836173331015,0.9172771573066713,0.0784770250320435,TP
aEKJ9AS/4120,1,0.13213535870623538,0.8459066152572632,0.0079138875007629,TP
aEKJ9AS/4123,1,0.27828907811773257,0.939584732055664,0.1060438156127928,TP
aEKJ9AS/4124,1,0.695608900565419,0.917234182357788,0.4790942072868346,TP
aEKJ9AS/4126,1,0.3756430979284544,0.8982916474342346,0.2641147971153259,TP
aEKJ9AS/4127,1,0.1672829706021759,0.9392821192741394,0.216737151145935,TP
aEKJ9AS/4130,1,0.7356765760255777,0.800101637840271,0.6666741520166397,TP
aEKJ9AS/4134,1,0.042720409665518835,0.99368155002594,0.7150118052959443,TP
aEKJ9AS/4136,1,0.1313943272159314,0.938363790512085,0.4852963984012604,TP
aEKJ9AS/414,1,0.7470775614282116,0.8665278553962708,0.8665278553962708,TP
aEKJ9AS/4141,1,0.003443611367076743,0.7508407235145569,0.0774083733558654,TP
aEKJ9AS/4148,0,0.00040232488513736116,0.7230427861213684,0.0019811987876892,FP
aEKJ9AS/415,1,0.14897776820650083,0.822019100189209,0.7254609167575837,TP
aEKJ9AS/4150,1,0.1947396565315801,0.8948352336883545,0.0421041846275329,TP
aEKJ9AS/4154,0,0.0031319860971291223,0.7200185656547546,0.0137674212455749,FP
aEKJ9AS/4158,1,0.25333883486569114,0.8755541443824768,0.7654678970575333,TP
aEKJ9AS/4159,1,0.4816064378362432,0.8838285803794861,0.0475589632987976,TP
aEKJ9AS/416,1,0.2680406531242379,0.8712338805198669,0.6107788980007172,TP
aEKJ9AS/4164,1,0.30489886570473995,0.8815929293632507,0.1543507575988769,TP
aEKJ9AS/417,1,0.2753923134188354,0.9411190152168274,0.0582455396652221,TP
aEKJ9AS/4171,0,0.11596766856172734,0.8746051788330078,0.0211545228958129,TP
aEKJ9AS/4176,0,0.8120399004085092,0.7534101605415344,0.0077452659606933,TP
aEKJ9AS/4177,1,0.558598500924334,0.9412869215011596,0.5117534399032592,TP
aEKJ9AS/418,1,0.2934174907633081,0.9012424349784852,0.4513740539550782,TP
aEKJ9AS/4181,0,0.004679270999743979,0.8137681484222412,0.0296041965484619,TP
aEKJ9AS/4185,1,0.23993451657469433,0.931265354156494,0.3158491849899291,TP
aEKJ9AS/4199,1,0.0005238071442076083,0.8440827131271362,0.0011051297187805,TP
aEKJ9AS/42,1,0.4418443446875452,0.9330092072486876,0.3707812428474425,TP
aEKJ9AS/4200,1,0.5810482540050355,0.963540494441986,0.7285450398921965,TP
aEKJ9AS/4203,0,0.001989726117768802,0.8023489713668823,0.0193628668785095,FP
aEKJ9AS/4209,1,0.6690326757061813,0.9314165711402892,0.0267175436019896,TP
aEKJ9AS/4214,1,0.6797983268360934,0.9134361147880554,0.1859863996505737,TP
aEKJ9AS/4218,1,0.003005917404298102,0.7683839201927185,0.1323020458221435,TP
aEKJ9AS/4220,1,0.2712724914339302,0.8892380595207214,0.6912796944379808,TP
aEKJ9AS/4225,1,0.04786341012785769,0.8089337944984436,0.3622466623783112,TP
aEKJ9AS/4226,1,0.02805590641646754,0.8042904138565063,0.40557661652565,TP
aEKJ9AS/4227,1,0.34240479706622634,0.9407381415367126,0.176465094089508,TP
aEKJ9AS/4228,1,0.2669646644110876,0.7657029628753662,0.5086900591850281,TP
aEKJ9AS/4229,1,0.46219704639723,0.8861138820648193,0.0537510514259338,TP
aEKJ9AS/423,1,0.2632093897269125,0.7592585682868958,0.4988265335559845,TP
aEKJ9AS/4230,0,0.6227633058449614,0.9173921942710876,0.826783575117588,FP
aEKJ9AS/4231,1,0.9715990226623482,0.9473277926445008,0.9473277926445008,TP
aEKJ9AS/4232,0,0.00018545342999186164,0.8684043884277344,0.0278872847557067,TP
aEKJ9AS/4234,1,0.41278134351021467,0.9021834135055542,0.0783303380012512,TP
aEKJ9AS/4235,0,0.624398765021214,0.9236593842506408,0.1913601160049437,TP
aEKJ9AS/4236,1,0.9004997083227223,0.8323510885238647,0.7256608903408052,TP
aEKJ9AS/4237,0,0.9955491727503587,0.9739217758178712,0.9739217758178712,FP
aEKJ9AS/4238,0,0.00012438525267994592,0.8381847143173218,0.0063208937644958,TP
aEKJ9AS/4239,0,5.0774071473206475e-05,0.7135711312294006,0.0165345072746276,FP
aEKJ9AS/424,1,0.2094704722417346,0.7545429468154907,0.1080309152603149,TP
aEKJ9AS/4240,1,0.4785234028567253,0.8677008152008057,0.1846432089805603,TP
aEKJ9AS/4241,1,0.5272642612543272,0.9751045107841492,0.2202975153923034,TP
aEKJ9AS/4244,0,0.010128119284202706,0.8009417057037354,0.184069275856018,FP
aEKJ9AS/4245,0,8.828956474370552e-07,0.9999991655349731,2.384185791015625e-07,TP
aEKJ9AS/4246,0,0.0001296133430587342,0.7151024341583252,0.105501651763916,FP
aEKJ9AS/4247,1,0.29901741916495095,0.7445517778396606,0.2025392055511474,TP
aEKJ9AS/4248,1,0.015858142685593178,0.7827498316764832,0.2027474045753479,TP
aEKJ9AS/4250,1,0.9930190998301903,0.9324734210968018,0.9324734210968018,TP
aEKJ9AS/4251,1,0.4892043405368777,0.9792731404304504,0.0299685001373292,TP
aEKJ9AS/4252,1,0.8475490458746188,0.936722218990326,0.308876395225525,TP
aEKJ9AS/4253,1,0.32779951136204566,0.5704283714294434,0.330823540687561,TP
aEKJ9AS/4255,1,0.726106826650545,0.9931323528289796,0.350475311279297,TP
aEKJ9AS/4256,1,0.2144496470970011,0.5777777433395386,0.3207364082336426,TP
aEKJ9AS/4257,1,0.36720710133689005,0.9818934798240662,0.375217080116272,TP
aEKJ9AS/4258,1,0.09481479110524993,0.999902844429016,0.0002676248550413,TP
aEKJ9AS/4259,1,0.5447656738414892,0.9864616990089417,0.2962044477462768,TP
aEKJ9AS/4262,0,0.16367544524798402,0.9728779196739196,0.6988069117069244,FP
aEKJ9AS/4265,1,0.03555842595155721,0.8060469031333923,0.439367413520813,TP
aEKJ9AS/4279,1,0.12381182458845802,0.8994191884994507,0.045037031173706,TP
aEKJ9AS/4281,1,0.03032447130305125,0.8368708491325378,0.0371794700622558,TP
aEKJ9AS/43,1,0.2594215222414584,0.8669873476028442,0.1686022281646728,TP
aEKJ9AS/4302,1,0.0980104083278771,0.9272928833961488,0.0304496884346009,TP
aEKJ9AS/4308,0,0.014053025695909074,0.9394211173057556,7.390975952037415e-06,FP
aEKJ9AS/4319,0,0.00034579537185496406,0.8047383427619934,3.2782554626464844e-06,FP
aEKJ9AS/4335,0,0.9986185227488318,0.7529765367507935,0.1386446356773376,TP
aEKJ9AS/4338,1,0.5847981305308002,0.8507965207099915,0.0004193782806396,TP
aEKJ9AS/4340,1,0.3304312705641496,0.8566866517066956,0.5673146545886993,TP
aEKJ9AS/4342,1,0.5027887163277772,0.914605677127838,0.0387918949127196,TP
aEKJ9AS/4349,1,0.29969986414957295,0.7211833000183105,0.3198648393154144,TP
aEKJ9AS/4358,0,0.4188284400867382,0.7381537556648254,0.0836801528930664,TP
aEKJ9AS/4359,0,0.7154641426401297,0.6047762632369995,0.2076206207275391,TP
aEKJ9AS/4361,0,0.12311267459157799,0.7915109395980835,0.0318608283996582,TP
aEKJ9AS/4369,0,0.9352061957548571,0.6646242141723633,0.5765843242406846,TP
aEKJ9AS/4370,1,0.15911927690745883,0.9585420489311218,0.1856717467308044,TP
aEKJ9AS/4376,0,6.85109411685817e-05,0.7905464768409729,0.0395117998123168,FP
aEKJ9AS/438,1,0.5562757262791049,0.9009126424789428,0.0208085179328917,TP
aEKJ9AS/4380,1,0.016241088295713458,0.9375212788581848,0.189263105392456,TP
aEKJ9AS/4384,1,0.3030068852393924,0.9646926522254944,0.0740032196044921,TP
aEKJ9AS/439,1,0.9306614273100161,0.8547428846359253,0.537084549665451,TP
aEKJ9AS/4391,1,0.7090455035841599,0.8999985456466675,0.5448794364929199,TP
aEKJ9AS/4392,1,0.3645956345730807,0.9646860957145692,0.4718316793441774,TP
aEKJ9AS/4393,1,0.5921062767360457,0.9418842792510986,0.022261917591095,TP
aEKJ9AS/4397,1,0.4306643289781238,0.9810590744018556,0.0706993341445924,TP
aEKJ9AS/44,1,0.4252814927185421,0.8754550814628601,0.3757950067520142,TP
aEKJ9AS/440,1,0.5651325765761556,0.7731499075889587,0.7731499075889587,TP
aEKJ9AS/4400,1,0.2867491026511723,0.9064570069313048,0.4534925222396849,TP
aEKJ9AS/4415,1,0.0009237556086696514,0.9599559307098388,0.0055381059646605,TP
aEKJ9AS/4416,1,0.6740787142478416,0.8070513606071472,0.4718797504901886,TP
aEKJ9AS/4418,1,0.6423010867181301,0.8614731431007385,0.0230339765548706,TP
aEKJ9AS/4423,0,0.3373823390945847,0.7128657102584839,0.0378727912902832,FP
aEKJ9AS/4426,0,0.05946375091747686,0.757472813129425,0.0317069888114929,TP
aEKJ9AS/4430,1,0.9594567400951985,0.8280847668647766,0.7555577158927919,TP
aEKJ9AS/4435,0,0.04968364405607664,0.9363474249839784,0.458506077528,FP
aEKJ9AS/4437,0,0.040393623703582945,0.6709875464439392,0.0301087498664855,TP
aEKJ9AS/4444,1,0.6981215884715334,0.7940570116043091,0.6481285691261292,TP
aEKJ9AS/4447,1,0.9826666127851829,0.9592622518539428,0.9592622518539428,TP
aEKJ9AS/445,0,0.00023821849117375177,0.7134166359901428,0.125388503074646,FP
aEKJ9AS/4454,1,0.3589887001701772,0.9184447526931764,0.4702413678169251,TP
aEKJ9AS/4456,1,0.21243628093882022,0.9636859893798828,0.0513972640037536,TP
aEKJ9AS/4468,1,0.36356670543486047,0.8634635210037231,0.2034002542495727,TP
aEKJ9AS/4472,1,0.3650172463509977,0.94805645942688,0.0240027308464051,TP
aEKJ9AS/4476,0,0.11038583380124525,0.800368070602417,0.0383843779563903,TP
aEKJ9AS/448,1,0.3162641157894861,0.9152593016624452,0.0068119168281556,TP
aEKJ9AS/4481,1,0.00021476098471975985,0.877229630947113,0.0059990882873535,TP
aEKJ9AS/4485,1,0.4742183397828205,0.9910839200019836,0.0193114876747132,TP
aEKJ9AS/4487,0,0.033527874742283914,0.8482669591903687,0.3469493985176086,FP
aEKJ9AS/4491,0,0.000155027127033546,0.7854374647140503,0.0022748708724975,FP
aEKJ9AS/4492,0,0.00319188411525495,0.6755854487419128,0.1578925848007202,FP
aEKJ9AS/4498,1,0.00040856137044999955,0.8666274547576904,0.0161463022232055,TP
aEKJ9AS/4499,0,0.09645809198158803,0.7713785171508789,0.0478970408439636,FP
aEKJ9AS/4500,1,0.00032710840119305843,0.9003615975379944,0.0194287300109863,TP
aEKJ9AS/4509,1,0.3020392227577557,0.8577694892883301,0.0491430759429931,TP
aEKJ9AS/451,1,0.9215191130951335,0.9070224761962892,0.8619022257626059,TP
aEKJ9AS/4518,1,0.24927458966846572,0.9570808410644532,0.1445133090019227,TP
aEKJ9AS/4519,1,0.14683162159845695,0.9293897747993468,0.5192846357822417,TP
aEKJ9AS/4526,0,0.8111960243886888,0.8691045045852661,0.246316909790039,FP
aEKJ9AS/4527,1,0.11248422978608011,0.8898887038230896,0.0594418048858642,TP
aEKJ9AS/453,1,0.10930079437412338,0.779187023639679,0.3002277016639709,TP
aEKJ9AS/4558,1,0.818149628336382,0.9358604550361632,0.4315989017486571,TP
aEKJ9AS/4563,0,0.00800607039061422,0.8587523102760315,0.11177259683609,FP
aEKJ9AS/4567,1,0.5774595104863045,0.8309961557388306,0.522492915391922,TP
aEKJ9AS/4569,1,0.1375406257641289,0.5561606884002686,0.0100072622299194,TP
aEKJ9AS/4570,1,0.48503332198705307,0.8905307054519653,0.0641448497772216,TP
aEKJ9AS/4587,1,0.024302953573612857,0.7629817724227905,0.0012815594673156,TP
aEKJ9AS/459,0,0.0005273434546045483,0.8743829727172852,8.52346420288086e-06,TP
aEKJ9AS/4590,0,0.44486611826165173,0.8431422114372253,0.3664934933185577,FP
aEKJ9AS/4596,0,0.24835176821453142,0.7724437713623047,0.7724437713623047,FP
aEKJ9AS/46,1,0.5761680423855042,0.7060167193412781,0.2273724377155304,TP
aEKJ9AS/4602,1,0.10093266711291195,0.723831295967102,0.157287061214447,TP
aEKJ9AS/4605,1,0.000831436672797656,0.9829099774360656,0.0170957446098327,TP
aEKJ9AS/4607,1,0.17555408891654148,0.9431023001670836,0.4895119667053221,TP
aEKJ9AS/4611,0,0.002899798035590524,0.8838716745376587,0.4761753082275391,FP
aEKJ9AS/4615,0,0.07147734836387047,0.8882098197937012,0.1794496774673462,FP
aEKJ9AS/4618,1,0.895795909619905,0.947512149810791,0.947512149810791,TP
aEKJ9AS/4620,1,0.005033645430505461,0.9483086466789246,0.0014893412590025,TP
aEKJ9AS/4621,1,0.9470171188918693,0.9560237526893616,0.9560237526893616,TP
aEKJ9AS/4622,1,0.0348344772086419,0.9563925266265868,0.1218369603157042,TP
aEKJ9AS/4624,1,0.1776244591262273,0.7974648475646973,0.2899119853973388,TP
aEKJ9AS/4626,1,0.026988746169789943,0.88359135389328,0.0270460844039917,TP
aEKJ9AS/4633,1,0.1900630474825649,0.9609735608100892,0.0319836735725403,TP
aEKJ9AS/4634,1,0.24687094320554698,0.5820260643959045,0.1498537361621857,TP
aEKJ9AS/4637,1,0.4288892611758454,0.9644145965576172,0.235457956790924,TP
aEKJ9AS/4641,0,0.6833023154059316,0.7557666897773743,0.0003357529640197,FP
aEKJ9AS/4644,1,0.3722668547920972,0.82343590259552,0.0111322402954101,TP
aEKJ9AS/4649,1,0.8989691097141336,0.8752171397209167,0.6930550932884216,TP
aEKJ9AS/465,1,0.007265672601572275,0.9482532739639282,0.0001141428947449,TP
aEKJ9AS/4650,0,0.03258423003237997,0.8464189171791077,0.0063400268554687,TP
aEKJ9AS/4651,0,8.166923654962843e-05,0.999072015285492,0.0004428029060364,TP
aEKJ9AS/4653,1,0.09223421630996911,0.9998737573623656,0.0176047086715696,TP
aEKJ9AS/4655,0,0.07283341606929937,0.6277428269386292,0.0394261479377746,TP
aEKJ9AS/4657,1,0.22523342369583782,0.8740018010139465,0.2547167539596557,TP
aEKJ9AS/4663,0,0.7585592823889584,0.7198995351791382,0.0484562516212463,TP
aEKJ9AS/4664,0,0.9521295237842596,0.8357170224189758,0.581575870513916,FP
aEKJ9AS/467,1,0.19926198556309152,0.872378945350647,0.2610514163970947,TP
aEKJ9AS/4670,1,0.006171811053504454,0.4995520412921905,0.1068371236324309,TP
aEKJ9AS/4671,1,0.14580850893610559,0.917678713798523,0.0064817667007445,TP
aEKJ9AS/4675,1,0.00962941178040324,0.9128404855728148,0.0438351035118101,TP
aEKJ9AS/468,0,0.11122463532211314,0.904862344264984,0.0308473706245421,FP
aEKJ9AS/4683,0,0.004575052149064573,0.932669758796692,0.0147029161453248,TP
aEKJ9AS/4685,1,0.3018165860284837,0.8758761286735535,0.8087831065058708,TP
aEKJ9AS/4687,1,0.6056918789517135,0.9432950615882874,0.1432372331619262,TP
aEKJ9AS/4689,0,0.1070953365729518,0.7590072154998779,0.0059230923652648,FP
aEKJ9AS/4695,0,0.0007751804135044554,0.9740138649940492,0.0667763352394104,TP
aEKJ9AS/4698,1,0.2691688734521377,0.7482720017433167,0.1289789080619812,TP
aEKJ9AS/47,1,0.5066437026575598,0.7025781869888306,0.2215350270271301,TP
aEKJ9AS/4705,1,0.2756065444109915,0.6981589198112488,0.0370169281959533,TP
aEKJ9AS/4708,1,0.3110724463728475,0.7761111855506897,0.0410869717597961,TP
aEKJ9AS/4709,1,0.21703067325319633,0.8164982795715332,0.0413702726364135,TP
aEKJ9AS/4710,1,0.40491765775512173,0.7783201336860657,0.1061340570449829,TP
aEKJ9AS/4715,0,0.00024241768225298147,0.8607510328292847,0.4894098639488221,FP
aEKJ9AS/4721,1,0.0005755036588955616,0.9652226567268372,0.0310853123664855,TP
aEKJ9AS/4724,0,0.00014414572410922534,0.8808066844940186,0.0026832818984985,FP
aEKJ9AS/4725,0,0.0001962731888758411,0.9580848813056946,0.0016568899154661,FP
aEKJ9AS/4726,0,0.0001523428696698144,0.7255188822746277,0.0249018669128417,FP
aEKJ9AS/4727,1,0.007841898965438309,0.8801482915878296,0.0128270387649536,TP
aEKJ9AS/4728,1,0.009464799684354343,0.9202587008476256,0.1235278844833372,TP
aEKJ9AS/4729,0,0.00022574976943700377,0.9466657042503356,0.0022190213203427,TP
aEKJ9AS/473,0,0.0021158574277696345,0.6852828860282898,0.0,TP
aEKJ9AS/4734,1,0.2725537337288308,0.8802928924560547,0.0991194248199462,TP
aEKJ9AS/4735,1,0.03820074803300689,0.9485682249069214,0.0004894137382506,TP
aEKJ9AS/4740,0,0.4560567311006264,0.842126727104187,0.1571990847587585,FP
aEKJ9AS/4754,0,0.028086232037726488,0.7983223795890808,0.3733236491680145,FP
aEKJ9AS/4761,1,0.1345566148905878,0.9015345573425292,0.0365967154502867,TP
aEKJ9AS/4762,1,0.41000383273124824,0.8805148005485535,0.0005506873130798,TP
aEKJ9AS/4767,1,0.71596013435144,0.8607791066169739,0.5887376666069031,TP
aEKJ9AS/4770,1,0.46300527298103256,0.7577106356620789,0.0737016201019287,TP
aEKJ9AS/4771,1,0.40664104221922426,0.9953030347824096,0.0626552700996397,TP
aEKJ9AS/4772,1,0.4977637957485277,0.9676406383514404,0.0727472305297851,TP
aEKJ9AS/4773,0,2.8127197730378464e-05,0.871389627456665,4.303455352783203e-05,TP
aEKJ9AS/4774,1,0.2372363941896211,0.8547563552856445,0.3408800959587097,TP
aEKJ9AS/4775,1,0.038530487713098444,0.7513160109519958,0.435856819152832,TP
aEKJ9AS/4778,1,0.31817272855890066,0.9134760499000548,0.1094216108322142,TP
aEKJ9AS/4779,1,0.07929643694767263,0.8972845077514648,0.7283842414617538,TP
aEKJ9AS/4780,0,0.0016775175936770226,0.932800829410553,0.0103368163108825,FP
aEKJ9AS/4781,1,0.1982444237965732,0.8550761342048645,0.2549383044242859,TP
aEKJ9AS/4782,0,0.0010289165493754771,0.997523844242096,0.5473012626171112,FP
aEKJ9AS/4783,1,0.008691602241490076,0.7402649521827698,0.0877696871757507,TP
aEKJ9AS/4784,1,0.3205424445220438,0.9637907147407532,0.484363079071045,TP
aEKJ9AS/4785,1,0.1759660037944316,0.8980518579483032,0.3326495289802551,TP
aEKJ9AS/4786,0,0.005989232421000251,0.910289466381073,0.0068624019622801,TP
aEKJ9AS/4787,1,0.17234203285664124,0.9998803734779358,0.158307135105133,TP
aEKJ9AS/4788,1,0.5309812005227086,0.8642617464065552,0.3528779745101928,TP
aEKJ9AS/4789,0,8.528065103122231e-05,0.7862144112586975,0.0119285583496093,FP
aEKJ9AS/4790,1,0.3046553616896342,0.7525894045829773,0.2654121518135071,TP
aEKJ9AS/4791,1,0.2345056256117234,0.9695034027099608,0.1248411536216734,TP
aEKJ9AS/4792,1,0.003887885743391818,0.7760581970214844,0.0860183238983154,TP
aEKJ9AS/4794,0,0.010349711360136467,0.8568860292434692,0.0234349966049194,FP
aEKJ9AS/48,0,0.6574460345184975,0.5030505657196045,0.5030505657196045,TP
aEKJ9AS/480,0,0.23361720822227014,0.8626673221588135,0.031929612159729,TP
aEKJ9AS/4807,0,0.007018835927135784,0.8832303881645203,0.0089813470840454,TP
aEKJ9AS/4810,1,0.6979486001762903,0.8246023058891296,0.6248056292533875,TP
aEKJ9AS/4829,1,0.34284482719277637,0.7860318422317505,0.0966967940330505,TP
aEKJ9AS/4830,1,0.3299000659280426,0.9123449921607972,0.0845146775245667,TP
aEKJ9AS/4831,1,0.37288807923828593,0.8373965620994568,0.0480854511260986,TP
aEKJ9AS/4834,1,0.2846367839800294,0.7662287354469299,0.1594759225845337,TP
aEKJ9AS/4835,1,0.10262207266259625,0.8141122460365295,0.1883658170700073,TP
aEKJ9AS/4842,1,0.7770838804446446,0.9340853691101074,0.2928131222724914,TP
aEKJ9AS/4843,0,0.02430519575056763,0.7576514482498169,0.1392313838005066,FP
aEKJ9AS/4846,0,0.872515769383445,0.7635684013366699,0.2851638495922089,TP
aEKJ9AS/485,1,0.5739828974638673,0.8392943739891052,0.4935112297534943,TP
aEKJ9AS/4850,1,0.23712246119113845,0.763120174407959,0.2755550444126129,TP
aEKJ9AS/4853,1,0.25488621301466396,0.868691086769104,0.2681052684783935,TP
aEKJ9AS/4857,1,0.06699144356886184,0.7984610795974731,0.0809579491615295,TP
aEKJ9AS/4859,1,0.05694937075283568,0.9452375173568726,0.1726518869400024,TP
aEKJ9AS/486,1,0.05665003012329799,0.977310597896576,0.6736505925655367,TP
aEKJ9AS/4860,1,0.2503425995779731,0.8875541090965271,0.2323269844055175,TP
aEKJ9AS/4863,0,0.5701679184153903,0.5611196160316467,0.0042483806610107,TP
aEKJ9AS/4867,1,0.3051402518283113,0.9032580256462096,0.0472869873046873,TP
aEKJ9AS/4874,1,0.6271940719013357,0.8580625057220459,0.0653140544891357,TP
aEKJ9AS/4882,1,0.36878774554083915,0.8498314619064331,0.0596163868904113,TP
aEKJ9AS/4892,1,0.6185811652025753,0.6843644976615906,0.1430803537368774,TP
aEKJ9AS/4898,1,0.05520149084647937,0.9354590773582458,0.4054629206657409,TP
aEKJ9AS/490,1,0.633080679198709,0.7436498403549194,0.6265215873718262,TP
aEKJ9AS/4901,0,0.00037555289476745655,0.8744602203369141,0.0279818177223205,FP
aEKJ9AS/4902,1,0.2820581793672188,0.9214437007904052,0.0590717792510985,TP
aEKJ9AS/4909,0,8.615704201673282e-05,0.8976953029632568,0.0019966959953308,TP
aEKJ9AS/4912,1,0.7167847804094869,0.89609694480896,0.89609694480896,TP
aEKJ9AS/4914,0,0.013464558313508542,0.9039562344551086,0.0875663757324218,FP
aEKJ9AS/492,1,0.7268288811904848,0.9505881071090698,0.7434905469417572,TP
aEKJ9AS/4921,0,0.22384643951081745,0.7227329611778259,0.650481589138508,FP
aEKJ9AS/4925,1,0.8438998642235237,0.8980434536933899,0.6938979476690292,TP
aEKJ9AS/4927,1,0.039412808907659275,0.7834157943725586,0.0259785056114196,TP
aEKJ9AS/4930,1,0.12518422853894895,0.845474123954773,0.0598734617233276,TP
aEKJ9AS/4933,0,0.0038261828840085717,0.8243281841278076,0.1532469987869262,FP
aEKJ9AS/4935,0,0.511799580542489,0.8867284059524536,0.1956138610839843,TP
aEKJ9AS/4939,1,0.20322075717901594,0.754143476486206,0.0635837912559509,TP
aEKJ9AS/4940,1,0.1336465474468864,0.9065266847610474,0.0840977430343627,TP
aEKJ9AS/4944,0,0.9700209463095089,0.9399771690368652,0.7235548496246338,TP
aEKJ9AS/4947,1,0.816424239649532,0.8566379547119141,0.6957426816225053,TP
aEKJ9AS/4951,1,0.3499652174129196,0.9062961339950562,0.0042150020599365,TP
aEKJ9AS/4952,0,0.04445772625031314,0.9582166075706482,0.0364396572113038,FP
aEKJ9AS/4959,1,0.32215401097215857,0.8053206205368042,0.261301577091217,TP
aEKJ9AS/496,1,0.974520793502139,0.8482214212417603,0.8482214212417603,TP
aEKJ9AS/4960,1,0.6875434825327179,0.7924734950065613,0.4493252038955689,TP
aEKJ9AS/4961,1,0.20609816506348494,0.758312463760376,0.0291828513145446,TP
aEKJ9AS/497,1,0.7337312679124834,0.7712154984474182,0.7712154984474182,TP
aEKJ9AS/4976,1,0.4506674077721548,0.75058513879776,0.2261112928390503,TP
aEKJ9AS/498,1,0.34623608799438216,0.9909498691558838,0.201269268989563,TP
aEKJ9AS/4980,0,0.9865843190394474,0.9103596210479736,0.7952374666929245,TP
aEKJ9AS/4984,0,0.9909801154042756,0.839675784111023,0.839675784111023,FP
aEKJ9AS/4985,1,0.21046441953510497,0.8358508944511414,0.033609390258789,TP
aEKJ9AS/4987,1,0.2149181808036409,0.881600558757782,0.0159640908241271,TP
aEKJ9AS/4988,0,0.003697380414730525,0.7179140448570251,0.170958399772644,FP
aEKJ9AS/4990,1,0.24811573567447584,0.8385780453681946,0.336281418800354,TP
aEKJ9AS/4992,1,0.2981630768412804,0.9022315740585328,0.1675508618354798,TP
aEKJ9AS/4993,0,0.00013297218689676009,0.9999865293502808,0.0782496333122253,FP
aEKJ9AS/4994,1,0.13480833678961418,0.8650302290916443,0.094166100025177,TP
aEKJ9AS/4995,1,0.5041908583639462,0.9097945690155028,0.1491351723670958,TP
aEKJ9AS/500,1,0.3911944655561832,0.9386615753173828,0.0586143732070922,TP
aEKJ9AS/5005,1,0.18878620250476388,0.990192711353302,0.2487308979034423,TP
aEKJ9AS/5017,0,0.0024879269337906257,0.7794640064239502,0.0751929283142089,FP
aEKJ9AS/5019,1,0.6266084838230922,0.8157716989517212,0.2744215130805969,TP
aEKJ9AS/5028,0,0.0007114638832456379,0.9057605266571044,0.5702850222587585,FP
aEKJ9AS/5033,1,0.32725336620365225,0.8475841879844666,0.1532730460166931,TP
aEKJ9AS/5035,1,0.28225858941389104,0.9346938729286194,0.0550518631935119,TP
aEKJ9AS/5051,1,0.18452413010851842,0.9427573680877686,0.2571266889572143,TP
aEKJ9AS/5052,1,0.30040516115301896,0.9424213767051696,0.2610338926315306,TP
aEKJ9AS/5054,1,0.36005379482306143,0.9441344141960144,0.2297675609588623,TP
aEKJ9AS/51,0,0.0006999996312100952,0.3890270888805389,0.0,TP
aEKJ9AS/510,1,0.15762331332926707,0.8532997369766235,0.0251567959785461,TP
aEKJ9AS/511,0,0.00018816158849024542,0.8968872427940369,0.0114766955375671,FP
aEKJ9AS/513,1,0.35621774996513117,0.9693057537078856,0.5400543808937073,TP
aEKJ9AS/5151,1,0.18212234025072363,0.7238451838493347,0.0410717129707336,TP
aEKJ9AS/5154,0,0.0020553037904553545,0.781791090965271,0.0,TP
aEKJ9AS/5160,1,0.005668252230935969,0.952623188495636,0.5589955151081085,TP
aEKJ9AS/5167,0,0.001080495333332238,0.948559820652008,0.5124378800392151,FP
aEKJ9AS/5170,1,0.07270527520707978,0.8723487854003906,0.5209127068519592,TP
aEKJ9AS/5191,0,0.9525065047051268,0.7398501038551331,0.6636112481355667,FP
aEKJ9AS/52,1,0.9825753757322745,0.7976449131965637,0.7976449131965637,TP
aEKJ9AS/520,1,0.0030192982845876457,0.90428626537323,0.0077179074287414,TP
aEKJ9AS/521,1,0.0006325541530642274,0.8652552962303162,0.0060382485389709,TP
aEKJ9AS/5210,0,0.16600348362024817,0.8927910327911377,0.1318505406379699,FP
aEKJ9AS/5212,1,0.4114722680119827,0.871468722820282,0.2903441786766052,TP
aEKJ9AS/5221,1,0.3996282352745625,0.9951604604721068,0.07199627161026,TP
aEKJ9AS/523,0,0.0006394734551730577,0.9479595422744752,0.017438292503357,FP
aEKJ9AS/5232,0,0.00020696008699210564,0.955634355545044,0.0178700685501099,FP
aEKJ9AS/5235,1,0.16853032183650732,0.8736802339553833,0.0472194552421569,TP
aEKJ9AS/5238,1,0.03431203441403829,0.8094302415847778,0.0151777863502502,TP
aEKJ9AS/526,0,0.00015068443314224237,0.8984563946723938,0.0055415630340576,TP
aEKJ9AS/5264,1,0.08755625238291215,0.7141846418380737,0.4348144233226776,TP
aEKJ9AS/5265,1,0.028307163843842336,0.9662858843803406,0.0458647012710571,TP
aEKJ9AS/5271,1,0.8420092591573001,0.8885038495063782,0.5683920681476593,TP
aEKJ9AS/5272,1,0.6329228032777876,0.950389325618744,0.1316137909889222,TP
aEKJ9AS/528,1,0.476533575142867,0.916514217853546,0.0001176595687863,TP
aEKJ9AS/5282,1,0.2269665448774681,0.7978827953338623,0.1948423385620117,TP
aEKJ9AS/5291,1,0.7287920736756849,0.9108622074127196,0.6629897952079772,TP
aEKJ9AS/53,1,0.8105035836688468,0.7880021929740906,0.7880021929740906,TP
aEKJ9AS/5300,0,0.0001353441555510506,0.9989441633224488,5.30481338523181e-06,FP
aEKJ9AS/5301,0,9.290443683970622e-05,0.9066956639289856,0.0050296783447265,FP
aEKJ9AS/5302,0,2.8134090654013744e-05,0.8186008930206299,0.044743001461029,FP
aEKJ9AS/5304,0,0.0011312781152815596,0.7114377617835999,0.1932885646820068,FP
aEKJ9AS/5307,0,0.0032393473496565035,0.6159865856170654,0.0105524659156799,TP
aEKJ9AS/5314,1,0.2330928963078037,0.5682546496391296,0.2578329443931579,TP
aEKJ9AS/5316,0,0.5558571504389269,0.7954816222190857,0.1025829315185546,TP
aEKJ9AS/5317,1,0.16833744807272838,0.5820038914680481,0.4900042191147805,TP
aEKJ9AS/5318,1,0.316233677289185,0.932831048965454,0.2870638370513915,TP
aEKJ9AS/532,1,0.798808052975799,0.8094587922096252,0.634569838643074,TP
aEKJ9AS/5320,1,0.7889751589494141,0.8973652124404907,0.5531452000141144,TP
aEKJ9AS/5328,0,0.022233691011896258,0.6109026074409485,0.0,TP
aEKJ9AS/533,1,0.27571764386597514,0.5630930066108704,0.473478101193905,TP
aEKJ9AS/5332,1,0.6100161582808548,0.9153274297714232,0.0132759809494016,TP
aEKJ9AS/5333,0,0.12479962195539214,0.6398180723190308,0.3858500123023987,FP
aEKJ9AS/5336,1,0.34901921715808876,0.6967875957489014,0.1805774569511413,TP
aEKJ9AS/5339,0,0.024977136348089832,0.9251599311828612,0.0313323736190794,TP
aEKJ9AS/5358,1,0.4500825513342074,0.735200822353363,0.1373548507690429,TP
aEKJ9AS/5362,0,0.01031781877597588,0.8261852860450745,0.1024488806724548,FP
aEKJ9AS/5377,1,0.0022454666692753203,0.8331721425056458,0.2881049513816833,TP
aEKJ9AS/5381,0,0.017975086557316073,0.8699073195457458,0.1545220017433166,FP
aEKJ9AS/5388,1,0.36284409829426717,0.7822540998458862,0.4054154753684997,TP
aEKJ9AS/5390,1,0.4281395376908165,0.8890074491500854,0.117535650730133,TP
aEKJ9AS/5394,0,7.967287211196156e-05,0.9974842667579652,0.0323421955108643,TP
aEKJ9AS/5395,1,0.6870011556990914,0.8767611384391785,0.3809598684310913,TP
aEKJ9AS/5398,0,0.11676138435398804,0.8251528143882751,0.0098713040351867,FP
aEKJ9AS/5399,1,0.6397676598866677,0.9407905340194702,0.7438642531633377,TP
aEKJ9AS/54,1,0.5606323488422912,0.947967767715454,0.6940227150917052,TP
aEKJ9AS/5400,1,0.1714191175672313,0.8304188847541809,0.3296473026275635,TP
aEKJ9AS/5402,1,0.30891150592477296,0.7933409810066223,0.0337494015693664,TP
aEKJ9AS/5403,1,0.18722922723145444,0.9194015264511108,0.0147868990898132,TP
aEKJ9AS/5413,1,0.0004879817649658281,0.7428323030471802,0.0389681458473205,TP
aEKJ9AS/5424,1,0.5667919615904513,0.9821059107780457,0.4194023609161377,TP
aEKJ9AS/5425,1,0.6131924332164992,0.8432161808013916,0.4339985549449921,TP
aEKJ9AS/5427,1,0.9906919483580576,0.87583988904953,0.87583988904953,TP
aEKJ9AS/5428,1,0.7649347109514432,0.7895938158035278,0.6033057421445848,TP
aEKJ9AS/5432,1,0.8668468585720492,0.956960380077362,0.5619154274463652,TP
aEKJ9AS/5436,1,0.5554963490958694,0.8945121765136719,0.0748326778411865,TP
aEKJ9AS/5450,1,0.5999785692397628,0.9469010233879088,0.479928433895111,TP
aEKJ9AS/5451,1,0.52347052866618,0.8382846117019653,0.4520189464092255,TP
aEKJ9AS/5454,0,0.008638233692345433,0.9305291771888732,0.2875800132751464,FP
aEKJ9AS/5466,1,0.1712379644497401,0.810709536075592,0.810709536075592,TP
aEKJ9AS/547,1,0.04529000282497424,0.7944509983062744,0.0286440849304199,TP
aEKJ9AS/5487,1,0.41399432919739787,0.7335605025291443,0.0105804800987243,TP
aEKJ9AS/5489,1,0.29771475398653824,0.8987622857093811,0.4552147388458252,TP
aEKJ9AS/5493,1,0.32469905765711693,0.8677145838737488,0.395857721567154,TP
aEKJ9AS/5497,1,0.2701794934335695,0.7930487990379333,0.0034483075141906,TP
aEKJ9AS/55,1,0.7860285958285704,0.8118011951446533,0.792609864845872,TP
aEKJ9AS/5501,1,0.09257268312215673,0.7562815546989441,0.1082553267478942,TP
aEKJ9AS/5506,0,0.7331508005178053,0.6460530161857605,0.229878544807434,TP
aEKJ9AS/5510,1,0.606779884808684,0.9243429899215698,0.2646461129188537,TP
aEKJ9AS/5512,1,0.048627253332855475,0.9999995231628418,0.6747622191905975,TP
aEKJ9AS/5514,0,0.07213475434804083,0.8174980282783508,0.0715214610099792,FP
aEKJ9AS/5516,0,0.133869828179392,0.545955240726471,0.0,TP
aEKJ9AS/5520,1,0.15277976836116172,0.685609757900238,0.0361470580101013,TP
aEKJ9AS/5523,1,0.04040779996654458,0.93649822473526,0.4366616904735565,TP
aEKJ9AS/5524,1,0.25057131524798376,0.9038205146789552,0.1921895146369935,TP
aEKJ9AS/5526,1,0.28496880814543474,0.7928709387779236,0.0243251323699951,TP
aEKJ9AS/5527,1,0.14840635746396225,0.8524747490882874,0.1948927640914917,TP
aEKJ9AS/5528,1,0.4565588659390922,0.8457810878753662,0.0566118359565734,TP
aEKJ9AS/5530,1,0.5056049386518631,0.890327513217926,0.1698804497718811,TP
aEKJ9AS/5535,1,0.18414979876824564,0.8140383362770081,0.3120747804641723,TP
aEKJ9AS/5550,1,0.8981854645872867,0.9483659863471984,0.2956942915916442,TP
aEKJ9AS/5553,1,0.8479452462230803,0.9112614393234252,0.7127900868654251,TP
aEKJ9AS/5554,1,0.5093189187012671,0.89251708984375,0.2352636456489563,TP
aEKJ9AS/5556,1,0.4847189589158909,0.8878033757209778,0.059102177619934,TP
aEKJ9AS/5557,0,0.0022048654839912528,0.771300733089447,0.0054336190223693,FP
aEKJ9AS/5565,0,0.4147339203628682,0.6558257937431335,0.1883255541324615,TP
aEKJ9AS/5566,0,0.0060133770066054006,0.8441126346588135,0.0063061714172363,FP
aEKJ9AS/5575,1,0.008173054657482045,0.9645310640335084,0.0045434832572938,TP
aEKJ9AS/5578,0,0.00035609497332915355,0.9137111306190492,0.0070269107818603,FP
aEKJ9AS/5579,1,0.3812473467687417,0.7957468032836914,0.2967334389686585,TP
aEKJ9AS/5582,1,0.30728724777522165,0.8881648182868958,0.019992172718048,TP
aEKJ9AS/5588,0,0.021386605855795437,0.7696553468704224,0.2525246739387512,FP
aEKJ9AS/5589,0,0.026500821691677185,0.921151041984558,0.001783549785614,TP
aEKJ9AS/5590,1,0.013299723861795646,0.9528172612190248,0.0032102465629579,TP
aEKJ9AS/5595,1,0.40745335108143127,0.9576311111450196,0.1083583235740662,TP
aEKJ9AS/5596,1,0.7660228947369735,0.8790606260299683,0.5967957973480225,TP
aEKJ9AS/5601,0,0.9937990739345169,0.8536525964736938,0.8536525964736938,TP
aEKJ9AS/5608,0,8.385167638441374e-05,0.941070795059204,0.0091649889945983,TP
aEKJ9AS/5609,0,9.784349193479222e-05,0.9242929816246032,0.0412913560867308,FP
aEKJ9AS/5611,1,0.11936641367272496,0.9321929216384888,0.1093787550926208,TP
aEKJ9AS/5612,1,0.4463286087338228,0.7561897039413452,0.2049908638000488,TP
aEKJ9AS/5614,1,0.746393962737506,0.909871518611908,0.6654766499996185,TP
aEKJ9AS/5616,1,0.9868752572517283,0.9431047439575196,0.9431047439575196,TP
aEKJ9AS/5624,1,0.6500478051444433,0.6236087679862976,0.0857144594192504,TP
aEKJ9AS/5626,1,0.3432021213686712,0.7492110729217529,0.3461748361587524,TP
aEKJ9AS/5630,0,0.0001264036723697132,0.7272654175758362,0.0430837869644165,FP
aEKJ9AS/5639,1,0.7553789243660476,0.9578283429145812,0.1932138204574583,TP
aEKJ9AS/5640,0,0.15012325648814492,0.8612823486328125,0.0153588056564331,FP
aEKJ9AS/5653,0,0.00022953542854345583,0.9287907481193542,0.0079299807548522,FP
aEKJ9AS/5663,1,0.10408468891931058,0.9998674988746644,0.0683415532112123,TP
aEKJ9AS/5666,0,0.9877903599367782,0.9308872222900392,0.9308872222900392,FP
aEKJ9AS/5670,1,0.05529596804939388,0.9661763906478882,0.2362099885940551,TP
aEKJ9AS/5671,0,0.16520639705810866,0.9587540030479432,0.0289430618286133,TP
aEKJ9AS/5672,1,0.20691691926053973,0.8102092146873474,0.1760350465774536,TP
aEKJ9AS/5673,1,0.2976227907066694,0.8372929096221924,0.5401061475276947,TP
aEKJ9AS/5677,1,0.5087762930672711,0.7770032286643982,0.4800933003425598,TP
aEKJ9AS/5684,1,0.1434156118406189,0.7148850560188293,0.2424075305461883,TP
aEKJ9AS/5685,0,0.8905824160733995,0.7654340267181396,0.4340770542621612,FP
aEKJ9AS/5686,1,0.4701895447502786,0.7902246713638306,0.1091238260269165,TP
aEKJ9AS/5688,1,0.1118587954303855,0.7226948738098145,0.0835928916931152,TP
aEKJ9AS/5689,1,0.4815024077695162,0.7387834191322327,0.2269595265388488,TP
aEKJ9AS/5692,1,0.10109404097242015,0.7173528671264648,0.0776838660240173,TP
aEKJ9AS/5694,1,0.4150402755162077,0.7311726808547974,0.1259641051292419,TP
aEKJ9AS/5695,0,0.027622752479335523,0.7422423958778381,0.0367130041122436,FP
aEKJ9AS/5697,1,0.4342266958695294,0.8429445624351501,0.2190041542053222,TP
aEKJ9AS/570,1,0.7817670690660172,0.765555202960968,0.7115127965807915,TP
aEKJ9AS/5700,1,0.43415445063528885,0.7300748229026794,0.3002418875694275,TP
aEKJ9AS/5701,1,0.3224996234740152,0.7923221588134766,0.0889476537704467,TP
aEKJ9AS/5705,0,0.0033855738620480994,0.6153892278671265,0.0478250980377197,TP
aEKJ9AS/5708,1,0.19721906604012865,0.9719566702842712,0.0014709830284118,TP
aEKJ9AS/571,1,0.0159644733650727,0.9560840725898744,0.931397780776024,TP
aEKJ9AS/5714,1,0.003372624702975749,0.8191904425621033,0.1017187237739563,TP
aEKJ9AS/5718,0,1.905830463320056e-05,0.999427616596222,0.093554973602295,FP
aEKJ9AS/572,1,0.36261225360293287,0.7191200852394104,0.0486382246017456,TP
aEKJ9AS/5723,1,0.729061033908694,0.7942091226577759,0.4771409630775451,TP
aEKJ9AS/5725,1,0.056689733029636306,0.9533490538597108,0.528506100177765,TP
aEKJ9AS/5735,0,0.2118714848241272,0.731066882610321,0.0469895601272583,TP
aEKJ9AS/574,1,0.35087150370277315,0.951601266860962,0.1703981757164002,TP
aEKJ9AS/575,1,0.48275873068419434,0.8482230305671692,0.4982950687408448,TP
aEKJ9AS/5751,0,0.00027252229357987615,0.7563414573669434,0.2287589907646179,FP
aEKJ9AS/5752,0,0.015296107414070417,0.907460629940033,0.0591707825660705,FP
aEKJ9AS/5756,1,0.6394537121064938,0.8159648776054382,0.1190549731254577,TP
aEKJ9AS/576,1,0.9912242780353118,0.9419983625411988,0.9419983625411988,TP
aEKJ9AS/577,1,0.9739411773266229,0.9092690348625184,0.6513628959655764,TP
aEKJ9AS/5771,1,0.06837707505396096,0.8358669281005859,0.8358669281005859,TP
aEKJ9AS/578,1,0.2942595786147355,0.8225882649421692,0.0083547830581665,TP
aEKJ9AS/5789,1,0.11744802695522202,0.7644191980361938,0.4705139696598053,TP
aEKJ9AS/5791,1,0.2628040687467879,0.8833654522895813,0.0467954277992248,TP
aEKJ9AS/5792,1,0.2380481220594987,0.8464135527610779,0.173092782497406,TP
aEKJ9AS/5793,0,0.00012414042209905586,0.7179968357086182,0.0076583623886108,FP
aEKJ9AS/5795,0,0.23138650410195882,0.7753773331642151,0.1198785901069641,FP
aEKJ9AS/5796,0,0.00022503819444091286,0.7382364273071289,0.0136156678199768,FP
aEKJ9AS/5797,0,6.899373405901512e-05,0.9625526070594788,0.1343699097633361,FP
aEKJ9AS/5799,0,4.0376251121919924e-05,0.9598414301872252,0.0146691799163816,FP
aEKJ9AS/5800,1,0.09356058683846782,0.6439845561981201,0.2781655788421631,TP
aEKJ9AS/5802,0,0.00010892178567264207,0.919449269771576,0.0037023425102236,FP
aEKJ9AS/5803,1,0.013096242551660859,0.943209171295166,0.2668581008911133,TP
aEKJ9AS/5805,1,0.32780275974247053,0.8517907857894897,0.0854828953742981,TP
aEKJ9AS/5808,1,0.4057625289757155,0.933474063873291,0.3253473043441772,TP
aEKJ9AS/5810,1,0.9159232651990437,0.9611430168151855,0.7389904409646988,TP
aEKJ9AS/5812,1,0.21495096969994684,0.8866556882858276,0.0799973011016845,TP
aEKJ9AS/5815,1,0.2847516406819287,0.808670163154602,0.1346096396446228,TP
aEKJ9AS/5816,1,0.5384945486925364,0.9137438535690308,0.224543035030365,TP
aEKJ9AS/5819,1,0.49155632348983697,0.8765157461166382,0.1048524975776672,TP
aEKJ9AS/5821,1,0.467834815697334,0.792802095413208,0.0996153950691223,TP
aEKJ9AS/5824,1,0.14162785604154604,0.8010106682777405,0.1803987026214599,TP
aEKJ9AS/5825,1,0.15466316088365806,0.8007937669754028,0.2687824368476867,TP
aEKJ9AS/5826,1,0.3379444933665776,0.8739269375801086,0.1673594713211059,TP
aEKJ9AS/5827,1,0.23904048624586177,0.8288826942443848,0.017687439918518,TP
aEKJ9AS/5829,1,0.6901973255002768,0.8399673104286194,0.5014208257198334,TP
aEKJ9AS/5831,0,0.00042086539667574545,0.8893606662750244,0.0103758573532104,TP
aEKJ9AS/5832,1,0.059379103812427024,0.850458562374115,0.1786422729492187,TP
aEKJ9AS/5833,1,0.39058489722923617,0.9264245629310608,0.1570159792900085,TP
aEKJ9AS/5834,0,0.03579761212789685,0.7159212231636047,0.1372672915458679,FP
aEKJ9AS/5836,1,0.44763542815769625,0.7816697359085083,0.0449216961860656,TP
aEKJ9AS/5837,0,0.007734932969443504,0.855783224105835,0.0022423267364501,TP
aEKJ9AS/5838,0,0.1672178051521205,0.6636406183242798,0.0789955854415893,FP
aEKJ9AS/5839,1,0.294355353552772,0.8235629200935364,0.1751618981361389,TP
aEKJ9AS/5840,0,0.19201372922796733,0.6637980341911316,0.0992364287376403,FP
aEKJ9AS/5841,1,0.665950084751844,0.8481418490409851,0.021901249885559,TP
aEKJ9AS/5842,1,0.9755423554486603,0.9733477234840392,0.8134304285049438,TP
aEKJ9AS/5843,1,0.6245175328088023,0.9713250398635864,0.0627849698066712,TP
aEKJ9AS/5844,1,0.6068587190404157,0.7684959769248962,0.1936759948730468,TP
aEKJ9AS/5847,0,0.0017286531271044174,0.7804673910140991,0.0144971013069152,FP
aEKJ9AS/5849,0,0.8883570151311838,0.7609531283378601,0.2875068783760071,TP
aEKJ9AS/5851,1,0.00784260424782244,0.8194677233695984,0.0283880829811096,TP
aEKJ9AS/5860,0,0.00397673438935116,0.8226262331008911,0.0111598968505859,FP
aEKJ9AS/5861,0,0.0002471812689630545,0.9208961129188538,0.0578981041908264,FP
aEKJ9AS/5864,1,0.03915120212901343,0.836472749710083,0.1350238919258117,TP
aEKJ9AS/5866,1,0.48718077763662526,0.8838315010070801,0.0759334564208984,TP
aEKJ9AS/5867,0,0.8290368550141121,0.9435589909553528,0.2767237424850464,FP
aEKJ9AS/5875,0,0.00272353581031394,0.6982213854789734,0.024728775024414,FP
aEKJ9AS/5876,1,0.06298687389155505,0.935171127319336,0.5276639163494111,TP
aEKJ9AS/5877,0,0.13406743848465463,0.7673670649528503,0.7673670649528503,FP
aEKJ9AS/5878,1,0.4775620528089384,0.8994789719581604,0.4046006500720978,TP
aEKJ9AS/5881,0,0.02280353120696212,0.9339791536331176,0.4077499508857726,FP
aEKJ9AS/5883,1,0.11783415208245938,0.7006348371505737,0.1621758341789245,TP
aEKJ9AS/5886,1,0.12467263172010205,0.842613160610199,0.0143598318099975,TP
aEKJ9AS/59,1,0.13016530106865468,0.6509826183319092,0.1919599771499633,TP
aEKJ9AS/5906,0,0.003851145024261898,0.7088145613670349,0.1195890307426452,FP
aEKJ9AS/5907,1,0.3283080251380134,0.898162841796875,0.132388949394226,TP
aEKJ9AS/5910,0,0.008458014930038355,0.8590731620788574,0.0050739049911499,FP
aEKJ9AS/5915,1,0.6423697722225568,0.9293261766433716,0.1672863364219665,TP
aEKJ9AS/5917,1,0.2404137592314841,0.9995396733283995,0.0464070439338683,TP
aEKJ9AS/5918,1,0.009001360413200179,0.9433907866477966,0.0716102719306945,TP
aEKJ9AS/5920,0,0.0006571968532873392,0.8944058418273926,0.0256903171539306,TP
aEKJ9AS/5922,1,0.7837083862178515,0.8409349918365479,0.5796456336975098,TP
aEKJ9AS/5966,1,0.012306064658500192,0.7303840517997742,0.0034971237182617,TP
aEKJ9AS/5975,1,0.9572861493645035,0.9850651621818542,0.9850651621818542,TP
aEKJ9AS/598,0,0.0006050138355478936,0.993910312652588,0.0001462697982788,TP
aEKJ9AS/5980,1,0.3856610109181387,0.9651594758033752,0.4213785529136657,TP
aEKJ9AS/5981,1,0.8301238871814489,0.90836900472641,0.6527258753776551,TP
aEKJ9AS/5982,1,0.05189090207785928,0.6075097322463989,0.0259034037590026,TP
aEKJ9AS/5986,1,0.343389343983777,0.8190023899078369,0.0556483268737793,TP
aEKJ9AS/5990,1,0.4690290044053939,0.8284398317337036,0.2894690036773681,TP
aEKJ9AS/5991,1,0.8982690409187365,0.911098062992096,0.774592787027359,TP
aEKJ9AS/6000,1,0.08913808464178831,0.8379659056663513,0.0227202773094177,TP
aEKJ9AS/6003,1,0.003173252793073008,0.8231008052825928,0.0023678541183471,TP
aEKJ9AS/6008,0,0.010701696670556352,0.714249312877655,0.0097436904907226,FP
aEKJ9AS/6011,1,0.08479880879636235,0.902971088886261,0.3168498873710632,TP
aEKJ9AS/602,1,0.3922337536716621,0.9290469884872437,0.5440666973590851,TP
aEKJ9AS/6027,1,0.04685655821487074,0.8038623332977295,0.0095768570899963,TP
aEKJ9AS/6028,0,0.9852140890518241,0.9320165514945984,0.7201554626226426,FP
aEKJ9AS/6031,1,0.0015536834499594104,0.832257091999054,0.0122666954994201,TP
aEKJ9AS/6046,0,0.002087419490228243,0.843411386013031,0.0207176208496093,FP
aEKJ9AS/6049,0,0.0004929375247211767,0.8390896320343018,0.6104511171579361,FP
aEKJ9AS/6059,0,0.003578119559559171,0.9119993448257446,0.000753104686737,TP
aEKJ9AS/6080,1,0.4983561577899958,0.8653534650802612,0.176313579082489,TP
aEKJ9AS/6089,1,0.268422061125185,0.8887259364128113,0.0027879476547241,TP
aEKJ9AS/6100,1,0.001667864169713165,0.7145530581474304,0.0101019144058227,TP
aEKJ9AS/6103,1,0.013378429901382057,0.9084753394126892,0.6949301660060883,TP
aEKJ9AS/6104,1,0.031223752775601507,0.6875699162483215,0.051821231842041,TP
aEKJ9AS/6105,0,0.9747348821244378,0.774441659450531,0.7044401541352272,TP
aEKJ9AS/6108,1,0.4454360442555464,0.7913868427276611,0.2284929752349853,TP
aEKJ9AS/6109,1,0.6104095673471734,0.9108536839485168,0.67848901450634,TP
aEKJ9AS/611,0,0.0009560001007431299,0.7233617901802063,0.0066640973091125,FP
aEKJ9AS/6110,1,0.8392715808929065,0.7354278564453125,0.6353077590465546,TP
aEKJ9AS/6113,1,0.22505169211051296,0.9223459959030152,0.3540955781936646,TP
aEKJ9AS/6114,0,0.047877727341878736,0.7235291600227356,0.3364160656929016,FP
aEKJ9AS/6115,0,0.359552898892403,0.8792679905891418,0.0208220481872558,TP
aEKJ9AS/6116,1,0.8391678376411701,0.8063518404960632,0.734220951795578,TP
aEKJ9AS/6121,0,0.02284949977430522,0.7530432343482971,0.0757209062576294,FP
aEKJ9AS/6122,0,9.525522534213351e-05,0.9672878980636596,0.0050550103187559,TP
aEKJ9AS/6124,0,0.09120628141370976,0.8132266998291016,0.2817060947418213,FP
aEKJ9AS/6126,1,0.9774658272942531,0.9026089310646056,0.9026089310646056,TP
aEKJ9AS/613,1,0.0050236811261010995,0.8671570420265198,0.6549096256494522,TP
aEKJ9AS/6130,0,0.00013060337078155847,0.8824527263641357,0.0407357215881347,FP
aEKJ9AS/6138,0,0.06776149294552052,0.7108228802680969,0.3520061671733856,FP
aEKJ9AS/6141,1,0.7924860427665754,0.970595121383667,0.5752484500408173,TP
aEKJ9AS/6142,1,0.9966381614930016,0.9810251593589784,0.9810251593589784,TP
aEKJ9AS/6145,0,0.000257200746819724,0.941182553768158,0.0167652964591979,TP
aEKJ9AS/6147,1,0.0743126391473007,0.8204948902130127,0.6322770714759827,TP
aEKJ9AS/6154,0,0.0039239015477274325,0.8740226030349731,0.0,FP
aEKJ9AS/6155,0,0.9899634587263789,0.7974067330360413,0.7974067330360413,TP
aEKJ9AS/6156,1,0.9916559718048681,0.7384010553359985,0.6861137785017491,TP
aEKJ9AS/6172,1,0.10226474607755569,0.8309149742126465,0.0076974034309387,TP
aEKJ9AS/6176,1,0.0822048100967529,0.9179086089134216,0.2043792605400085,TP
aEKJ9AS/6195,1,0.7222381388239033,0.7832028269767761,0.5537932366132736,TP
aEKJ9AS/6201,1,0.6574104436504367,0.8144301176071167,0.5944623351097107,TP
aEKJ9AS/6205,1,0.15262633822061378,0.7223659157752991,0.4085629284381866,TP
aEKJ9AS/6211,0,0.12528002167235283,0.8395837545394897,0.0453011393547058,FP
aEKJ9AS/6224,1,0.18179266401084226,0.764715850353241,0.404229998588562,TP
aEKJ9AS/6238,1,0.8369073739814555,0.8988682627677917,0.7597320675849915,TP
aEKJ9AS/6244,0,0.832834021131113,0.6729740500450134,0.3914856314659119,FP
aEKJ9AS/632,0,0.0006434979849553728,0.7667330503463745,0.0146707296371459,FP
aEKJ9AS/633,0,3.39962234494745e-05,0.999944269657135,4.333257675182001e-05,TP
aEKJ9AS/6386,1,0.9860579947056426,0.9990053772926332,0.9990053772926332,TP
aEKJ9AS/6395,1,0.3673126773617888,0.9203140139579772,0.006696820259094,TP
aEKJ9AS/6397,1,0.6985048863815229,0.9388989806175232,0.1333640217781067,TP
aEKJ9AS/6400,0,0.12264978254018542,0.7346200942993164,0.0255436897277832,TP
aEKJ9AS/6406,1,0.5012654436701456,0.8930627107620239,0.114591896533966,TP
aEKJ9AS/641,0,0.00018013823023416655,0.7274108529090881,0.0012288689613342,FP
aEKJ9AS/6411,0,2.3364310557120878e-05,0.7671890258789062,0.0341708660125732,FP
aEKJ9AS/6414,0,0.021798853923574293,0.8042250871658325,0.1441790461540222,FP
aEKJ9AS/6418,1,0.4986207685681413,0.8446933627128601,0.1649897098541259,TP
aEKJ9AS/6421,1,0.6845916800541129,0.8910051584243774,0.4123066365718841,TP
aEKJ9AS/6422,0,2.457830682378371e-05,0.7845869660377502,0.053121268749237,FP
aEKJ9AS/6424,0,0.009154993701227037,0.7205981016159058,0.0213865637779235,FP
aEKJ9AS/6428,1,0.2639320358720794,0.8368386030197144,0.0250381231307983,TP
aEKJ9AS/6431,1,0.30621730274745834,0.7074276804924011,0.2421122491359711,TP
aEKJ9AS/6443,1,0.6631317242079006,0.8613866567611694,0.3878934979438782,TP
aEKJ9AS/6445,1,0.5169926741507191,0.9603736400604248,0.0543342232704163,TP
aEKJ9AS/6450,1,0.1247110134124953,0.8270890712738037,0.0606886148452758,TP
aEKJ9AS/6452,1,0.15877074748323303,0.8603602051734924,0.230426013469696,TP
aEKJ9AS/6453,0,0.031082185992575485,0.6313742995262146,0.0319187641143798,FP
aEKJ9AS/6455,0,0.0034185723131968447,0.9996964931488036,0.1517237424850462,FP
aEKJ9AS/6465,1,0.09786970306360027,0.9120393991470336,0.0317552089691161,TP
aEKJ9AS/6472,0,0.0001502165916867468,0.833821177482605,0.0001394748687744,FP
aEKJ9AS/6473,1,0.125204667171311,0.7991889119148254,0.002364158630371,TP
aEKJ9AS/6476,0,0.0007398084325500506,0.922818660736084,0.0395449995994567,TP
aEKJ9AS/6482,0,3.8019685613273894e-05,0.9197990894317628,0.0041144490242004,TP
aEKJ9AS/6486,1,0.5680810001828032,0.7633296251296997,0.6259769797325135,TP
aEKJ9AS/6489,1,0.1202127865735488,0.8535491824150085,0.0456988811492919,TP
aEKJ9AS/6490,1,0.08944284054199181,0.953059196472168,0.0079935789108275,TP
aEKJ9AS/6491,1,0.4645471188793729,0.7414891123771667,0.2970064580440521,TP
aEKJ9AS/6492,1,0.0012456089118059435,0.8566573858261108,0.6123923808336258,TP
aEKJ9AS/6494,0,0.10649626516216229,0.8660644888877869,0.0054097175598144,FP
aEKJ9AS/6495,1,0.1701311004888603,0.8991491794586182,0.231706440448761,TP
aEKJ9AS/6499,1,0.5400710699373498,0.9488166570663452,0.2012225985527038,TP
aEKJ9AS/6501,0,0.34060683616006704,0.812197208404541,0.0406461358070373,TP
aEKJ9AS/6502,1,0.09448022814302227,0.7926321029663086,0.0068832039833068,TP
aEKJ9AS/6503,1,0.005252913787857781,0.9267542362213136,0.3660807013511659,TP
aEKJ9AS/6504,1,0.5419346496389159,0.9639111757278442,0.0786471366882324,TP
aEKJ9AS/6508,0,0.004221626200394917,0.8133736252784729,0.0011777281761169,FP
aEKJ9AS/6511,0,0.4379930323483737,0.7773104906082153,0.003885269165039,TP
aEKJ9AS/6513,1,0.11559584784140554,0.7994633913040161,0.1239147186279296,TP
aEKJ9AS/6514,1,0.547262798866413,0.9687262773513794,0.1422442197799682,TP
aEKJ9AS/6515,1,0.20215872194817106,0.851895272731781,0.0081363916397094,TP
aEKJ9AS/6517,1,0.24643882667169426,0.6718564033508301,0.0191708207130432,TP
aEKJ9AS/6518,1,0.13033407525011895,0.9244657158851624,0.0049184560775755,TP
aEKJ9AS/6519,1,0.1191057999122906,0.7911389470100403,0.0181338787078857,TP
aEKJ9AS/6520,1,0.33712701438080195,0.8388360738754272,0.0246065855026245,TP
aEKJ9AS/6523,1,0.542519258735305,0.8949269652366638,0.0053594708442687,TP
aEKJ9AS/6525,1,0.9382828466230442,0.8690014481544495,0.7493136748671532,TP
aEKJ9AS/6526,0,0.36122751155363647,0.9241071343421936,0.0252243876457214,TP
aEKJ9AS/6528,1,0.3396894541427104,0.9151121377944946,0.1313490271568298,TP
aEKJ9AS/6529,1,0.3579263667531634,0.9461441040039062,0.0470255613327026,TP
aEKJ9AS/6530,1,0.12089413435860112,0.974707841873169,0.1067302227020263,TP
aEKJ9AS/6531,1,0.055311211624473264,0.934474766254425,0.3539059162139892,TP
aEKJ9AS/6533,1,0.20088344459152033,0.8496933579444885,0.0843188762664794,TP
aEKJ9AS/6534,1,0.34288488593040395,0.930702269077301,0.1497082710266113,TP
aEKJ9AS/6535,1,0.5326524008281933,0.9268108010292052,0.1143824458122252,TP
aEKJ9AS/6537,1,0.3778856303490913,0.8775395750999451,0.1440186500549316,TP
aEKJ9AS/6540,1,0.239559181619576,0.7845574617385864,0.0113484859466552,TP
aEKJ9AS/6541,1,0.0018537059206895337,0.7832959294319153,0.1864572763442993,TP
aEKJ9AS/6544,1,0.3360740609492909,0.7132238745689392,0.177451491355896,TP
aEKJ9AS/6545,1,0.11824383865874379,0.8108739852905273,0.0239322781562805,TP
aEKJ9AS/6549,0,0.00025477110244400965,0.952292025089264,0.1308251023292542,FP
aEKJ9AS/655,1,0.6211689868423756,0.9614144563674928,0.3483330011367799,TP
aEKJ9AS/6553,1,0.7424989622461654,0.944139003753662,0.7987746149301528,TP
aEKJ9AS/6556,0,0.04197710106655226,0.7897528409957886,0.0375205874443054,FP
aEKJ9AS/6567,1,0.2696150771564434,0.999843180179596,0.1853062510490417,TP
aEKJ9AS/6569,0,0.0029994749918451098,0.5919150710105896,0.0,FP
aEKJ9AS/657,1,0.9503516442844112,0.97641259431839,0.0850582122802735,TP
aEKJ9AS/6570,0,0.9481170601185356,0.6062016487121582,0.6062016487121582,TP
aEKJ9AS/6573,0,0.007581177162996304,0.7871703505516052,0.0113164782524108,TP
aEKJ9AS/658,1,0.5535425495203391,0.9084525108337402,0.0924934744834899,TP
aEKJ9AS/6585,1,0.5998718541819656,0.950134575366974,0.0293619036674499,TP
aEKJ9AS/6586,1,0.4768662331452127,0.9592182636260986,0.0265941023826598,TP
aEKJ9AS/6587,1,0.9151645082450726,0.8136051893234253,0.7109439000487328,TP
aEKJ9AS/6591,0,0.781183281270049,0.6485023498535156,0.1147988438606262,TP
aEKJ9AS/6594,0,0.8209456108502193,0.9179478287696838,0.2887487411499023,FP
aEKJ9AS/6595,0,0.0021109408239356814,0.8122333288192749,0.0375956296920776,FP
aEKJ9AS/6596,1,0.0015063833788383687,0.9250299334526062,0.074350893497467,TP
aEKJ9AS/6598,1,0.049567485232480404,0.9969103932380676,0.5446508526802063,TP
aEKJ9AS/6599,0,0.9398252944820003,0.8887850642204285,0.5306516289710999,FP
aEKJ9AS/660,0,0.8094259994029644,0.828924834728241,0.2890123724937439,TP
aEKJ9AS/6600,0,0.3411785774170762,0.7402377128601074,0.036364734172821,TP
aEKJ9AS/6601,1,0.43237904839452984,0.82155841588974,0.0668916702270507,TP
aEKJ9AS/6602,0,0.2743185668031915,0.9848387241363524,0.0130773186683652,TP
aEKJ9AS/6603,1,0.0013520963204102208,0.9486470222473145,0.0590795278549194,TP
aEKJ9AS/6605,1,0.24784433464690125,0.9137399792671204,0.2089840769767761,TP
aEKJ9AS/6606,1,0.0018662056059697229,0.8281019926071167,0.0267907977104187,TP
aEKJ9AS/661,0,0.8048858075378303,0.8151824474334717,0.2835832238197326,TP
aEKJ9AS/6611,1,0.11822729365461837,0.830413281917572,0.0010454058647155,TP
aEKJ9AS/6612,0,0.17420644958773662,0.7540859580039978,0.0370224118232727,FP
aEKJ9AS/6614,1,0.054718948386556034,0.8786983489990234,0.0006006956100463,TP
aEKJ9AS/6615,0,0.00011910844796466426,0.8343307971954346,0.0266458988189697,FP
aEKJ9AS/6617,1,0.20394428149488866,0.6262130737304688,0.0941893458366394,TP
aEKJ9AS/6620,1,0.11096374424230945,0.8040421605110168,0.2835257649421692,TP
aEKJ9AS/6623,0,0.0006589266004089198,0.8206673264503479,5.0067901611328125e-05,TP
aEKJ9AS/6624,1,0.9548709337768285,0.9522807598114014,0.8901465199887753,TP
aEKJ9AS/6626,1,0.5686606887386778,0.9891166090965272,0.2096589207649232,TP
aEKJ9AS/6627,0,0.5990809844743971,0.5539339780807495,0.0510531663894653,TP
aEKJ9AS/6629,1,0.08964095544771802,0.8753738403320312,0.2571892738342285,TP
aEKJ9AS/6630,1,0.13444955721773022,0.9117672443389891,0.1929085254669188,TP
aEKJ9AS/6631,0,0.005492300787815249,1.0,0.0,TP
aEKJ9AS/6635,1,0.0038605988160207686,1.0,0.3688015937805176,TP
aEKJ9AS/6638,1,0.3490881262342924,0.8651667237281799,0.0093342065811157,TP
aEKJ9AS/6641,1,0.6361112604448608,0.916526734828949,0.0041648745536804,TP
aEKJ9AS/6642,1,0.3046678308123514,0.7782032489776611,0.0053839683532714,TP
aEKJ9AS/6644,1,0.45302094373472374,0.7957649827003479,0.0061763525009155,TP
aEKJ9AS/6646,1,0.35873721172880624,0.9172410368919371,0.0191624164581297,TP
aEKJ9AS/6648,1,0.12424366195848469,0.899747908115387,0.0379177927970886,TP
aEKJ9AS/6649,1,0.3365400900041407,0.9240413904190063,0.0028899312019347,TP
aEKJ9AS/6650,1,0.33779764761450354,0.9165734648704528,0.3549749851226805,TP
aEKJ9AS/6652,1,0.23102999139620659,0.6842015981674194,0.0942946076393127,TP
aEKJ9AS/6653,1,0.2869514330994214,0.8087077140808105,0.01320081949234,TP
aEKJ9AS/6654,1,0.2073840259204974,0.9125754237174988,0.0063070654869079,TP
aEKJ9AS/6656,1,0.28637392788774674,0.8669174909591675,0.0470193028450012,TP
aEKJ9AS/6657,1,0.32922577488845806,0.783573567867279,0.1901031732559204,TP
aEKJ9AS/6658,1,0.3073699851262796,0.8893581032752991,0.0067994594573974,TP
aEKJ9AS/6663,1,0.12702538773176597,0.8671035170555115,0.0032191276550292,TP
aEKJ9AS/6667,1,0.4715233162567315,0.869088351726532,0.0206791162490844,TP
aEKJ9AS/667,0,0.39605429333670483,0.7838218212127686,0.0883041024208068,FP
aEKJ9AS/6675,1,0.28329576673448004,0.9374483227729796,0.1505462527275084,TP
aEKJ9AS/6676,1,0.35700398037412173,0.9337148666381836,0.0371390581130981,TP
aEKJ9AS/6678,1,0.8605150342755756,0.88733971118927,0.7875416576862335,TP
aEKJ9AS/668,0,0.010013505559671837,0.9677718877792358,0.0966954231262207,TP
aEKJ9AS/6683,1,0.5000518475140956,0.9387705326080322,0.0976362824440002,TP
aEKJ9AS/6686,1,0.1587663353147904,0.9692218899726868,0.1897085309028625,TP
aEKJ9AS/6687,1,0.1380327684803364,0.8611623048782349,0.2546156048774719,TP
aEKJ9AS/6688,1,0.3860185854101969,0.9101107120513916,0.1351814866065979,TP
aEKJ9AS/6689,1,0.31879563252183696,0.9298321008682252,0.0297693610191346,TP
aEKJ9AS/6690,0,0.016631577106820738,0.7566344141960144,0.0,TP
aEKJ9AS/6692,1,0.37424638308719693,0.9180736541748048,0.0935174226760865,TP
aEKJ9AS/6693,1,0.2813568986614596,0.8618924617767334,0.0314449071884155,TP
aEKJ9AS/6694,1,0.03172264250357792,0.9313097596168518,0.231228232383728,TP
aEKJ9AS/6695,1,0.0817442557712292,0.7737734317779541,0.0430051088333129,TP
aEKJ9AS/6697,1,0.13581191893864264,0.909105122089386,0.072579026222229,TP
aEKJ9AS/6698,1,0.35674862253417267,0.8684442043304443,0.060309886932373,TP
aEKJ9AS/67,1,0.2513180616705476,0.851538896560669,0.0257274508476257,TP
aEKJ9AS/6700,1,0.25439920334261074,0.8900107145309448,0.1109959483146667,TP
aEKJ9AS/6701,0,0.0007147241543740575,0.6971284747123718,0.0349273085594177,FP
aEKJ9AS/6704,1,0.1502206829028819,0.9534461498260498,0.0441121459007262,TP
aEKJ9AS/6709,1,0.93707369938684,0.9617573022842408,0.7011461853981019,TP
aEKJ9AS/671,1,0.11926605491369421,0.6611913442611694,0.0605228543281555,TP
aEKJ9AS/6711,0,0.056443629170886786,0.6880139708518982,0.048129379749298,TP
aEKJ9AS/6714,1,0.1891290502290306,0.8333024382591248,0.0114904642105102,TP
aEKJ9AS/6718,0,0.0017346673339002697,0.7810230851173401,0.0109440684318542,FP
aEKJ9AS/6720,1,0.2492206044153524,0.7632575035095215,0.047165036201477,TP
aEKJ9AS/6722,1,0.8086958127497095,0.949566662311554,0.504047304391861,TP
aEKJ9AS/6724,1,0.999839609909136,0.7443251609802246,0.5567915439605713,TP
aEKJ9AS/6727,1,0.9998681081661999,0.7524775266647339,0.5624765455722809,TP
aEKJ9AS/673,1,0.7166217019145837,0.9409406781196594,0.2406584024429321,TP
aEKJ9AS/6730,1,0.09541882954919424,0.8481466770172119,0.0151237249374389,TP
aEKJ9AS/6733,1,0.3382420936546288,0.8100654482841492,0.0940697789192199,TP
aEKJ9AS/6741,0,0.00012302998008199392,0.7729107737541199,0.0412784814834594,FP
aEKJ9AS/6742,1,0.29290404611751764,0.731009304523468,0.0870575308799743,TP
aEKJ9AS/6743,1,5.6842237340192925e-05,0.9116005301475524,0.0255551338195799,TP
aEKJ9AS/6747,0,0.033425071702049766,0.6887167096138,0.2490798532962799,FP
aEKJ9AS/6755,1,0.0032737692624295886,0.9505367279052734,0.1862375736236572,TP
aEKJ9AS/677,0,3.7001645379308765e-05,0.9146368503570556,0.0593978762626646,FP
aEKJ9AS/6776,0,0.00247758612453212,0.7916378974914551,0.1050273180007934,FP
aEKJ9AS/6777,1,0.06213369676070608,0.7161453366279602,0.0862920880317688,TP
aEKJ9AS/6782,1,0.0021913129744165574,0.9548227787017822,0.0109173059463502,TP
aEKJ9AS/6783,1,0.18307014041328748,0.913454294204712,0.5188111066818238,TP
aEKJ9AS/6786,1,0.8756582005681621,0.966093122959137,0.7137458324432373,TP
aEKJ9AS/6787,1,0.695002735190131,0.9636660814285278,0.7152013033628464,TP
aEKJ9AS/6790,1,0.7828446791688023,0.7502776384353638,0.734101101756096,TP
aEKJ9AS/6792,1,0.010742584496392593,0.7951675653457642,0.2098458409309387,TP
aEKJ9AS/6796,0,0.7663229996605111,0.7931405305862427,0.1586299538612365,FP
aEKJ9AS/680,1,0.19483465533385583,0.8663997650146484,0.0265758037567138,TP
aEKJ9AS/681,1,0.040165395101237254,0.9116030335426332,0.1862826347351075,TP
aEKJ9AS/6812,0,0.06378543675483936,0.7128085494041443,0.0619578957557678,FP
aEKJ9AS/6813,1,0.7722761892416038,0.9724594354629515,0.4896019399166106,TP
aEKJ9AS/6816,1,0.5904848321743442,0.7606754899024963,0.5181584805250168,TP
aEKJ9AS/6823,1,0.8672454021154886,0.841302752494812,0.6552615910768509,TP
aEKJ9AS/6829,0,0.1077153919484215,0.7928251028060913,0.595653146505356,FP
aEKJ9AS/6837,1,0.7949686480173379,0.7610703110694885,0.5356481820344925,TP
aEKJ9AS/6838,0,0.7950547507057011,0.700728714466095,0.2954719960689544,FP
aEKJ9AS/6839,0,0.7471815644777953,0.7145438194274902,0.0342459082603454,TP
aEKJ9AS/6843,1,0.3838238521340763,0.9786483645439148,0.3744058609008789,TP
aEKJ9AS/6845,1,0.24474793389687421,0.7448350787162781,0.0480671525001525,TP
aEKJ9AS/6846,1,0.41320033101207415,0.9975435137748718,0.166691780090332,TP
aEKJ9AS/6848,1,0.6994740111852761,0.7576935887336731,0.6927230954170228,TP
aEKJ9AS/6849,1,0.1499498807313227,0.804448664188385,0.2633246779441833,TP
aEKJ9AS/685,1,0.14781215212290125,0.8415237069129944,0.5903497040271759,TP
aEKJ9AS/6858,1,0.007936498882678557,0.9751575589179992,0.0116847753524779,TP
aEKJ9AS/6859,1,0.33424023707761835,0.9608544111251832,0.0719050765037537,TP
aEKJ9AS/6873,1,0.6420556041295332,0.8478459715843201,0.5665421783924103,TP
aEKJ9AS/6875,0,0.7148256278195891,0.7457300424575806,0.0537598729133605,FP
aEKJ9AS/688,0,0.2775645172425044,0.8852894306182861,0.2183828353881836,FP
aEKJ9AS/6897,0,0.0009775740734723332,0.5371026396751404,0.0052613019943237,TP
aEKJ9AS/69,1,0.0031186076293824535,0.888881266117096,0.2872865796089172,TP
aEKJ9AS/690,1,0.344094981334108,0.6530337929725647,0.3449746966362,TP
aEKJ9AS/691,1,0.31291949798382956,0.6585112810134888,0.3071948885917663,TP
aEKJ9AS/6911,1,0.5120900379033074,0.7373595833778381,0.5299676954746246,TP
aEKJ9AS/6914,1,0.014381712951625956,0.8323995471000671,0.1982221603393554,TP
aEKJ9AS/6917,1,0.003368029493761705,0.9070165157318116,0.1015497446060181,TP
aEKJ9AS/6921,1,0.6129935934127833,0.8007058501243591,0.3479694128036499,TP
aEKJ9AS/6922,0,0.40871875510093936,0.85652095079422,0.113627016544342,TP
aEKJ9AS/6924,1,0.25408121440067527,0.9763811230659484,0.338686168193817,TP
aEKJ9AS/6939,1,0.31929246266008093,0.7405204772949219,0.2285109758377075,TP
aEKJ9AS/694,1,0.2502777894697846,0.7238901257514954,0.0017157196998596,TP
aEKJ9AS/6941,1,0.006838635758359972,0.9638915657997132,0.0045831799507142,TP
aEKJ9AS/6964,0,0.001326439976864887,0.6386740803718567,0.0108746886253356,TP
aEKJ9AS/6967,1,0.006497112803855134,0.7579246759414673,0.0504441261291503,TP
aEKJ9AS/6975,1,0.12174997406362005,0.8216414451599121,0.0053422451019287,TP
aEKJ9AS/6976,1,0.025853338024319793,0.9125930070877076,0.3375492691993714,TP
aEKJ9AS/6979,1,0.9444393594477065,0.8307767510414124,0.8307767510414124,TP
aEKJ9AS/6982,0,0.0001560641130521414,0.9681705236434937,0.000584840774536,TP
aEKJ9AS/6985,1,0.11542204894293931,0.9004921913146973,0.1078613400459289,TP
aEKJ9AS/6993,0,0.02183017597689501,0.9370421171188354,0.0216909050941466,TP
aEKJ9AS/6994,0,0.5176255076933883,0.862022876739502,0.0314093828201293,TP
aEKJ9AS/7000,1,0.0029663968721429547,0.947816014289856,0.0287905335426331,TP
aEKJ9AS/7001,0,3.86910433141637e-05,0.9449954628944396,0.0121043920516967,TP
aEKJ9AS/7002,1,0.1069368334436328,0.8487883806228638,0.0390175580978393,TP
aEKJ9AS/7006,1,0.36557764362899026,0.7847292423248291,0.3023171424865723,TP
aEKJ9AS/7008,1,0.23520826393851935,0.8092555403709412,0.0250264406204223,TP
aEKJ9AS/7015,1,0.04439412130086897,0.7438610196113586,0.1303735971450805,TP
aEKJ9AS/7023,0,0.00010100999958468741,0.999045431613922,0.000698149204254,TP
aEKJ9AS/7025,1,0.45506174573707536,0.9320359826087952,0.4560503363609314,TP
aEKJ9AS/703,1,0.0792007840736097,0.7194168567657471,0.2761644124984742,TP
aEKJ9AS/7036,0,0.000526746435710367,0.8707892894744873,0.0140976905822753,FP
aEKJ9AS/7049,1,0.19125325112573158,0.7279581427574158,0.0255466103553771,TP
aEKJ9AS/7059,1,0.001145491644676021,0.7448546290397644,0.0106201767921447,TP
aEKJ9AS/706,1,0.2860816324344454,0.8165975213050842,0.0599156618118286,TP
aEKJ9AS/7060,1,0.6002916197100174,0.9093098640441896,0.5277635455131532,TP
aEKJ9AS/7061,0,0.053353855188066554,0.7168291211128235,0.0504204630851745,FP
aEKJ9AS/7080,0,9.938899416724391e-05,0.7128099203109741,0.0129292011260986,FP
aEKJ9AS/7083,1,0.11745904119838482,0.8599851131439209,0.073355495929718,TP
aEKJ9AS/7085,0,0.00024116008658218904,0.9293389320373536,0.4046900868415833,FP
aEKJ9AS/709,1,0.6654012448541372,0.6367900371551514,0.3484525978565216,TP
aEKJ9AS/7091,0,0.004508167905093591,0.8905110359191895,0.0540996193885803,FP
aEKJ9AS/7094,1,0.6191391944726278,0.8382759094238281,0.4580375552177429,TP
aEKJ9AS/710,1,0.1516324351813566,0.8070092797279358,0.0117042064666748,TP
aEKJ9AS/7103,1,0.003341860423165937,0.7432078719139099,0.012856125831604,TP
aEKJ9AS/7104,1,0.05707715885128032,0.8409086465835571,0.31929612159729,TP
aEKJ9AS/7105,1,0.4132435963980894,0.8229703903198242,0.2437633872032165,TP
aEKJ9AS/7106,0,0.029891301695320123,0.6874027252197266,0.1983809471130371,FP
aEKJ9AS/7107,1,0.15971413354532488,0.8372259140014648,0.4454505145549774,TP
aEKJ9AS/7108,0,0.01873807779894889,0.810338020324707,0.346635103225708,FP
aEKJ9AS/711,0,0.9426529395516758,0.8384295105934143,0.5490058362483978,FP
aEKJ9AS/7110,1,0.10735442487125804,0.8729883432388306,0.2491012215614318,TP
aEKJ9AS/7112,0,0.9429985956033718,0.6982742547988892,0.4840218722820282,TP
aEKJ9AS/7115,1,0.6715481399137146,0.9366582036018372,0.9366582036018372,TP
aEKJ9AS/712,1,0.743647812294201,0.8989943861961365,0.7388440668582916,TP
aEKJ9AS/7121,0,0.05455235972705409,0.7921461462974548,0.550349995493889,FP
aEKJ9AS/7123,1,0.8582702533669865,0.9619314074516296,0.7242353111505508,TP
aEKJ9AS/7124,1,0.7847621391823004,0.999357521533966,0.6291516125202179,TP
aEKJ9AS/7125,1,0.03945608316999456,0.9745608568191528,0.3634529709815979,TP
aEKJ9AS/7126,1,0.2725877538412576,0.8192498087882996,0.2348513007164001,TP
aEKJ9AS/7127,1,0.11672589516609234,0.9524483680725098,0.0156747102737425,TP
aEKJ9AS/7131,0,0.000374167600889168,0.8476181030273438,0.0207191109657287,FP
aEKJ9AS/7133,0,0.1737491926133426,0.8693578839302063,0.0255911350250244,FP
aEKJ9AS/7135,1,0.02929394129352838,0.7226964831352234,0.44167360663414,TP
aEKJ9AS/7136,1,0.32888503068262104,0.8703937530517578,0.1188834905624389,TP
aEKJ9AS/7137,1,0.21247184849451178,0.7680233120918274,0.028113842010498,TP
aEKJ9AS/7142,1,0.10458753081298075,0.8949925899505615,0.4162280559539795,TP
aEKJ9AS/7143,0,0.006190237424894743,0.7088401317596436,0.0872842073440551,FP
aEKJ9AS/7144,0,0.40449546086430505,0.7892492413520813,0.0396504998207092,TP
aEKJ9AS/7145,1,0.0003983435618396043,0.9767212867736816,0.1524077653884887,TP
aEKJ9AS/7147,1,0.14889994477057372,0.8143109083175659,0.225391685962677,TP
aEKJ9AS/7148,1,0.9348708030023318,0.9335118532180786,0.7599781900644303,TP
aEKJ9AS/7149,1,0.8478432144631912,0.9358484745025636,0.8724308982491495,TP
aEKJ9AS/7150,1,0.4491426083266194,0.7911821007728577,0.4873013794422149,TP
aEKJ9AS/7152,1,0.26879317184621077,0.940645694732666,0.1140140295028686,TP
aEKJ9AS/7155,1,0.14955457303972783,0.8227126598358154,0.6154866963624954,TP
aEKJ9AS/716,1,0.5529535305496236,0.9334373474121094,0.2700760960578918,TP
aEKJ9AS/7166,1,0.0637923724395969,0.8718792200088501,0.0393080711364746,TP
aEKJ9AS/7167,0,0.0006188211692425297,0.8998234272003174,0.0093898773193359,TP
aEKJ9AS/7174,0,0.013780838738711138,0.9023257493972778,0.3250081539154053,FP
aEKJ9AS/7181,1,0.5083883092048345,0.5887216925621033,0.392814502120018,TP
aEKJ9AS/7183,1,0.16203232457361438,0.8612055778503418,0.0543600916862487,TP
aEKJ9AS/7184,1,0.18628919698779564,0.760019063949585,0.0502506494522094,TP
aEKJ9AS/7185,1,0.256935387180791,0.5416567921638489,0.0181490778923034,TP
aEKJ9AS/7187,1,0.50911342806551,0.9552502632141112,0.0740838050842284,TP
aEKJ9AS/7188,1,0.39410775968845935,0.7532958984375,0.5904091000556946,TP
aEKJ9AS/719,0,0.7082425259783528,0.8664780259132385,0.8664780259132385,FP
aEKJ9AS/7191,1,0.0038456412898350903,0.9568662643432616,0.1587366461753844,TP
aEKJ9AS/7192,1,0.466366020472912,0.8775736689567566,0.0751947164535522,TP
aEKJ9AS/7198,1,0.2454548241145987,0.676630437374115,0.1116512417793273,TP
aEKJ9AS/7199,0,0.6177512073774973,0.5513790845870972,0.1194829642772674,TP
aEKJ9AS/72,1,0.03579409401854816,0.7765427231788635,0.0686604380607605,TP
aEKJ9AS/7206,0,0.499397666873422,0.9376150965690612,0.0110058784484862,TP
aEKJ9AS/7207,1,0.9589984892172911,0.93599271774292,0.8550768271088601,TP
aEKJ9AS/7209,1,0.12185337342041841,0.7523924708366394,0.1073315143585205,TP
aEKJ9AS/721,0,0.0009233411874780436,0.7245920300483704,0.0945456624031066,FP
aEKJ9AS/7210,1,0.12169066339923311,0.7276137471199036,0.0585144758224487,TP
aEKJ9AS/7213,1,0.21719929337332933,0.9587775468826294,0.4393203854560852,TP
aEKJ9AS/7218,1,0.1679145507299064,0.6888560056686401,0.4012896716594696,TP
aEKJ9AS/723,0,0.07344857510518944,0.7011058926582336,0.64479748159647,FP
aEKJ9AS/7235,0,0.00018488141797892596,0.8073483109474182,0.3870837092399597,FP
aEKJ9AS/7239,0,0.015130023031016808,0.9346750974655152,0.004767954349518,FP
aEKJ9AS/7241,0,0.9737036587616521,0.7038503289222717,0.7038503289222717,FP
aEKJ9AS/7242,1,0.4465720550191286,0.9979787468910216,0.3237748742103575,TP
aEKJ9AS/7263,1,0.16928731291634527,0.7595283389091492,0.0149972438812255,TP
aEKJ9AS/7269,1,0.9492929465039781,0.944682478904724,0.8631486743688583,TP
aEKJ9AS/7270,1,0.2336593110767111,0.678346574306488,0.0520954132080078,TP
aEKJ9AS/7276,0,0.7844930101680184,0.7095949649810791,0.0258992314338684,TP
aEKJ9AS/728,0,0.38177990346821233,0.8428781628608704,0.0012747645378112,TP
aEKJ9AS/7284,0,0.1672605574228563,0.7665815353393555,0.000633418560028,TP
aEKJ9AS/7285,1,0.7489466336091453,0.9764989018440248,0.3865033388137818,TP
aEKJ9AS/7289,0,8.363574204701956e-05,0.9356885552406312,0.001588761806488,TP
aEKJ9AS/7290,1,0.8745234952959774,0.9494509100914,0.789571151137352,TP
aEKJ9AS/7292,1,0.7877900817001908,0.816162645816803,0.4097696542739868,TP
aEKJ9AS/7297,0,0.0036562831180060678,0.7794153094291687,0.0880158543586731,FP
aEKJ9AS/7298,1,0.8845162323381163,0.9500971436500548,0.7018860280513762,TP
aEKJ9AS/7302,1,0.3925390772983493,0.9350573420524596,0.1435599923133849,TP
aEKJ9AS/7303,1,0.35135097963736456,0.9970171451568604,0.0277156233787535,TP
aEKJ9AS/7305,1,0.3970963502310937,0.9793360233306884,0.0705248117446899,TP
aEKJ9AS/7308,1,0.3631638027944062,0.999582827091217,0.2156514525413513,TP
aEKJ9AS/731,1,0.8328437697853207,0.6037498116493225,0.6037498116493225,TP
aEKJ9AS/7312,1,0.4939108210081171,0.9212644100189208,0.0750525593757628,TP
aEKJ9AS/7318,1,0.004793357514010144,0.6540866494178772,0.034027874469757,TP
aEKJ9AS/732,1,0.36054673503309426,0.887694239616394,0.0875704884529113,TP
aEKJ9AS/7321,0,0.01957309343648702,0.7332469820976257,0.2467450499534607,FP
aEKJ9AS/733,0,0.018146350045820298,0.8707777857780457,0.1966887712478637,TP
aEKJ9AS/7330,1,0.9705425509879807,0.9688279628753662,0.788782462477684,TP
aEKJ9AS/7347,0,0.014797689791480573,0.7684125900268555,0.0401402115821838,FP
aEKJ9AS/7349,1,0.9574566749812048,0.9984053373336792,0.9984053373336792,TP
aEKJ9AS/735,1,0.2032762661939973,0.8643099665641785,0.4829085171222687,TP
aEKJ9AS/7353,1,0.3195761409996301,0.9983004927635192,0.0013155341148375,TP
aEKJ9AS/7357,1,0.5407717427326174,0.8403452634811401,0.1427652835845947,TP
aEKJ9AS/7358,1,0.6445067683159538,0.9285395741462708,0.4706914126873016,TP
aEKJ9AS/7359,0,0.02191671993719585,0.7826719880104065,0.0,FP
aEKJ9AS/736,0,0.8586602229833964,0.7673335671424866,0.1042690873146057,TP
aEKJ9AS/7360,1,0.320490864839566,0.94555926322937,0.0099934339523314,TP
aEKJ9AS/7361,1,0.21036455515640734,0.9743335843086244,0.0331762433052064,TP
aEKJ9AS/7362,1,0.7286535146660033,0.8946093916893005,0.814219556748867,TP
aEKJ9AS/7363,1,0.0018391106386528014,0.953619420528412,0.0048130750656127,TP
aEKJ9AS/7365,1,0.629514799107441,0.9261256456375122,0.579794704914093,TP
aEKJ9AS/7366,1,0.6812785817911972,0.9375397562980652,0.6595427095890045,TP
aEKJ9AS/7367,1,0.001239306653211507,0.9588817358016968,0.0065900683403016,TP
aEKJ9AS/7368,1,0.9309489365834033,0.9209020137786864,0.8326460048556327,TP
aEKJ9AS/7370,1,0.3078958710998513,0.948671817779541,0.5890694260597229,TP
aEKJ9AS/7371,0,0.009185837893532063,0.7053561806678772,0.0,TP
aEKJ9AS/7372,0,0.17109857779269375,0.7681667804718018,0.0979295372962951,TP
aEKJ9AS/7374,0,0.00030043034395974883,0.6955597400665283,0.2964060306549072,FP
aEKJ9AS/738,1,0.35072437150783864,0.7280080914497375,0.3697328567504883,TP
aEKJ9AS/7382,1,0.25572150520666515,0.9085887670516968,0.33687424659729,TP
aEKJ9AS/7384,0,0.006180830336257789,0.8447978496551514,0.0037046670913696,FP
aEKJ9AS/7388,1,0.10971976783819372,0.7462453842163086,0.0057700276374816,TP
aEKJ9AS/7391,1,0.28941553147006943,0.7948039770126343,0.0095772147178649,TP
aEKJ9AS/7393,1,0.25674998172402214,0.7651461958885193,0.0912026166915893,TP
aEKJ9AS/7394,1,0.13970838448273315,0.8999956846237183,0.1924483180046081,TP
aEKJ9AS/7397,1,0.29028602329311537,0.7440133094787598,0.20974862575531,TP
aEKJ9AS/7399,1,0.37070443946775355,0.925354778766632,0.0651517510414122,TP
aEKJ9AS/7400,1,0.05059448973902688,0.882817804813385,0.2558919191360473,TP
aEKJ9AS/7401,1,0.10409204962856065,0.8032653331756592,0.1005489826202392,TP
aEKJ9AS/7403,1,0.413608777810533,0.7131131291389465,0.0187087655067443,TP
aEKJ9AS/7404,1,0.29118855369782776,0.7920142412185669,0.176660418510437,TP
aEKJ9AS/7408,1,0.8172319400181691,0.9318227767944336,0.6276162564754486,TP
aEKJ9AS/7418,1,0.5851588723941683,0.9600028395652772,0.0397316217422486,TP
aEKJ9AS/7422,1,0.00027975128826094963,0.8768195509910583,0.0051909685134887,TP
aEKJ9AS/7426,0,0.00725834238963692,0.9466530680656432,0.018266201019287,FP
aEKJ9AS/7434,1,0.5288865880293698,0.95904278755188,0.2660740017890931,TP
aEKJ9AS/7436,1,0.5059798402776663,0.8059284687042236,0.7097085788846016,TP
aEKJ9AS/7437,0,0.00453272926271336,0.7455322742462158,0.3017449975013733,FP
aEKJ9AS/7438,0,0.9693795339600961,0.8117550015449524,0.5740792900323868,FP
aEKJ9AS/7440,1,0.022381711950217112,0.9795226454734802,0.4680757522583008,TP
aEKJ9AS/7441,1,0.2787717520819595,0.8189765214920044,0.0917152166366577,TP
aEKJ9AS/7442,0,0.007278857095624738,0.8033015131950378,0.083933413028717,FP
aEKJ9AS/745,1,0.007937149413770741,0.8351340293884277,0.120320439338684,TP
aEKJ9AS/7459,0,3.210445954366327e-05,0.7198656797409058,0.0525943636894226,FP
aEKJ9AS/7460,1,0.2349147652298977,0.8475723266601562,0.2999935746192932,TP
aEKJ9AS/7468,1,0.8312733703020657,0.8992965817451477,0.2893638610839844,TP
aEKJ9AS/7469,1,0.9860374980756659,0.997637152671814,0.5527381598949432,TP
aEKJ9AS/7472,1,0.5114438141310901,0.8842402100563049,0.0072869658470153,TP
aEKJ9AS/7473,1,0.0002726157304294568,0.8439435362815857,0.2644899487495422,TP
aEKJ9AS/7475,1,0.00041718153854786177,0.8963956236839294,0.1481720805168151,TP
aEKJ9AS/7476,0,0.005216497044438078,0.7344822883605957,0.0351073741912841,TP
aEKJ9AS/7480,1,0.0016679115385625591,0.8844248056411743,0.0142691135406494,TP
aEKJ9AS/7482,1,0.1954819310078139,0.9612568616867064,0.4508373141288756,TP
aEKJ9AS/7483,1,0.501856742488469,0.7756938338279724,0.2271079421043396,TP
aEKJ9AS/7486,1,0.35688793873654523,0.8933266997337341,0.024493396282196,TP
aEKJ9AS/7491,1,0.15296240768655356,0.8487625122070312,0.1988949179649353,TP
aEKJ9AS/7498,0,0.04076608002851899,0.9194329977035522,0.0036135911941528,TP
aEKJ9AS/750,0,0.1330899198839245,0.8550777435302734,0.0127232074737548,TP
aEKJ9AS/7500,0,0.0024781082290897386,0.9782798290252686,0.0034062862396241,TP
aEKJ9AS/7501,1,0.35941517194246264,0.9134555459022522,0.0560339093208313,TP
aEKJ9AS/7503,1,0.0030877134593689363,0.8907557129859924,0.0044329762458801,TP
aEKJ9AS/7505,1,0.2591109198985666,0.8347383141517639,0.0703843235969543,TP
aEKJ9AS/7507,1,0.12721495330728014,0.8570226430892944,0.0694462060928344,TP
aEKJ9AS/7510,1,0.3948746537808184,0.7659974098205566,0.2019299268722534,TP
aEKJ9AS/7514,0,0.17605901056684428,0.6401835680007935,0.0018590688705444,TP
aEKJ9AS/7526,1,0.5897585601291664,0.9488257765769958,0.2553761005401611,TP
aEKJ9AS/7529,0,0.07033198341202436,0.83352130651474,0.0581851005554199,FP
aEKJ9AS/753,1,0.5738242272965766,0.9648661613464355,0.4515531659126282,TP
aEKJ9AS/7533,0,0.14551413261494558,0.6979236602783203,0.2707399725914002,TP
aEKJ9AS/7537,0,0.000398057298549272,0.9507142901420592,0.0056591033935545,FP
aEKJ9AS/7538,1,0.2799805395153458,0.842789888381958,0.5528185367584229,TP
aEKJ9AS/7539,1,0.0013636310535451754,0.7273600101470947,0.1553999185562133,TP
aEKJ9AS/7541,0,0.002158853585640626,0.7202953100204468,0.0071123838424682,FP
aEKJ9AS/7543,1,0.010387509943916932,0.872178316116333,2.688169479370117e-05,TP
aEKJ9AS/7548,0,0.9133771622109381,0.7907809615135193,0.4791485667228699,TP
aEKJ9AS/7549,1,0.07801913602539949,0.7865095138549805,0.0023492574691772,TP
aEKJ9AS/7550,1,0.2975612769208008,0.948431670665741,0.0061725378036497,TP
aEKJ9AS/7558,0,0.0007230693345412518,0.9417343735694884,0.0033124089241027,TP
aEKJ9AS/7560,0,0.14918344667350808,0.86346834897995,0.0,TP
aEKJ9AS/7564,0,0.002498445976819859,0.7701106667518616,0.0002376437187194,FP
aEKJ9AS/7572,1,0.0022191559887191955,1.0,0.0,TP
aEKJ9AS/7573,0,0.04861507238775866,0.821779727935791,0.0103620886802673,TP
aEKJ9AS/7575,0,0.03524083176878086,0.7511833906173706,0.00625741481781,FP
aEKJ9AS/7578,1,0.003053529026969198,0.9143518209457396,0.0859614014625548,TP
aEKJ9AS/758,0,0.039428047769329684,0.7692012190818787,0.5015555024147034,FP
aEKJ9AS/7580,1,0.5107490001606251,0.7086263298988342,0.0983173847198486,TP
aEKJ9AS/7584,1,0.0002106246542777066,0.8125184774398804,0.0010833144187927,TP
aEKJ9AS/7585,1,0.8309726065956174,0.9053167104721068,0.6446410715579985,TP
aEKJ9AS/7587,1,0.005176169999130468,0.947144627571106,0.0295472741127015,TP
aEKJ9AS/7588,1,0.0401311850505781,0.8554237484931946,0.1228668093681335,TP
aEKJ9AS/7589,0,0.014049822891543587,0.8349674940109253,0.066398799419403,FP
aEKJ9AS/7592,1,0.26722933753541406,0.6677544713020325,0.0419179797172546,TP
aEKJ9AS/7595,1,0.0019989677136808396,0.8698617815971375,4.601478576660156e-05,TP
aEKJ9AS/7597,0,0.0002957859253410574,0.9085199236869812,0.3486742377281189,FP
aEKJ9AS/76,0,0.05394588202124048,0.8204924464225769,0.1225849390029907,FP
aEKJ9AS/7604,0,0.07811339265073461,0.5439053177833557,0.0499221086502075,FP
aEKJ9AS/7605,0,0.1681310628391983,0.7242307066917419,0.4235290586948395,FP
aEKJ9AS/7606,1,0.35059954999276993,0.758804440498352,0.1384449601173401,TP
aEKJ9AS/7607,1,0.15328726112737118,0.9024811387062072,0.3081688880920409,TP
aEKJ9AS/7609,1,0.12402508681640209,0.7116073966026306,0.1570528149604797,TP
aEKJ9AS/7611,0,0.7383431539764392,0.697253942489624,0.1342599987983703,TP
aEKJ9AS/7612,1,0.11709547864553324,0.6679335236549377,0.1705706417560577,TP
aEKJ9AS/7614,1,0.461355850953536,0.8266255259513855,0.3523516654968261,TP
aEKJ9AS/7619,1,0.001347559715882302,0.834372341632843,0.0214767456054687,TP
aEKJ9AS/7620,1,0.09908069142727716,0.9989804625511168,0.040097177028656,TP
aEKJ9AS/7621,1,0.2739980222655598,0.9432467222213744,0.0059545636177061,TP
aEKJ9AS/7622,1,0.001320444433214157,0.8250738382339478,0.0721493363380432,TP
aEKJ9AS/7624,1,0.534972837826201,0.9391462206840516,0.0354580879211428,TP
aEKJ9AS/7625,0,0.002027454985262469,0.793886661529541,0.0048645734786987,TP
aEKJ9AS/7626,1,0.24885122158569406,0.8042923808097839,0.0405477285385131,TP
aEKJ9AS/7627,1,0.27825645811833316,0.8844932913780212,0.0024651288986206,TP
aEKJ9AS/7628,0,0.0020627667550681054,1.0,0.2642525434494018,FP
aEKJ9AS/7637,1,0.4728352126707249,0.8252561688423157,0.2722981572151184,TP
aEKJ9AS/7638,1,0.8795221118851866,0.9761590361595154,0.705525130033493,TP
aEKJ9AS/7639,1,0.48560654102411266,0.8657957315444946,0.0976408123970031,TP
aEKJ9AS/7640,0,9.152934994396401e-05,0.7852224111557007,0.0057044625282287,FP
aEKJ9AS/7642,1,0.0003607605081847568,0.9308695197105408,0.0067021250724791,TP
aEKJ9AS/7643,1,0.18659082184678166,0.8837319016456604,0.0766529440879821,TP
aEKJ9AS/7645,0,0.012999846337119763,0.6160877346992493,0.03573739528656,FP
aEKJ9AS/7646,1,0.4201100117666357,0.8095535635948181,0.5326722264289856,TP
aEKJ9AS/7658,1,0.8786059570011006,0.8762194514274597,0.0744959115982055,TP
aEKJ9AS/7659,0,0.9917060762516537,0.7736995220184326,0.7736995220184326,TP
aEKJ9AS/7661,1,0.7134931513700193,0.9217251539230348,0.9217251539230348,TP
aEKJ9AS/7663,0,0.9486788834059293,0.6073330640792847,0.6073330640792847,TP
aEKJ9AS/7666,1,0.3417292215744675,0.9384967684745787,0.0046646595001219,TP
aEKJ9AS/7667,0,0.027059203007120978,0.8410413265228271,0.1600334048271179,TP
aEKJ9AS/7668,1,0.29375189526239115,0.9974926710128784,0.1031018495559692,TP
aEKJ9AS/7669,0,0.6513193001049049,0.5935152173042297,0.0467768907546997,TP
aEKJ9AS/7670,0,0.1127688876149181,0.841187596321106,0.1602964401245117,TP
aEKJ9AS/7671,0,0.6727290246219506,0.5981711745262146,0.1069319844245911,TP
aEKJ9AS/7672,1,0.27397617489799414,0.7787036299705505,0.0860345959663391,TP
aEKJ9AS/7675,0,0.0026934114546881566,0.9424079656600952,0.0037910342216491,FP
aEKJ9AS/7676,1,0.13305339547406794,0.927391529083252,0.0090783238410949,TP
aEKJ9AS/7677,1,0.5962957546665177,0.8514341115951538,0.3854765295982361,TP
aEKJ9AS/7679,1,0.6686489455158321,0.8842005729675293,0.1474468111991882,TP
aEKJ9AS/7683,0,0.11475768838446687,0.8621806502342224,0.0151441693305969,TP
aEKJ9AS/7684,1,0.9569730905957692,0.9973048567771912,0.9426829367876054,TP
aEKJ9AS/7685,1,0.3378598366129658,0.8634019494056702,0.238255500793457,TP
aEKJ9AS/7686,1,0.7465573950899104,0.7867221236228943,0.1447311043739318,TP
aEKJ9AS/7688,1,0.8569296381517183,0.9132657647132874,0.637228935956955,TP
aEKJ9AS/7689,0,0.9925042936501429,0.9333165287971495,0.8007533848285675,TP
aEKJ9AS/7694,1,0.5639507549637858,0.7974763512611389,0.0956209897994995,TP
aEKJ9AS/7696,1,0.6138200991367518,0.9447816610336304,0.5438635051250458,TP
aEKJ9AS/7708,1,0.20032718538068825,0.872195839881897,0.5989765226840973,TP
aEKJ9AS/7712,1,0.005568675090030533,0.8398804068565369,0.604437455534935,TP
aEKJ9AS/7718,1,0.4485242237488493,0.9310253262519836,0.0690402388572692,TP
aEKJ9AS/772,1,0.21244750337689763,0.812276303768158,0.0939615368843078,TP
aEKJ9AS/7727,1,0.3135584215721138,0.7580281496047974,0.1262364983558654,TP
aEKJ9AS/773,1,0.2743385062821096,0.8386744856834412,0.0886745452880859,TP
aEKJ9AS/7732,1,0.3272447119124806,0.7937372326850891,0.4820660948753357,TP
aEKJ9AS/7733,1,0.6035529786268817,0.9288997650146484,0.28597092628479,TP
aEKJ9AS/7736,1,0.3239481852077525,0.852196991443634,0.4264426827430725,TP
aEKJ9AS/7740,1,0.43747876156931637,0.5754589438438416,0.0577116012573242,TP
aEKJ9AS/775,0,0.0060835238031380825,0.8959853053092957,0.013965904712677,TP
aEKJ9AS/7761,1,0.18728333961225518,0.577829897403717,0.3181683421134949,TP
aEKJ9AS/7765,1,0.5124875851109416,0.6221498847007751,0.5579433590173721,TP
aEKJ9AS/7774,1,0.015651666223255947,0.7665525674819946,0.2058494687080383,TP
aEKJ9AS/7775,1,0.005901663816217943,0.8085020184516907,0.0015711784362792,TP
aEKJ9AS/7778,1,0.5100476622628638,0.9313188195228576,0.0001859664916991,TP
aEKJ9AS/7779,1,0.15282568679470768,0.7369680404663086,0.0012364983558654,TP
aEKJ9AS/779,1,0.05434751452858808,0.8631260991096497,0.0279290080070495,TP
aEKJ9AS/7794,1,0.10378475590576944,0.9507445693016052,0.0375315546989439,TP
aEKJ9AS/7815,1,0.13930410360177842,0.8735803365707397,0.1232804656028747,TP
aEKJ9AS/7826,1,0.8282030370877045,0.8798831105232239,0.7608665302395821,TP
aEKJ9AS/7827,1,0.5153162004332292,0.852615237236023,0.1327807903289795,TP
aEKJ9AS/7831,1,0.7599271327078402,0.9338960647583008,0.6281152367591858,TP
aEKJ9AS/7835,0,0.0003440316286086014,0.9325063824653624,0.0113898515701292,FP
aEKJ9AS/7837,1,0.6921648468670865,0.9582003951072692,0.5469581484794616,TP
aEKJ9AS/7844,0,0.9739949077494107,0.7053084373474121,0.7053084373474121,TP
aEKJ9AS/7845,1,0.09761884696932735,0.7317375540733337,0.082980990409851,TP
aEKJ9AS/7849,1,0.08769179985002902,0.734402596950531,0.2584208846092224,TP
aEKJ9AS/7851,1,0.5823626482122206,0.96048504114151,0.1496561169624328,TP
aEKJ9AS/7871,0,0.12320573163986542,0.7667345404624939,0.1416565775871276,FP
aEKJ9AS/7872,0,0.014562951587430198,0.7609187364578247,0.2686881124973297,FP
aEKJ9AS/7873,0,2.989932547547589e-05,0.9681984782218932,0.0040432214736936,FP
aEKJ9AS/7891,1,0.2510603318541031,0.988255262374878,0.0408645868301392,TP
aEKJ9AS/7899,1,0.1945568452665407,0.6922218799591064,0.1426198482513427,TP
aEKJ9AS/7905,1,0.005301859181272928,0.913936734199524,0.148040533065796,TP
aEKJ9AS/7913,0,0.018464875081453024,0.985458493232727,0.0264201164245606,FP
aEKJ9AS/7914,0,0.0010532635021832622,0.9616683721542358,0.005961537361145,TP
aEKJ9AS/7915,0,0.008122726043255394,0.9068024158477784,0.005142331123352,TP
aEKJ9AS/7920,1,0.8607079144854616,0.7064921855926514,0.5756817013025285,TP
aEKJ9AS/7934,1,0.42129005319270213,0.9845983982086182,0.1301562786102295,TP
aEKJ9AS/7937,1,0.1351883004742504,0.9067434072494508,0.158531129360199,TP
aEKJ9AS/7939,1,0.6008670836000067,0.9359707236289978,0.250467836856842,TP
aEKJ9AS/794,0,0.015493604014292395,0.7135292291641235,0.013895571231842,FP
aEKJ9AS/7940,0,0.7399323840032733,0.6497810482978821,0.0638874769210815,TP
aEKJ9AS/7942,0,0.9573234070215084,0.6271216869354248,0.6271216869354248,TP
aEKJ9AS/7949,0,0.0010032192481766915,0.8506878614425659,0.0,TP
aEKJ9AS/7950,1,0.005185333623255755,0.8300678133964539,0.0195159912109375,TP
aEKJ9AS/7953,1,0.2150990654650489,0.8566600680351257,0.0511546730995178,TP
aEKJ9AS/7963,1,0.3004048897259125,0.878455638885498,0.0695187449455261,TP
aEKJ9AS/7964,1,0.1758123741640539,0.7336239814758301,0.0727822184562683,TP
aEKJ9AS/7968,0,0.0618285924751276,0.7225052118301392,0.374949038028717,FP
aEKJ9AS/797,1,0.060366235496001244,0.5506981611251831,0.2638818323612213,TP
aEKJ9AS/7971,1,0.17060885972754483,0.9646226167678832,0.0449301004409787,TP
aEKJ9AS/7976,1,0.4170039616402742,0.9351756572723388,0.0184025168418883,TP
aEKJ9AS/7979,1,0.5557733310712106,0.8481964468955994,0.5901197195053101,TP
aEKJ9AS/798,1,0.24657171540419417,0.5864211916923523,0.4303236603736878,TP
aEKJ9AS/7981,1,0.4361827095234257,0.9078221917152404,0.3094214200973509,TP
aEKJ9AS/7983,1,0.16086827013519475,0.8332930207252502,0.0149514079093933,TP
aEKJ9AS/7986,0,0.7391830931327071,0.7826818823814392,0.0043760538101196,FP
aEKJ9AS/7988,1,0.0015764725122996896,0.8443111777305603,0.0123207569122314,TP
aEKJ9AS/7993,1,0.38534468139144223,0.7284939289093018,0.3016913533210754,TP
aEKJ9AS/7997,0,0.13112534475417162,0.6446957588195801,0.0851920843124389,TP
aEKJ9AS/7998,0,0.009137961046573023,0.6532642245292664,0.0,FP
aEKJ9AS/7999,1,0.14963886940349785,0.8964707851409912,0.1464811563491821,TP
aEKJ9AS/800,1,0.2975929211528365,0.596534252166748,0.3889908939599991,TP
aEKJ9AS/8001,0,0.7297318724427561,0.5668805837631226,0.0823906660079956,TP
aEKJ9AS/8003,0,0.27832739702955467,0.8599841594696045,0.0152997970581054,TP
aEKJ9AS/8018,0,3.690279126891691e-05,0.6419282555580139,0.056573212146759,TP
aEKJ9AS/8022,1,0.8283787020757803,0.9030970335006714,0.732135459780693,TP
aEKJ9AS/8023,1,0.3736234535978351,0.9135892987251282,0.0818352103233337,TP
aEKJ9AS/8024,1,0.008474605222944045,0.8851423263549805,0.0525731444358825,TP
aEKJ9AS/803,1,0.28200212251351736,0.585566520690918,0.2460580170154571,TP
aEKJ9AS/8030,1,0.11455578540413133,0.9255103468894958,0.0,TP
aEKJ9AS/8032,0,0.0001247058366957718,0.664600670337677,0.2150585353374481,FP
aEKJ9AS/8033,0,0.0060777036920817325,0.7038118243217468,0.0484759211540222,FP
aEKJ9AS/8034,0,0.06301853496354018,0.859432578086853,0.0089568495750427,TP
aEKJ9AS/8037,1,0.2801842477870802,0.8017591238021851,0.1101543307304382,TP
aEKJ9AS/804,1,0.2629321056692084,0.9697015285491944,0.0079630613327028,TP
aEKJ9AS/8044,1,0.08840415547395714,0.8292803168296814,0.0268265008926391,TP
aEKJ9AS/8050,0,0.5127248139014029,0.8628748059272766,0.3228545188903808,FP
aEKJ9AS/8054,1,0.0075694537633341965,0.956339716911316,0.2128287553787232,TP
aEKJ9AS/8056,1,0.002747333586716185,0.9210055470466614,0.1617152094841003,TP
aEKJ9AS/8059,1,0.03278632072335967,0.6439258456230164,0.0,TP
aEKJ9AS/8066,0,0.7713328650219451,0.6710569262504578,0.2647259533405304,TP
aEKJ9AS/8067,0,0.0028514823424810897,0.7009322643280029,0.0432201623916626,FP
aEKJ9AS/8076,0,0.26068757942343895,0.7183009386062622,0.0374222993850708,FP
aEKJ9AS/8077,0,0.00017914485007235735,0.8499230742454529,0.0052328705787658,FP
aEKJ9AS/8080,1,0.0058713844750435335,0.9200496077537536,1.7046928405539674e-05,TP
aEKJ9AS/8088,1,0.0018340091009250575,0.9013237357139589,0.1387013196945191,TP
aEKJ9AS/8089,0,0.0033020533665193974,0.9148910641670228,0.000215530395508,TP
aEKJ9AS/8091,1,0.628730012799646,0.8533512949943542,0.5535178482532501,TP
aEKJ9AS/8092,0,0.02943762707683768,0.947092354297638,0.5853593349456789,FP
aEKJ9AS/8094,0,0.010432716793469346,0.9179219007492064,3.272294998157843e-05,FP
aEKJ9AS/8096,1,0.3054208183148753,0.9021453857421876,0.043986201286316,TP
aEKJ9AS/8097,0,0.5710456300254229,0.988070547580719,0.988070547580719,FP
aEKJ9AS/8098,0,0.001272714135735695,1.0,0.0,FP
aEKJ9AS/8099,0,0.00018797015561003224,0.9416943192481996,0.0006132721900939,TP
aEKJ9AS/8101,0,0.08842612454679817,0.7483463883399963,0.6592743545770645,FP
aEKJ9AS/8102,0,0.26376379711315523,0.8961851596832275,0.0068795084953308,TP
aEKJ9AS/8103,1,0.1147774891366203,0.770565390586853,0.1720750331878662,TP
aEKJ9AS/811,1,0.13269658399729006,0.7789241075515747,0.399960458278656,TP
aEKJ9AS/8110,0,0.8530519022355104,0.7637597918510437,0.0024298429489135,TP
aEKJ9AS/8122,0,0.00920656474741764,0.7517662644386292,0.1046241521835327,FP
aEKJ9AS/8125,0,0.011787394881046019,0.7801702618598938,0.025606095790863,FP
aEKJ9AS/8127,1,0.02981193601681095,1.0,0.6208688616752625,TP
aEKJ9AS/8129,1,0.30058694627229177,0.8011552095413208,0.1102744340896606,TP
aEKJ9AS/8131,1,0.0065979538748432666,0.9536898136138916,0.1746502518653869,TP
aEKJ9AS/8136,1,0.18164922337400777,0.836067795753479,0.2848961949348449,TP
aEKJ9AS/815,0,0.0002502368834399733,0.9124808311462402,0.1833762526512146,FP
aEKJ9AS/8154,0,0.0003547000882905336,0.929165780544281,0.0022946596145629,TP
aEKJ9AS/8156,0,0.0003201870930519815,0.8721185922622681,0.0200451612472534,TP
aEKJ9AS/8158,0,0.00685466158613828,0.9534350633621216,0.0044707655906676,FP
aEKJ9AS/816,1,0.1683152946306773,0.9272155165672302,0.1756893992424011,TP
aEKJ9AS/8167,1,0.28523082517155235,0.5763526558876038,0.0332469940185546,TP
aEKJ9AS/8171,0,0.00021698386812269967,0.941319227218628,0.002372980117798,TP
aEKJ9AS/8173,1,0.009200141663928154,0.8753809332847595,0.4562549591064453,TP
aEKJ9AS/8177,1,0.2302853549578816,0.5651774406433105,0.2189206182956695,TP
aEKJ9AS/8178,1,0.1995664025426376,0.5653741955757141,0.2153346538543701,TP
aEKJ9AS/8179,1,0.33172038952957367,0.8994158506393433,0.0545365214347839,TP
aEKJ9AS/8180,1,0.8377208361499836,0.6496217250823975,0.6141660325229169,TP
aEKJ9AS/8181,1,0.8827480221506273,0.6477665901184082,0.6026067659258842,TP
aEKJ9AS/8182,1,0.044380118337190425,0.8840175867080688,0.565433531999588,TP
aEKJ9AS/8183,1,0.138194169263939,0.6469621062278748,0.4622436016798019,TP
aEKJ9AS/8184,1,0.7601339242247978,0.9547538161277772,0.0075425505638123,TP
aEKJ9AS/8186,0,0.1347047475874173,0.7505372762680054,0.57312873005867,FP
aEKJ9AS/819,1,0.9337021208770528,0.9276558756828308,0.786553755402565,TP
aEKJ9AS/8194,1,0.9720751307046036,0.9382236003875732,0.9382236003875732,TP
aEKJ9AS/8195,1,0.4011814133928877,0.8422138094902039,0.0200151801109313,TP
aEKJ9AS/820,0,0.0003693907397107561,0.8545322418212891,0.0370488762855529,FP
aEKJ9AS/8205,1,0.055199454657281585,0.9209495186805724,0.2331720590591429,TP
aEKJ9AS/8206,1,0.9559203642946867,0.9849424362182616,0.9849424362182616,TP
aEKJ9AS/8207,1,0.25176144905329617,0.7604069709777832,0.0936722755432128,TP
aEKJ9AS/821,1,0.006644404036016366,0.8910001516342163,0.0110384821891784,TP
aEKJ9AS/822,0,0.3180936519252871,0.7978864312171936,0.4062475264072418,FP
aEKJ9AS/8224,1,0.29998494898661016,0.8212127089500427,0.0607537627220153,TP
aEKJ9AS/8225,1,0.4873782185092306,0.7383999824523926,0.0516766309738159,TP
aEKJ9AS/823,1,0.020622598746414752,0.6484373807907104,0.0462397336959838,TP
aEKJ9AS/8230,1,0.9415353754235878,0.972934365272522,0.7355315983295441,TP
aEKJ9AS/8239,1,0.9741292716509727,0.9277495741844176,0.8395449668169022,TP
aEKJ9AS/8244,1,0.36465670827380264,0.9096617102622986,0.2690775990486145,TP
aEKJ9AS/8248,1,0.918904599732197,0.969488263130188,0.969488263130188,TP
aEKJ9AS/8251,1,0.5214251175943582,0.9590064287185668,0.2647569179534911,TP
aEKJ9AS/8252,0,0.004261370135112989,0.9319610595703124,0.0197989344596861,TP
aEKJ9AS/8253,0,0.14840472921522257,0.8643773794174194,0.0542019009590148,TP
aEKJ9AS/8254,1,0.5161442478047681,0.9654055833816528,0.5130447745323181,TP
aEKJ9AS/8255,1,0.6311234726524478,0.9683037400245668,0.3482531309127809,TP
aEKJ9AS/827,1,0.5064279800917542,0.825080931186676,0.3906835615634918,TP
aEKJ9AS/8274,0,0.815782377639257,0.9267611503601074,0.2418551445007324,FP
aEKJ9AS/8276,0,0.7029818366512297,0.757379949092865,0.1018804907798767,TP
aEKJ9AS/8277,1,0.9874758510658227,0.9690694212913512,0.9690694212913512,TP
aEKJ9AS/8280,1,0.45310424685252665,0.8967722058296204,0.4770393073558807,TP
aEKJ9AS/8286,1,0.0015537129097864498,0.7658499479293823,0.1700752973556518,TP
aEKJ9AS/8292,0,0.05967278540604356,0.8862572908401489,0.1336085200309753,FP
aEKJ9AS/8294,0,7.755592121421488e-05,0.938943088054657,0.0173247456550598,FP
aEKJ9AS/8298,1,0.8690402861768449,0.9300014972686768,0.5125853717327118,TP
aEKJ9AS/830,1,0.09530086001955383,0.9985173344612122,0.7379350960254669,TP
aEKJ9AS/8301,1,0.034707764420540445,0.9106221199035645,0.8428260087966919,TP
aEKJ9AS/8302,1,0.9940858949290752,0.9473491907119752,0.927509317174554,TP
aEKJ9AS/8313,1,0.2846368049572239,0.7034425139427185,0.0732671618461608,TP
aEKJ9AS/8314,0,0.019051457565316756,0.721676766872406,0.3495931625366211,FP
aEKJ9AS/8317,1,0.0006359619345093543,0.8916545510292053,0.0017069578170776,TP
aEKJ9AS/832,0,8.265672686768533e-05,0.9973132014274596,0.0002388358116147,TP
aEKJ9AS/8322,1,0.14167215018315527,0.9074047207832336,0.1969003677368164,TP
aEKJ9AS/833,1,0.8180619232944427,0.9842100739479064,0.6759072840213776,TP
aEKJ9AS/8338,0,0.004258897870758883,0.8201072216033936,0.0448606014251709,FP
aEKJ9AS/8339,1,0.28273058892216385,0.7626862525939941,0.0380409359931945,TP
aEKJ9AS/834,1,0.45569097628905364,0.9256591200828552,0.0212284326553344,TP
aEKJ9AS/8342,0,0.053660983350757,0.584764301776886,0.0,FP
aEKJ9AS/8346,1,0.14007190367412387,0.958875298500061,0.0948412418365478,TP
aEKJ9AS/8352,0,0.0002018157581421284,0.8122110962867737,0.0473591685295105,FP
aEKJ9AS/836,1,0.2871545152383938,0.8598517179489136,0.0450238585472106,TP
aEKJ9AS/8360,1,0.46615006019162014,0.74436354637146,0.3912343978881836,TP
aEKJ9AS/8366,0,0.6608473327119759,0.5221654772758484,0.2416416406631469,FP
aEKJ9AS/837,1,0.1545654095645236,0.5844718813896179,0.2451055645942688,TP
aEKJ9AS/8377,0,0.3105270387650502,0.8554551005363464,0.2534196376800537,FP
aEKJ9AS/8379,0,0.00019296541798238207,0.7201259136199951,0.011045217514038,FP
aEKJ9AS/8390,0,0.9007227756162958,0.7170658707618713,0.5065462589263916,FP
aEKJ9AS/8392,0,0.0277128882349483,0.9432191252708436,0.1432037949562074,FP
aEKJ9AS/8399,0,0.19706695287300657,0.859338104724884,0.131641685962677,TP
aEKJ9AS/840,1,0.0021046881794882714,0.8836581707000732,0.0016164779663085,TP
aEKJ9AS/8400,0,0.12130307545627131,0.7126575112342834,0.1702581048011779,FP
aEKJ9AS/8404,1,0.2705156390299965,0.7498372793197632,0.0421947240829467,TP
aEKJ9AS/8407,1,0.20581016777178246,0.7297732830047607,0.0249128341674804,TP
aEKJ9AS/841,1,0.8156116459792754,0.9244925379753112,0.7158313542604445,TP
aEKJ9AS/8415,1,0.05177698958932595,0.9990265965461732,7.599592208884509e-05,TP
aEKJ9AS/8416,1,0.3007114282999322,0.657139778137207,0.1690543591976166,TP
aEKJ9AS/8422,0,0.019824228602151127,0.865234375,0.0,TP
aEKJ9AS/8425,0,0.0004675954686730263,0.8629745841026306,0.0012744665145874,TP
aEKJ9AS/8430,1,0.21892534292869736,0.9195330142974854,0.0156333446502685,TP
aEKJ9AS/8448,1,0.08602503288872926,0.7364838123321533,0.5446241497993469,TP
aEKJ9AS/8450,1,0.007442980849681007,0.9633327126502992,0.0341177582740783,TP
aEKJ9AS/8453,1,0.15231776465599556,0.7496086955070496,0.062142014503479,TP
aEKJ9AS/8455,1,0.0006464311867829885,0.7993515729904175,0.0202855467796325,TP
aEKJ9AS/8456,1,0.0006946743626499905,0.740731418132782,0.0480878949165344,TP
aEKJ9AS/8462,1,0.532823618858533,0.8275631666183472,0.1899263858795166,TP
aEKJ9AS/8471,0,0.0020948856812647164,0.951437771320343,0.000115394592285,TP
aEKJ9AS/8475,1,0.3225458514338043,0.8126985430717468,0.0424995422363281,TP
aEKJ9AS/848,0,0.0002721344269408875,0.9872037172317504,0.0042120814323424,FP
aEKJ9AS/8480,1,0.8060930220329002,0.8379953503608704,0.4771994054317474,TP
aEKJ9AS/8484,1,0.46124582451606044,0.9911035895347596,0.042048752307892,TP
aEKJ9AS/8493,1,0.7460055060857654,0.9288361668586732,0.4627806246280671,TP
aEKJ9AS/8494,0,0.8061883032840471,0.7117495536804199,0.1794610619544983,TP
aEKJ9AS/850,0,0.00130101355531335,0.7183009386062622,0.080295979976654,FP
aEKJ9AS/8500,1,0.2783423777413309,0.8889360427856445,0.0048800706863403,TP
aEKJ9AS/8503,0,0.0016644928679970178,0.7557862997055054,0.0249075889587402,TP
aEKJ9AS/8504,1,0.2229357700066103,0.7202419638633728,0.0099239349365234,TP
aEKJ9AS/8505,0,0.45380303859398935,0.8629836440086365,0.0069652199745178,TP
aEKJ9AS/8506,1,0.1204911857243961,0.8303707242012024,0.0233281254768371,TP
aEKJ9AS/8508,1,0.4578922474591083,0.909201204776764,0.3796283602714539,TP
aEKJ9AS/8510,1,0.2422666695127394,0.7292607426643372,0.0228517651557922,TP
aEKJ9AS/8511,1,0.45490344825846923,0.8660866618156433,0.0086123943328857,TP
aEKJ9AS/8512,1,0.36963678399378436,0.942865788936615,0.2223652005195617,TP
aEKJ9AS/8518,1,0.0008675392627442876,0.942931830883026,0.0368126630783079,TP
aEKJ9AS/8519,1,0.5980927166437829,0.9461123943328856,0.4770777523517607,TP
aEKJ9AS/8520,0,0.6242938543729867,0.5783012509346008,0.1067844331264496,TP
aEKJ9AS/853,1,0.704463583137159,0.9391061067581176,0.4743757545948027,TP
aEKJ9AS/8532,0,0.9188067572601805,0.7063423991203308,0.4227794408798218,FP
aEKJ9AS/854,0,0.7454284394706633,0.7621152997016907,0.0111744403839111,TP
aEKJ9AS/8540,0,0.0001471223966421521,0.7200133204460144,0.0006146430969238,FP
aEKJ9AS/8541,0,0.014662105203181239,0.8053563833236694,0.0983650684356689,FP
aEKJ9AS/8542,1,0.05551741283876798,0.7920132279396057,0.1779132485389709,TP
aEKJ9AS/8544,1,0.0331572957684682,0.7449220418930054,0.149953007698059,TP
aEKJ9AS/8546,0,0.9198544239218966,0.7234415411949158,0.3637542426586151,FP
aEKJ9AS/8551,0,0.2408744488159239,0.92869371175766,0.1303986907005311,TP
aEKJ9AS/8553,1,0.0006865196211118252,1.0,0.1301379799842834,TP
aEKJ9AS/8555,1,0.2439954128044933,0.9917731881141664,0.0262870192527772,TP
aEKJ9AS/8556,0,0.7974086207152868,0.760388970375061,0.0277336835861206,TP
aEKJ9AS/8557,1,0.0876821587117977,0.8944680690765381,0.0210688710212707,TP
aEKJ9AS/8561,1,0.5419583862349288,0.906965434551239,0.5751546323299408,TP
aEKJ9AS/8563,1,0.5292281878496023,0.901046633720398,0.3471265435218811,TP
aEKJ9AS/8566,1,0.7658377755650981,0.943010687828064,0.7663477957248688,TP
aEKJ9AS/8567,1,0.002032154603817448,0.6964747309684753,0.3035423159599304,TP
aEKJ9AS/8571,1,0.10945534227388393,0.9391993880271912,0.6506211757659912,TP
aEKJ9AS/8586,1,0.01175490623289103,0.895501434803009,0.1325011849403381,TP
aEKJ9AS/8587,1,0.19420248683162095,0.7882404327392578,0.0046692490577697,TP
aEKJ9AS/8588,0,0.045051611137306206,0.5555701851844788,0.0186164379119873,FP
aEKJ9AS/859,1,0.5063013318994186,0.9985044598579408,0.0910072326660157,TP
aEKJ9AS/8591,0,0.04803427774523188,0.7938268184661865,0.1162177920341491,FP
aEKJ9AS/8593,0,0.008480608406144488,0.9954782128334044,0.1420384049415587,FP
aEKJ9AS/8598,0,0.6481065605902178,0.6072351336479187,0.0225810408592224,TP
aEKJ9AS/8599,1,0.31677064334696986,0.920446753501892,0.5185224711894988,TP
aEKJ9AS/8600,1,0.637911474618119,0.8454171419143677,0.5322316884994507,TP
aEKJ9AS/8601,1,0.938272484464833,0.973208785057068,0.7749471664428713,TP
aEKJ9AS/8605,1,0.021261396625985824,0.7447476387023926,0.0705435872077941,TP
aEKJ9AS/8607,1,0.9106608384781478,0.9549605250358582,0.7143638283014297,TP
aEKJ9AS/8609,0,0.063814050571338,0.7475929260253906,0.0,TP
aEKJ9AS/861,0,0.45978914883080496,0.8643051981925964,0.0573392510414123,TP
aEKJ9AS/8610,1,0.9736248911287656,0.8394142985343933,0.8027070872485638,TP
aEKJ9AS/8612,0,0.6906941154547914,0.6249117851257324,0.1310858428478241,TP
aEKJ9AS/8617,1,0.008615026346579666,0.8461407423019409,0.0070841312408447,TP
aEKJ9AS/862,1,0.49757780587273676,0.989590346813202,0.4126449823379517,TP
aEKJ9AS/8620,1,0.8003743305491129,0.8195383548736572,0.586908683180809,TP
aEKJ9AS/8622,1,0.058154724324362965,0.9399906396865844,0.2035099864006041,TP
aEKJ9AS/8624,1,0.16410585008088796,0.9282985329627992,0.0748990178108216,TP
aEKJ9AS/8626,0,0.6901152260832082,0.6250743269920349,0.1291045248508453,TP
aEKJ9AS/8628,1,0.45436989432090974,0.9797957539558412,0.3618049025535584,TP
aEKJ9AS/8629,1,0.3381012475476828,0.9027649164199828,0.4265768826007842,TP
aEKJ9AS/8630,1,0.030787265769999773,0.8861634135246277,0.1472810506820678,TP
aEKJ9AS/8632,0,2.6527245702752803e-05,0.719529926776886,0.0075079798698425,FP
aEKJ9AS/8637,0,0.0009426745033310797,0.7970712780952454,0.0209277868270874,FP
aEKJ9AS/8638,1,0.9168250225089235,0.9676557779312134,0.9676557779312134,TP
aEKJ9AS/8649,1,0.9893241633772589,0.8593176603317261,0.8593176603317261,TP
aEKJ9AS/8653,1,0.31094247346875337,0.8280380368232727,0.5301525890827179,TP
aEKJ9AS/8655,1,0.5288794631520973,0.9745539426803588,0.7166308462619781,TP
aEKJ9AS/8656,1,0.21987439228264025,0.6811910271644592,0.0320972204208374,TP
aEKJ9AS/8657,0,0.9341995696538814,0.923072874546051,0.5692140758037567,FP
aEKJ9AS/8658,1,0.6671346557592652,0.8730713129043579,0.8730713129043579,TP
aEKJ9AS/8659,0,0.06805409282903194,0.9688356518745422,0.011745274066925,FP
aEKJ9AS/8660,0,0.08185141223389905,0.9898925423622132,0.0242750048637392,FP
aEKJ9AS/8662,1,0.01562970457313184,0.9058440923690796,0.6604702770709991,TP
aEKJ9AS/8663,1,0.518009642051723,0.9492683410644532,0.0082107782363892,TP
aEKJ9AS/8664,1,0.6656208096994459,0.9255672693252563,0.3861161470413208,TP
aEKJ9AS/8665,0,0.002312318786887267,0.9407303929328918,0.0008634328842161,TP
aEKJ9AS/8666,1,0.14003339620983962,0.9654985070228576,0.0296559333801267,TP
aEKJ9AS/8669,1,0.7130967183054887,0.572147011756897,0.572147011756897,TP
aEKJ9AS/8670,1,0.15532056702641808,0.7698338627815247,0.1792907118797302,TP
aEKJ9AS/8672,0,0.966830584984803,0.8981871604919434,0.5394240021705627,FP
aEKJ9AS/8673,1,0.014329224940796822,0.8924946784973145,0.0121075510978698,TP
aEKJ9AS/8675,1,0.11847569351491537,0.9199263453483582,0.0015984773635865,TP
aEKJ9AS/8677,1,0.0009598906847573176,0.9579447507858276,0.0088921785354614,TP
aEKJ9AS/8678,1,0.0002673740402362642,0.9599424600601196,0.0018744468688964,TP
aEKJ9AS/8679,1,0.9001835813237747,0.9480428695678712,0.6068362891674043,TP
aEKJ9AS/868,1,0.6343499731076824,0.8423454761505127,0.4755511581897736,TP
aEKJ9AS/8681,1,0.9240503300975278,0.9437285661697388,0.6684854030609131,TP
aEKJ9AS/8683,1,0.7858268394694607,0.9051369428634644,0.5257368981838226,TP
aEKJ9AS/8685,1,0.005842619695212099,0.9157143235206604,0.1044932007789611,TP
aEKJ9AS/8687,1,0.7107165750237953,0.9675173759460448,0.0845409035682677,TP
aEKJ9AS/8689,1,0.023424140655951275,0.9476873874664308,0.2214717864990235,TP
aEKJ9AS/8691,1,0.09571421404482441,0.7918053269386292,0.0408541560173034,TP
aEKJ9AS/8693,1,0.20967502117506215,0.9145325422286988,0.1998977661132813,TP
aEKJ9AS/8695,1,0.7269630554596608,0.6301893591880798,0.1604535281658172,TP
aEKJ9AS/8699,1,0.9667766575281367,0.8264977335929871,0.1009859442710876,TP
aEKJ9AS/8707,1,0.017735200552548822,0.7422652244567871,0.0379892587661743,TP
aEKJ9AS/8708,1,0.5023235969965476,0.9609089493751526,0.1485335826873779,TP
aEKJ9AS/8711,1,0.4903571321028753,0.960560381412506,0.1442666649818419,TP
aEKJ9AS/8714,1,0.6444033750614869,0.8909323811531067,0.2380480766296386,TP
aEKJ9AS/8717,0,0.8384600160784191,0.7076224088668823,0.1716808676719665,TP
aEKJ9AS/8728,1,0.22805061119549774,0.5890719294548035,0.2997103631496429,TP
aEKJ9AS/8734,1,0.20812654075974393,0.5669018626213074,0.3262945264577865,TP
aEKJ9AS/8737,1,0.22699240538037097,0.6026814579963684,0.3524304628372193,TP
aEKJ9AS/8740,1,0.21517742374350857,0.5683632493019104,0.3269425481557846,TP
aEKJ9AS/8744,0,0.9888510217114869,0.8813013434410095,0.8813013434410095,FP
aEKJ9AS/8751,0,0.6837576231299766,0.6102173924446106,0.1220594644546508,TP
aEKJ9AS/8753,1,0.00031499623668917494,0.9619489312171936,0.0034255385398863,TP
aEKJ9AS/8758,0,0.00011457885853754214,0.7859334349632263,0.0139676928520202,FP
aEKJ9AS/8776,1,0.8099906598127502,0.8122868537902832,0.4395758211612702,TP
aEKJ9AS/8777,0,0.4869292014711693,0.7276884913444519,0.2134187221527099,FP
aEKJ9AS/879,1,0.0020199780241111553,0.9156776070594788,0.2695510983467102,TP
aEKJ9AS/8794,0,0.09047839280455174,0.6573230624198914,0.2587803006172181,FP
aEKJ9AS/8796,0,0.002567831388370236,0.8302869200706482,0.0276960134506225,TP
aEKJ9AS/8797,1,0.4436235434472711,0.9691251516342164,0.0314763188362122,TP
aEKJ9AS/88,0,0.19346395400112987,0.7029601335525513,0.1405338048934936,TP
aEKJ9AS/880,1,0.9492127479161889,0.6299535036087036,0.6299535036087036,TP
aEKJ9AS/8800,0,0.10123767558124779,0.984391450881958,0.0966318249702453,FP
aEKJ9AS/8804,0,0.07201689433839542,0.9727700352668762,0.2495478391647339,FP
aEKJ9AS/8805,0,0.0003813678197244367,0.9742032289505004,0.2131976485252379,FP
aEKJ9AS/8807,1,0.41088969189278884,0.9025759100914,0.3303626775741576,TP
aEKJ9AS/881,0,0.7956114499467697,0.6001253128051758,0.0,FP
aEKJ9AS/8812,1,0.7204833782767925,0.9191579818725586,0.698010042309761,TP
aEKJ9AS/8814,1,0.42695347484585827,0.9360071420669556,0.2509491443634033,TP
aEKJ9AS/8815,1,0.7740426156868006,0.878847062587738,0.0759994387626648,TP
aEKJ9AS/8830,1,0.44950033725111554,0.9272260069847108,0.0370773673057557,TP
aEKJ9AS/884,0,0.0042676480782448825,0.8229674696922302,0.0846723914146423,FP
aEKJ9AS/8849,0,0.6306288156019425,0.5930519700050354,0.0521164536476135,TP
aEKJ9AS/887,1,0.29927040473473854,0.8408579230308533,0.2942667007446289,TP
aEKJ9AS/8873,1,0.02925008404316164,0.911303460597992,0.6659352630376818,TP
aEKJ9AS/888,1,0.005801142236158779,0.8291922807693481,0.0253219604492187,TP
aEKJ9AS/8888,1,0.049267697353886884,0.9314504265785216,0.4745706915855407,TP
aEKJ9AS/889,1,0.2966439628023878,0.7995045781135559,0.0209611058235168,TP
aEKJ9AS/8894,1,0.03379858708293536,0.9019476175308228,0.7702336609363556,TP
aEKJ9AS/8895,1,0.00959966258969557,0.9417142868041992,0.0706733465194702,TP
aEKJ9AS/8896,0,0.1481557642999971,0.9472094774246216,0.0422299504280091,TP
aEKJ9AS/89,1,0.0032874240037116973,1.0,0.2800145149230957,TP
aEKJ9AS/890,0,0.10476643253950908,0.7764305472373962,0.022947072982788,FP
aEKJ9AS/8902,1,0.38475392888609394,0.7095287442207336,0.0206353068351745,TP
aEKJ9AS/8903,0,0.6941349189427518,0.6061418652534485,0.1512391567230224,TP
aEKJ9AS/8904,0,0.6618324217570488,0.6497355699539185,0.0583649277687072,TP
aEKJ9AS/8906,1,0.6782071310575383,0.9104406833648682,0.2646400928497314,TP
aEKJ9AS/891,1,0.4089732324990513,0.9164775609970092,0.0169216990470885,TP
aEKJ9AS/8913,1,0.5400374809494038,0.8821474313735962,0.4400522112846375,TP
aEKJ9AS/8916,1,0.10217892880378056,0.7204616665840149,0.1946069598197937,TP
aEKJ9AS/8918,0,0.00011892131729692766,0.7072620391845703,0.0278926491737365,FP
aEKJ9AS/8919,1,0.7262147310606568,0.8453773856163025,0.794887512922287,TP
aEKJ9AS/892,0,0.008344988325138903,0.7868313789367676,0.0212072730064392,FP
aEKJ9AS/893,1,0.31566678148156263,0.834858238697052,0.149655282497406,TP
aEKJ9AS/894,0,0.41797327693737046,0.8286529183387756,0.2216633558273315,FP
aEKJ9AS/8941,0,0.0979886605011477,0.9141489267349244,0.9141489267349244,FP
aEKJ9AS/8944,1,0.8115262126684617,0.9813716411590576,0.4346629977226257,TP
aEKJ9AS/8945,1,0.12407536823838144,0.969500720500946,0.3175011277198791,TP
aEKJ9AS/8947,1,0.16867303200381728,0.972862720489502,0.3256558775901794,TP
aEKJ9AS/8950,1,0.646689878236225,0.8411464095115662,0.3347486853599548,TP
aEKJ9AS/8951,1,0.7222562381002159,0.9906395673751832,0.3701583743095399,TP
aEKJ9AS/8952,1,0.41331170107911924,0.8833971619606018,0.3432496786117553,TP
aEKJ9AS/8953,1,0.7715305531873418,0.9575299024581908,0.341140568256378,TP
aEKJ9AS/8957,1,0.1667741108447368,0.9241726398468018,0.4080620408058166,TP
aEKJ9AS/896,1,0.4276928416794072,0.7459105253219604,0.0019128918647766,TP
aEKJ9AS/8961,1,0.16739162133873078,0.825592041015625,0.0378790497779846,TP
aEKJ9AS/8962,1,0.417756921801398,0.9378410577774048,0.3384026885032654,TP
aEKJ9AS/897,1,0.3382357829894768,0.8964589238166809,0.2376027107238769,TP
aEKJ9AS/8972,0,0.03147941857926353,0.6453251838684082,0.0291919112205505,TP
aEKJ9AS/898,1,0.4911145611999919,0.74637371301651,0.1998529434204101,TP
aEKJ9AS/8980,1,0.30209686003033975,0.7433794736862183,0.1477268934249878,TP
aEKJ9AS/8982,0,0.7000505119161962,0.6416053175926208,0.1128615736961364,TP
aEKJ9AS/899,1,0.3259965772426233,0.8161675930023193,0.1566526293754577,TP
aEKJ9AS/8991,0,0.3180307310146729,0.7461245059967041,0.0421669483184814,TP
aEKJ9AS/8995,1,0.07058359016084263,0.7702925205230713,0.0188029408454895,TP
aEKJ9AS/8997,0,0.0011256208326192304,0.7965168952941895,0.1541231870651245,FP
aEKJ9AS/8999,1,0.35774898616657463,0.7001155614852905,0.0840964913368225,TP
aEKJ9AS/900,1,0.32425509299530386,0.8840325474739075,0.5541094839572906,TP
aEKJ9AS/9000,1,0.00048170466187913316,0.808081328868866,0.1205688714981079,TP
aEKJ9AS/9001,1,0.6816103788050943,0.9761008620262146,0.4241057634353637,TP
aEKJ9AS/9002,1,0.04631161982746668,0.8424626588821411,0.1203396916389465,TP
aEKJ9AS/9003,1,0.025124010091283712,0.8421017527580261,0.2035438418388366,TP
aEKJ9AS/901,0,0.2248039961368871,0.8393568396568298,0.0186816453933715,TP
aEKJ9AS/9010,1,0.7473158113447944,0.8849194645881653,0.7359280288219452,TP
aEKJ9AS/9011,0,0.006433504567769369,0.6640312671661377,0.0326574444770813,FP
aEKJ9AS/9013,1,0.7992916559740093,0.866195023059845,0.5863499939441681,TP
aEKJ9AS/9015,1,0.5071156840111773,0.8814458250999451,0.3171197772026062,TP
aEKJ9AS/9017,1,0.3686140680369979,0.7721310257911682,0.0200320482254028,TP
aEKJ9AS/9018,1,0.20829546128085444,0.8576719760894775,0.0456780791282653,TP
aEKJ9AS/9021,1,0.48600733940284924,0.7722133994102478,0.2199329733848571,TP
aEKJ9AS/9024,1,0.5069521639352187,0.9078233242034912,0.4785037338733673,TP
aEKJ9AS/9028,1,0.009285065135772708,0.8738368153572083,0.0073549151420593,TP
aEKJ9AS/903,1,0.25137320487079523,0.920625865459442,0.1456201076507567,TP
aEKJ9AS/9034,1,0.1617294906280502,0.8667216300964355,0.5103155672550201,TP
aEKJ9AS/9036,0,0.0010472453604998167,0.999958634376526,4.2140483856423216e-05,FP
aEKJ9AS/9043,1,0.5235153600382126,0.7079132795333862,0.0254719853401184,TP
aEKJ9AS/905,1,0.24273323815898415,0.8332825899124146,0.080862820148468,TP
aEKJ9AS/9050,1,0.030209120760864086,0.8722997307777405,0.2011649012565612,TP
aEKJ9AS/9056,1,0.20124449472533568,0.7238612174987793,0.1510169506072998,TP
aEKJ9AS/9070,0,0.019915144769201483,0.7316489219665527,0.1101186871528625,FP
aEKJ9AS/9073,0,0.018160982155114164,0.9554985761642456,0.0038987398147584,TP
aEKJ9AS/9086,1,0.0014063627590075692,0.9522587656974792,0.0636441707611084,TP
aEKJ9AS/9091,1,0.17274053543146697,0.7762906551361084,0.0487748980522155,TP
aEKJ9AS/9096,0,0.6811992738809719,0.5674281716346741,0.2152382731437683,TP
aEKJ9AS/9114,1,0.3941816498358905,0.976837158203125,0.331222653388977,TP
aEKJ9AS/9124,1,0.5906070897231491,0.981480360031128,0.0959011316299439,TP
aEKJ9AS/9126,1,0.9823414979347104,0.9341475367546082,0.9341475367546082,TP
aEKJ9AS/9128,1,0.5507157283728598,0.7231862545013428,0.6384796351194382,TP
aEKJ9AS/9129,1,0.6604560406548102,0.967284619808197,0.0989124178886413,TP
aEKJ9AS/9130,1,0.7131454630291347,0.87943434715271,0.7183901071548463,TP
aEKJ9AS/9131,1,0.6356097733260481,0.8644960522651672,0.3952829539775848,TP
aEKJ9AS/9134,1,0.08848859161145392,0.5676897168159485,0.22594553232193,TP
aEKJ9AS/9135,1,0.06311739512431147,0.5661624670028687,0.2566641271114349,TP
aEKJ9AS/9136,1,0.9586331766786461,0.9971345067024232,0.8506524413824084,TP
aEKJ9AS/9137,1,0.07857876174147226,0.8427952527999878,0.5958442538976669,TP
aEKJ9AS/9138,1,0.16265882127339287,0.8093699216842651,0.035938024520874,TP
aEKJ9AS/9140,0,0.8658525179503207,0.907943844795227,0.0493014454841613,TP
aEKJ9AS/9146,1,0.8677095680896006,0.9474434852600098,0.7795418351888657,TP
aEKJ9AS/9148,1,0.19809473508291006,0.9987061023712158,0.1348362565040588,TP
aEKJ9AS/9149,0,0.010941963631678629,0.9241583943367004,0.0873884558677673,FP
aEKJ9AS/9154,0,0.0020822908267627838,0.8148813843727112,0.0041465759277343,FP
aEKJ9AS/9156,1,0.030129203339271823,0.8504657745361328,0.4878746271133423,TP
aEKJ9AS/9161,1,0.8605321546835052,0.9293172955513,0.9186841323971748,TP
aEKJ9AS/9166,1,0.5729834228081431,0.8938392400741577,0.0870655179023742,TP
aEKJ9AS/9176,0,0.11327012190688907,0.7105028033256531,0.1437901258468628,FP
aEKJ9AS/9177,1,0.353743140639481,0.6448304653167725,0.5471154004335403,TP
aEKJ9AS/9178,0,0.08700324629795118,0.8507564067840576,0.2659097909927368,FP
aEKJ9AS/9179,1,0.9809851751401782,0.8793603181838989,0.8793603181838989,TP
aEKJ9AS/9184,1,0.016277779926576582,0.7701950073242188,0.3883425295352936,TP
aEKJ9AS/9185,1,0.07802489330931821,0.8828065395355225,0.6779802888631821,TP
aEKJ9AS/9186,1,0.02609300754246971,0.7900815606117249,0.4073036015033722,TP
aEKJ9AS/9187,1,0.6978157397760906,0.9010292887687684,0.1484101414680482,TP
aEKJ9AS/9188,1,0.11242002405623366,0.8889945149421692,0.6810688674449921,TP
aEKJ9AS/9189,1,0.8998573467560691,0.8522687554359436,0.6364447623491288,TP
aEKJ9AS/919,0,0.8116650129076813,0.8264394402503967,0.2408069968223571,TP
aEKJ9AS/9190,1,0.5592517668776427,0.8050092458724976,0.4752150475978851,TP
aEKJ9AS/9191,1,0.5350785673505914,0.5716031789779663,0.2988137304782868,TP
aEKJ9AS/9192,1,0.0013853088325048413,0.9060556292533876,0.0005155801773071,TP
aEKJ9AS/9196,1,0.06218887842243007,0.7862324714660645,0.6135033369064331,TP
aEKJ9AS/9197,1,0.4811799270113945,0.888651430606842,0.6948643177747726,TP
aEKJ9AS/9199,1,0.9776851638672773,0.9370670318603516,0.8774792924523354,TP
aEKJ9AS/9200,1,0.037525140254124144,0.975419580936432,0.394501030445099,TP
aEKJ9AS/9201,1,0.1434610306965506,0.6735286116600037,0.0679981708526611,TP
aEKJ9AS/9202,0,0.00010525582329516568,0.9725400805473328,0.0060716867446899,TP
aEKJ9AS/9203,1,0.26784281879684646,0.9401588439941406,0.0583158135414123,TP
aEKJ9AS/9206,0,1.1654158118236627e-05,0.9999001026153564,3.0934810638427734e-05,TP
aEKJ9AS/9208,0,0.7922280111718024,0.7115992307662964,0.2826352715492249,TP
aEKJ9AS/921,1,0.47877970470887726,0.906059503555298,0.1262290477752686,TP
aEKJ9AS/9210,0,0.0023408690161379098,0.9452449679374696,0.0424833297729492,FP
aEKJ9AS/9212,1,0.6638870475951661,0.8841203451156616,0.1073356866836547,TP
aEKJ9AS/9213,1,0.30796120020155093,0.586286187171936,0.0,TP
aEKJ9AS/9214,1,0.4181422962917722,0.9180983901023864,0.0524045228958128,TP
aEKJ9AS/9225,1,0.299797587144564,0.8898190855979919,0.0884310007095336,TP
aEKJ9AS/9227,0,0.00016849237072505248,0.7223395109176636,0.0005211234092712,FP
aEKJ9AS/9244,1,0.22181259444069096,0.9999886751174928,0.7809613645076753,TP
aEKJ9AS/9247,0,0.016720196469485277,0.9554821848869324,0.0293619036674499,TP
aEKJ9AS/925,0,0.5488361513100127,0.7100452780723572,0.6152481138706207,FP
aEKJ9AS/9256,1,0.0570875298737272,0.7041125893592834,0.2625831365585327,TP
aEKJ9AS/9265,0,0.01653367565466378,0.9057490825653076,0.0619788765907287,FP
aEKJ9AS/9267,0,0.11292082904438402,0.962466299533844,0.0019873380661011,TP
aEKJ9AS/9269,0,0.0011561434008544543,0.9678863286972046,0.0079907774925231,TP
aEKJ9AS/9273,1,0.6761273946166215,0.9345945119857788,0.7524375766515732,TP
aEKJ9AS/9281,1,0.7667570451752203,0.9344406723976136,0.0023348927497864,TP
aEKJ9AS/9282,1,0.12780206651256648,0.999882698059082,0.1056765913963317,TP
aEKJ9AS/9287,1,0.351710508363129,0.9414671063423156,0.6588001549243926,TP
aEKJ9AS/9297,0,0.935431766135067,0.7636399865150452,0.4035292863845826,FP
aEKJ9AS/9298,1,0.10571679815802543,0.6109572649002075,0.1861855983734131,TP
aEKJ9AS/9299,1,0.9255986670478857,0.8001583814620972,0.7226197421550751,TP
aEKJ9AS/93,1,0.9698800355329662,0.9222592115402222,0.7746769934892654,TP
aEKJ9AS/930,1,0.9958522353595816,0.7086389064788818,0.7086389064788818,TP
aEKJ9AS/9303,1,0.2870987402388992,0.7749322056770325,0.2068158984184265,TP
aEKJ9AS/9304,1,0.3691800785393381,0.6238690614700317,0.3995858579874039,TP
aEKJ9AS/9306,1,0.7980593944833652,0.6751170754432678,0.6751170754432678,TP
aEKJ9AS/9329,0,0.8233686246017333,0.914518654346466,0.0192384719848631,TP
aEKJ9AS/9331,1,0.9691451344062256,0.9144290685653688,0.9144290685653688,TP
aEKJ9AS/9332,1,0.8116599119478454,0.8785492181777954,0.7331754267215729,TP
aEKJ9AS/9338,1,0.01715587239684787,0.9008211493492126,0.154439091682434,TP
aEKJ9AS/9343,0,0.401049300996507,0.9367848634719848,0.0001922845840451,TP
aEKJ9AS/9347,1,0.06728141022308148,0.964452624320984,0.0003389716148377,TP
aEKJ9AS/935,1,0.7951075101680424,0.6575928330421448,0.6575928330421448,TP
aEKJ9AS/9351,1,0.013910576215092518,0.7111893892288208,0.0047104358673095,TP
aEKJ9AS/9353,1,0.9915057327516079,0.9572057723999025,0.9572057723999025,TP
aEKJ9AS/9366,1,0.20103893247217558,0.8758158683776855,0.1048718094825744,TP
aEKJ9AS/9368,1,0.37395784843991425,0.941516101360321,0.0463089346885681,TP
aEKJ9AS/9372,1,0.6751294039710912,0.8163331747055054,0.6054068952798843,TP
aEKJ9AS/9379,1,0.3301154035946388,0.7212459444999695,0.0387133359909057,TP
aEKJ9AS/9382,1,0.10934256033338798,0.7518005967140198,0.0093019008636474,TP
aEKJ9AS/9389,1,0.00868583619434085,0.999972939491272,0.0817552208900451,TP
aEKJ9AS/9395,1,0.43901026142252386,0.9618123769760132,0.3317012786865234,TP
aEKJ9AS/94,1,0.9907834704331068,0.9368603229522704,0.806662157177925,TP
aEKJ9AS/9400,0,0.005282274276197119,0.8777703046798706,0.3424358963966369,FP
aEKJ9AS/9403,1,0.7770031432298704,0.9424976110458374,0.8510337769985199,TP
aEKJ9AS/9406,1,0.33120950506647623,0.8952918648719788,0.0115438103675842,TP
aEKJ9AS/9408,0,0.0007947684052908625,0.9622864723205566,0.0080185532569886,TP
aEKJ9AS/9409,1,0.296765890532552,0.9126068949699402,0.0717971920967102,TP
aEKJ9AS/9410,1,0.7456376800193544,0.7690693736076355,0.3637467622756958,TP
aEKJ9AS/9411,1,0.0006295975279443583,0.8676725029945374,0.0274010300636291,TP
aEKJ9AS/9412,0,0.11416433663280541,0.7563303709030151,0.140396237373352,FP
aEKJ9AS/9415,1,0.37295006985521634,0.9562616944313048,0.1149803996086119,TP
aEKJ9AS/9421,1,0.3123594249349959,0.9289828538894652,0.0357620716094969,TP
aEKJ9AS/9429,1,0.3145987057199773,0.8051729202270508,0.5816218256950378,TP
aEKJ9AS/9433,1,0.18578290058789776,1.0,0.8296268284320832,TP
aEKJ9AS/9434,1,0.007029873172181453,0.7516125440597534,0.5214726328849794,TP
aEKJ9AS/9435,1,0.017712458688048112,0.6431676745414734,0.1187691092491149,TP
aEKJ9AS/9444,0,9.189728845208667e-05,0.6983739137649536,0.005589485168457,FP
aEKJ9AS/9450,1,0.5137946666650792,0.7520428895950317,0.4851562082767486,TP
aEKJ9AS/9452,0,0.8608140915551367,0.8812332153320312,0.3889333009719848,FP
aEKJ9AS/9454,1,0.17836725700934614,0.9228439927101136,0.3316187262535096,TP
aEKJ9AS/9458,0,0.12452303194005683,0.7209299802780151,0.0587719678878784,FP
aEKJ9AS/9459,0,0.002124631961880407,0.7467595338821411,0.0544920563697814,FP
aEKJ9AS/9463,1,0.02486448684130102,0.8474279642105103,0.2670646905899048,TP
aEKJ9AS/9465,1,0.23767684605320463,0.7655051350593567,0.2147690653800964,TP
aEKJ9AS/9482,1,0.5758858414820412,0.8970636129379272,0.2650933861732483,TP
aEKJ9AS/9486,1,0.48922882355653113,0.9336641430854796,0.0519556403160094,TP
aEKJ9AS/9489,1,0.9100942903693302,0.9435232281684875,0.7146836370229721,TP
aEKJ9AS/9492,1,0.46355307804175555,0.9064435958862304,0.3416877985000609,TP
aEKJ9AS/9493,0,0.00890114908981534,0.8672757744789124,0.0568830966949462,TP
aEKJ9AS/9496,1,0.8159634379374611,0.940280258655548,0.6299695670604705,TP
aEKJ9AS/9499,1,0.5893188220822676,0.9074572324752808,0.3385068774223327,TP
aEKJ9AS/95,0,0.02238096905298379,0.8253968358039856,0.3243269324302673,FP
aEKJ9AS/9501,1,0.28264405196430376,0.7688824534416199,0.0431353449821472,TP
aEKJ9AS/9504,1,0.13327659412882448,0.9190052151679992,0.0256850123405455,TP
aEKJ9AS/9505,1,0.35648559013699127,0.9017600417137146,0.1962912678718567,TP
aEKJ9AS/9507,1,0.4419892305423811,0.7777750492095947,0.0,TP
aEKJ9AS/9508,1,0.6555387960872499,0.9480946660041808,0.3759235143661498,TP
aEKJ9AS/9509,1,0.3853073153043597,0.8888988494873047,0.2825900316238403,TP
aEKJ9AS/9512,1,0.1306134067715976,0.9139515161514282,0.1150513887405395,TP
aEKJ9AS/9513,1,0.05296601013566872,0.840842068195343,0.2921664118766784,TP
aEKJ9AS/9514,1,0.6819103937657209,0.8077496886253357,0.6460596919059753,TP
aEKJ9AS/9515,1,0.4317491159479054,0.8605239391326904,0.0283253192901611,TP
aEKJ9AS/9516,1,0.9724356867688636,0.947409212589264,0.8215730935335162,TP
aEKJ9AS/9518,1,0.30153966555692985,0.84588623046875,0.4734676778316498,TP
aEKJ9AS/952,0,0.00021043951287056132,0.9421350359916688,0.0233477354049683,FP
aEKJ9AS/9521,1,0.391270186032588,0.882795512676239,0.1651703715324401,TP
aEKJ9AS/9522,1,0.007773872628457981,0.8565600514411926,0.0131009221076965,TP
aEKJ9AS/9531,0,0.25885882932672594,0.9802452921867372,0.0190598368644715,FP
aEKJ9AS/9534,0,0.0003793631558148101,0.8448730707168579,0.2569670677185058,FP
aEKJ9AS/9547,0,0.05141935037182094,0.9193446636199952,0.4690597355365754,FP
aEKJ9AS/955,1,0.02756045711439101,0.9056807160377502,0.818624310195446,TP
aEKJ9AS/9553,0,0.0032209760511170923,0.7813411355018616,0.0022369027137756,FP
aEKJ9AS/9561,1,0.40849006893616086,0.936388909816742,0.285793960094452,TP
aEKJ9AS/9572,1,0.06221828998878042,0.9947363138198853,0.0019716620445252,TP
aEKJ9AS/9581,0,0.7321816093446601,0.6402285099029541,0.041894257068634,TP
aEKJ9AS/9582,0,0.04694255502207111,0.783458948135376,0.0448033213615417,TP
aEKJ9AS/9589,1,0.5846460020888837,0.6523563265800476,0.0034435391426086,TP
aEKJ9AS/9590,1,0.39886427651201706,0.7370355725288391,0.4588451385498047,TP
aEKJ9AS/96,0,0.007686584540254821,0.6978537440299988,0.6978537440299988,FP
aEKJ9AS/9604,1,0.4522451835367423,0.8631487488746643,0.0534965991973876,TP
aEKJ9AS/9610,0,0.0011911329291476474,0.7356271147727966,0.1379873156547546,FP
aEKJ9AS/9616,0,0.4423098455528374,0.7901290059089661,0.0459058880805969,FP
aEKJ9AS/9619,0,0.000501847116029739,0.7476933598518372,0.0034049153327941,FP
aEKJ9AS/9624,0,0.8279469167713819,0.939868152141571,0.273733913898468,FP
aEKJ9AS/9627,1,0.002880312540746309,0.8235228657722473,0.1040849089622497,TP
aEKJ9AS/9628,0,0.0017927248903929207,0.8794920444488525,1.519918441772461e-05,TP
aEKJ9AS/9637,0,0.5831604846510372,0.8755872845649719,0.2012084722518921,TP
aEKJ9AS/9640,1,0.1674073700899276,0.8115953803062439,0.1829038262367248,TP
aEKJ9AS/9641,1,0.09937402443247814,0.7954010367393494,0.0118998885154724,TP
aEKJ9AS/9645,0,0.9447319008855551,0.8966553807258606,0.6077447533607483,TP
aEKJ9AS/9651,1,0.3354493627511979,0.7727109789848328,0.0838139653205871,TP
aEKJ9AS/9652,0,8.6269298434234e-05,0.9341990947723388,0.0100253224372863,FP
aEKJ9AS/9654,1,0.30198080402075267,0.7199864387512207,0.0293583273887634,TP
aEKJ9AS/9657,1,0.2424253371816995,0.8859225511550903,0.1490767002105713,TP
aEKJ9AS/9658,0,0.949555795488235,0.9202858209609984,0.5591002106666565,FP
aEKJ9AS/9660,1,0.25100577025585635,0.7568701505661011,0.0124115943908691,TP
aEKJ9AS/9662,1,0.4956655480174626,0.8599292635917664,0.3862858414649963,TP
aEKJ9AS/9664,1,0.004648309313214627,0.9999955296516418,0.1496931314468383,TP
aEKJ9AS/9665,1,0.2915792856979304,0.8301504254341125,0.1091302037239074,TP
aEKJ9AS/9666,1,0.006215367535987639,0.8683282732963562,0.4637974798679352,TP
aEKJ9AS/9669,1,0.4158056460746935,0.831617534160614,0.2501373887062073,TP
aEKJ9AS/9670,1,0.5563274002977545,0.8162592053413391,0.2638507485389709,TP
aEKJ9AS/9671,1,0.5485701722269551,0.8607317805290222,0.4814442098140717,TP
aEKJ9AS/9673,1,0.4280136879358895,0.7416172623634338,0.5520872324705124,TP
aEKJ9AS/9678,1,0.012211233195119306,0.9286407232284546,0.0206555724143981,TP
aEKJ9AS/9679,0,0.0005999989563951236,0.9436010718345642,0.0106161236763,FP
aEKJ9AS/9681,1,0.7943054357366199,0.9292609691619872,0.6523391604423522,TP
aEKJ9AS/9682,0,0.009306757217915749,0.7546234726905823,0.1827813982963562,FP
aEKJ9AS/9687,0,0.006545720461206179,0.8087027668952942,0.1124224662780761,FP
aEKJ9AS/9689,0,0.0013526635155577265,0.7879964709281921,0.1583562493324279,FP
aEKJ9AS/9695,1,0.006736902902287375,0.8785618543624878,0.0904863476753234,TP
aEKJ9AS/9696,1,0.5901048853787665,0.8534278273582458,0.4242843687534332,TP
aEKJ9AS/9697,1,0.414845486649883,0.8456159830093384,0.0172198414802551,TP
aEKJ9AS/9701,0,0.850087055273819,0.7880069613456726,0.0,TP
aEKJ9AS/9703,1,0.7353615383100022,0.863393247127533,0.7586662247776985,TP
aEKJ9AS/9706,1,0.00801998613396379,0.8394104242324829,0.2027035355567932,TP
aEKJ9AS/9709,0,0.0005270717581080085,0.8347251415252686,0.0122181773185729,TP
aEKJ9AS/9710,1,0.11295036537539402,0.713972270488739,0.0879479646682739,TP
aEKJ9AS/9712,1,0.07430422264307618,0.824286937713623,0.0092467069625854,TP
aEKJ9AS/9715,0,0.017744637450393286,0.9156890511512756,0.1410871744155883,FP
aEKJ9AS/9719,1,0.0075917878678091535,0.8591883778572083,0.5532595813274384,TP
aEKJ9AS/9723,0,0.03910463192139796,0.7135709524154663,0.0967617034912109,FP
aEKJ9AS/9724,1,0.022350704098210362,0.772112250328064,0.3031657934188843,TP
aEKJ9AS/9741,1,0.3612609622116958,0.7814080715179443,0.1452875137329101,TP
aEKJ9AS/9742,0,0.0009308476647854485,0.9045274257659912,0.0039038062095642,TP
aEKJ9AS/9749,1,0.07671099206634668,0.8512687683105469,0.1671587228775024,TP
aEKJ9AS/975,0,0.41048868022859036,0.5088722109794617,0.0034059882164001,TP
aEKJ9AS/9750,1,0.40307615693529947,0.76780104637146,0.096090018749237,TP
aEKJ9AS/9751,1,0.6937206994526539,0.6429230570793152,0.6429230570793152,TP
aEKJ9AS/9752,1,0.4895618031036785,0.6516181230545044,0.0733055472373962,TP
aEKJ9AS/9755,1,0.2506844458897674,0.8963143825531006,0.0417892932891845,TP
aEKJ9AS/9761,0,0.9935070473844072,0.7994747757911682,0.7994747757911682,TP
aEKJ9AS/9762,1,0.7855241092085611,0.9643983244895936,0.3823989629745484,TP
aEKJ9AS/977,1,0.06396163317299568,0.8143399953842163,0.0037537813186645,TP
aEKJ9AS/9779,1,0.07080348750394054,0.8813124895095825,0.1117380857467651,TP
aEKJ9AS/9782,1,0.3161023385780745,0.8542672395706177,0.4955021739006042,TP
aEKJ9AS/9786,1,0.17607456111177636,0.8988252282142639,0.163834273815155,TP
aEKJ9AS/9787,1,0.5258370937082514,0.8080276250839233,0.4392780363559723,TP
aEKJ9AS/9788,0,0.002959312170370479,0.9998605847358704,0.0740683078765869,TP
aEKJ9AS/9789,1,0.5788681846511725,0.8932276368141174,0.2261136174201965,TP
aEKJ9AS/9790,1,0.0018049480230884962,0.7740967273712158,0.0596054196357727,TP
aEKJ9AS/9798,0,0.08620632057775522,0.947689652442932,0.0676959753036497,TP
aEKJ9AS/9804,1,0.18694904742580304,0.8434766530990601,0.0955824851989746,TP
aEKJ9AS/9817,1,0.44110185355668013,0.8120498657226562,0.0107204914093017,TP
aEKJ9AS/9821,1,0.28978155790124743,0.8506025075912476,0.166828453540802,TP
aEKJ9AS/9826,0,0.9925013840359582,0.7843557596206665,0.7843557596206665,TP
aEKJ9AS/9829,0,0.9532401808328029,0.6171805262565613,0.6171805262565613,TP
aEKJ9AS/9831,1,0.05297541070862985,0.8830428719520569,0.1233113408088684,TP
aEKJ9AS/9832,1,0.4137590956957571,0.848351240158081,0.0080118179321289,TP
aEKJ9AS/9835,1,0.42879789446417027,0.8944836258888245,0.0422872900962829,TP
aEKJ9AS/9840,0,0.22916583512836114,0.8673284649848938,0.2562798261642456,TP
aEKJ9AS/9843,1,0.081306737889076,0.8443236351013184,0.1135804057121276,TP
aEKJ9AS/9846,0,0.006707698032596376,0.7397386431694031,0.1346586346626281,FP
aEKJ9AS/9849,0,0.44455965543697784,0.5247056484222412,0.0386757552623749,TP
aEKJ9AS/9853,1,0.6409211706144107,0.9276772737503052,0.0368756055831909,TP
aEKJ9AS/9854,0,0.13218633253592804,0.7243004441261292,0.5973682254552841,FP
aEKJ9AS/9856,1,0.6065961315099963,0.9186388850212096,0.4040406346321105,TP
aEKJ9AS/9871,1,0.7219139763844621,0.9810742139816284,0.6303480565547943,TP
aEKJ9AS/9874,1,0.5419527494861093,0.8413704633712769,0.1541939377784729,TP
aEKJ9AS/9875,1,0.923582280771827,0.8611645102500916,0.8611645102500916,TP
aEKJ9AS/9880,1,0.05146110066400365,0.5621911883354187,0.0575811862945556,TP
aEKJ9AS/9881,1,0.17677070431331415,1.0,1.0,TP
aEKJ9AS/9884,1,0.45881522280702147,0.7306097745895386,0.2938770651817322,TP
aEKJ9AS/989,1,0.4290483553223993,0.7877918481826782,0.5282256305217743,TP
aEKJ9AS/9898,1,0.010465630565145694,0.8657445311546326,0.3257061839103699,TP
aEKJ9AS/99,1,0.40928784981705685,0.9301999807357788,0.3136399984359741,TP
aEKJ9AS/9903,1,0.28583503140612193,0.6694949269294739,0.0480590462684631,TP
aEKJ9AS/9909,0,0.0741321322049936,0.7004956007003784,0.0119122266769409,TP
aEKJ9AS/9914,0,0.067362509494602,0.5547803044319153,0.0,TP
aEKJ9AS/9915,0,0.1628600155961099,0.5369685292243958,0.0520719587802887,TP
aEKJ9AS/9922,1,0.5510796893382088,0.8140338063240051,0.4285211563110352,TP
aEKJ9AS/993,1,0.4691619481046643,0.6161666512489319,0.4087904691696168,TP
aEKJ9AS/9932,0,0.023416335138226854,0.8102557063102722,0.0248023867607116,FP
aEKJ9AS/9933,1,0.15755605352736926,0.9286282658576964,0.0045391321182249,TP
aEKJ9AS/9934,0,0.00021229796613961226,0.9281951785087584,0.2252033352851866,FP
aEKJ9AS/9936,1,0.00027717565230406184,0.9246074557304382,0.0067039132118226,TP
aEKJ9AS/9937,1,0.2576304857546847,0.6714492440223694,0.030820608139038,TP
aEKJ9AS/9938,0,0.0002596258505341278,0.9113632440567015,0.0053536295890806,FP
aEKJ9AS/994,1,0.3101235088657832,0.8539482355117798,0.0290313363075256,TP
aEKJ9AS/9940,1,0.007289896245828726,0.9694903492927552,0.0476411581039428,TP
aEKJ9AS/9946,1,0.7538759955551052,0.9235795140266418,0.6748333871364594,TP
aEKJ9AS/9949,0,0.7517276041326864,0.8587402105331421,5.960464477539064e-08,FP
aEKJ9AS/9950,1,0.24368446510418898,0.9749992489814758,0.7192714214324951,TP
aEKJ9AS/9952,0,0.09517317567136858,0.9324119687080384,0.0335005521774293,TP
aEKJ9AS/9955,1,0.10929807093963718,0.8354051113128662,0.0319737195968627,TP
aEKJ9AS/9958,0,0.0002115449654851445,0.7390587329864502,0.0639781355857849,TP
aEKJ9AS/9960,1,0.5448707054156274,0.7012469172477722,0.526781976222992,TP
aEKJ9AS/9961,0,0.006326624306559262,0.7019153237342834,0.006597101688385,FP
aEKJ9AS/9962,1,0.5381172523228094,0.6342952251434326,0.3329547345638275,TP
aEKJ9AS/9963,1,0.47606954283097314,0.8177037239074707,0.1322898864746093,TP
aEKJ9AS/9964,0,0.8393469749418537,0.855108380317688,0.0029544234275817,TP
aEKJ9AS/9965,1,0.1198918297310932,0.9101102948188782,0.0053859949111937,TP
aEKJ9AS/9966,1,0.03067979181053086,0.6277815103530884,0.0527301430702209,TP
aEKJ9AS/9968,1,0.0601886035005941,0.8692740201950073,0.2846617102622986,TP
aEKJ9AS/9969,0,0.02505874934965588,0.9874182343482972,0.0386033058166503,FP
aEKJ9AS/9970,1,0.006614325554801955,0.923353374004364,0.001625657081604,TP
aEKJ9AS/9972,0,0.03693379964919525,0.7059043645858765,0.0693494081497192,TP
aEKJ9AS/9974,0,0.34471282639738876,0.721522867679596,0.0199320316314697,FP
aEKJ9AS/9975,0,0.36796517427223413,0.784479022026062,0.2204006314277649,FP
aEKJ9AS/9978,1,0.08616533308966336,0.8742465972900391,0.196653127670288,TP
aEKJ9AS/998,1,0.06113197743459446,0.7617014646530151,0.0642750859260559,TP
aEKJ9AS/9982,1,0.14683601343077998,0.8974827527999878,0.7332430183887482,TP
aEKJ9AS/9985,1,0.42854454942401615,0.8642106652259827,0.0868539214134216,TP
aEKJ9AS/9986,0,2.979907252197237e-05,0.9951789379119872,0.0248466730117795,TP
aEKJ9AS/9989,0,0.024007995247289388,0.7585001587867737,0.1352050304412841,FP
aEKJ9AS/9990,1,0.2389004414494519,0.9371862411499025,0.1083011627197266,TP
aEKJ9AS/9995,0,0.7510188702101264,0.825704038143158,0.0183653235435485,FP
aEKJ9AS/9998,1,0.006822318882226099,0.9011788964271544,0.0267418026924132,TP
aPUDE1U/100,1,0.3101733143729373,0.9308835864067078,0.1218684911727905,TP
aPUDE1U/1000,1,0.0010712008820405422,1.0,0.5142359137535095,TP
aPUDE1U/1001,1,0.28947647695274853,0.9012764096260072,0.0526569485664368,TP
aPUDE1U/1002,1,0.793194163359306,0.6875414252281189,0.6875414252281189,TP
aPUDE1U/1003,1,0.5562427877406377,0.915191411972046,0.4831088483333589,TP
aPUDE1U/1005,1,0.016023178911312618,0.8696582913398743,0.0741909742355346,TP
aPUDE1U/1006,0,0.012949226371760637,0.6736370921134949,0.011823296546936,FP
aPUDE1U/1007,0,0.2771696975973507,0.9984484910964966,0.0685116052627563,TP
aPUDE1U/1008,1,0.6290159454964581,0.8855999112129211,0.8855999112129211,TP
aPUDE1U/1009,1,0.04119387335007318,0.8912129998207092,0.0643194317817688,TP
aPUDE1U/1010,1,0.9695835863775868,0.8286104202270508,0.8286104202270508,TP
aPUDE1U/1011,1,0.6574301148519488,0.8501909971237183,0.8501909971237183,TP
aPUDE1U/1012,1,0.7043198708250499,0.8037829399108887,0.6741446256637573,TP
aPUDE1U/1013,1,0.4026956398901831,0.8046905398368835,0.3398883938789367,TP
aPUDE1U/1014,1,0.8994978233273307,0.8587666749954224,0.7340119257569313,TP
aPUDE1U/1015,1,0.9248554372063541,0.8607617616653442,0.7261630743741989,TP
aPUDE1U/1016,1,0.4668185921428266,0.7492780089378357,0.3213216960430146,TP
aPUDE1U/1018,1,0.1619980296683506,0.8239917159080505,0.0102052688598632,TP
aPUDE1U/1019,1,0.11937013015037524,0.8447085022926331,0.5335985124111176,TP
aPUDE1U/1020,1,0.549810804496007,0.7433049082756042,0.2848967313766479,TP
aPUDE1U/1021,1,0.9904094893499353,0.9468939304351808,0.9468939304351808,TP
aPUDE1U/1022,1,0.5729288920093032,0.7229600548744202,0.7229600548744202,TP
aPUDE1U/1027,1,0.2525519189867351,0.6452107429504395,0.3105403780937195,TP
aPUDE1U/1028,1,0.18988242782766193,0.9946138262748718,0.2396411299705505,TP
aPUDE1U/103,1,0.2572610373933935,0.751181423664093,1.96695327758789e-06,TP
aPUDE1U/1030,1,0.18113973010599815,0.9502395391464232,0.0662778019905089,TP
aPUDE1U/1031,1,0.39695940668203317,0.9082306027412416,0.4488629102706911,TP
aPUDE1U/1032,1,0.34587090245924496,0.6519603133201599,0.37220698595047,TP
aPUDE1U/1038,1,0.2942660405255963,0.9975665211677552,0.0012193322181702,TP
aPUDE1U/1040,0,0.0411593031079215,0.8709630966186523,0.0027012228965759,FP
aPUDE1U/1042,1,0.3839957174419351,0.7626795172691345,0.0278413891792297,TP
aPUDE1U/1043,1,0.17669137447575653,0.7125512957572937,0.3556095361709595,TP
aPUDE1U/1046,1,0.029521914175281598,0.8765511512756348,0.5630371570587158,TP
aPUDE1U/1048,1,0.014797649503264437,0.6211475729942322,0.6211475729942322,TP
aPUDE1U/1049,1,0.27566977575393375,0.8478905558586121,0.0082124471664428,TP
aPUDE1U/1052,1,0.7179414883921748,0.9955325722694396,0.9955325722694396,TP
aPUDE1U/1053,1,0.9197604695291687,0.8551191687583923,0.7734820544719696,TP
aPUDE1U/1054,1,0.007289544953888201,0.93099182844162,0.0814204812049866,TP
aPUDE1U/1055,1,0.21415791549046603,0.9925357103347778,0.014115035533905,TP
aPUDE1U/1058,1,0.2694560257957324,0.9566802382469176,0.8465229272842406,TP
aPUDE1U/1059,1,0.5047902702536348,0.7462798357009888,0.6501329243183137,TP
aPUDE1U/106,1,0.022974308005147548,0.801522970199585,0.001655101776123,TP
aPUDE1U/1060,0,0.04022000458497629,0.6430879831314087,0.1557525694370269,FP
aPUDE1U/1061,0,0.7445274797199442,0.8815029859542847,0.0458948612213134,FP
aPUDE1U/1062,0,0.012433934990527872,0.7006656527519226,0.0158369541168212,FP
aPUDE1U/1064,1,0.8884953566555677,0.9515866041183472,0.7973089516162872,TP
aPUDE1U/1065,1,0.8465915408150563,0.9050506353378296,0.7497262805700303,TP
aPUDE1U/1066,1,0.26702032223978267,0.9111940264701844,0.4497578740119935,TP
aPUDE1U/1067,1,0.395942995907036,0.8443979024887085,0.146571397781372,TP
aPUDE1U/1069,1,0.45622572059280836,0.7815279364585876,0.3820714652538299,TP
aPUDE1U/1071,0,0.0001634753251660256,0.7478688955307007,0.0015285611152648,TP
aPUDE1U/1073,1,0.024266742966709057,0.7016310691833496,0.0033351778984069,TP
aPUDE1U/1075,1,0.3397257188381212,0.8794408440589905,0.0419719219207763,TP
aPUDE1U/108,1,0.9354730073272486,0.9683195948600768,0.8187990486621856,TP
aPUDE1U/1089,1,0.053507114300167906,0.7548516988754272,2.9206275939941406e-06,TP
aPUDE1U/109,1,0.443410183397888,0.8095709681510925,0.1376327276229858,TP
aPUDE1U/1092,0,0.030076077474271285,0.7809209227561951,0.376237690448761,FP
aPUDE1U/113,1,0.10593092100306879,0.7165880799293518,0.032101035118103,TP
aPUDE1U/1135,1,0.08552588566051232,0.8750136494636536,0.1700507998466491,TP
aPUDE1U/1139,0,0.03688025831913429,0.7747318148612976,0.0895728468894958,FP
aPUDE1U/114,0,0.07878896949155578,0.9128090739250184,0.102423906326294,FP
aPUDE1U/1141,0,0.010463062629404316,0.7669150233268738,0.0087283253669738,TP
aPUDE1U/1144,1,0.15885565098036672,0.6963530778884888,0.059898555278778,TP
aPUDE1U/1145,1,0.0866118824562143,0.7522355318069458,0.2487560510635376,TP
aPUDE1U/1149,0,0.1241602244541541,0.7259843945503235,0.0286574959754943,FP
aPUDE1U/115,1,0.0861306128297876,0.8781905174255371,0.1060035824775695,TP
aPUDE1U/1150,1,0.9084789644759255,0.9997608661651612,0.874499246478081,TP
aPUDE1U/1154,1,0.24833415484069532,0.6508289575576782,0.1021821498870849,TP
aPUDE1U/1155,1,0.07062827746010153,0.5300570726394653,0.1917821764945984,TP
aPUDE1U/1159,0,0.00024277832646381404,0.9134640097618104,0.0261660218238831,TP
aPUDE1U/116,1,0.0431740744494281,0.7814647555351257,0.1003799438476562,TP
aPUDE1U/1160,1,0.5066737454021001,0.608960747718811,0.608960747718811,TP
aPUDE1U/1163,1,0.035027885756314436,0.8584606647491455,0.3191729187965393,TP
aPUDE1U/1164,1,0.01707356194478708,0.7668520212173462,0.0054253339767456,TP
aPUDE1U/1165,1,0.4319567668193157,0.8703477382659912,0.4041589498519898,TP
aPUDE1U/1167,0,0.006872663439735293,0.5224429368972778,0.0600578188896179,FP
aPUDE1U/1168,1,0.6878544171897812,0.7449846267700195,0.5917528867721559,TP
aPUDE1U/1170,0,0.016454014211994352,0.5772563219070435,0.0370333194732666,FP
aPUDE1U/1171,1,0.1408998982937066,0.757921040058136,0.0596047639846801,TP
aPUDE1U/1172,1,0.8562801801961771,0.7092775106430054,0.7092775106430054,TP
aPUDE1U/1173,1,0.3425136168982155,0.9928967356681824,0.4520894885063171,TP
aPUDE1U/1175,1,0.0476032419183122,0.564774751663208,0.0109636187553405,TP
aPUDE1U/1176,0,0.11240266170928706,0.8707361817359924,0.5755463540554047,FP
aPUDE1U/1177,1,0.3818022924176773,0.9529076218605042,0.04302978515625,TP
aPUDE1U/1178,1,0.42268993179683595,0.946419894695282,0.5302685499191284,TP
aPUDE1U/1179,1,0.9182248100147471,0.8906204104423523,0.8906204104423523,TP
aPUDE1U/118,1,0.9664702032024398,0.8100200295448303,0.8100200295448303,TP
aPUDE1U/1181,0,0.0029258938468924066,0.8084196448326111,0.1845276951789856,FP
aPUDE1U/1182,0,0.008283594451194854,0.740908145904541,0.064401090145111,FP
aPUDE1U/1183,1,0.1449116240232601,0.8840286731719971,0.1400815844535827,TP
aPUDE1U/1184,0,0.015131714656162375,0.9992231130599976,0.5367772877216339,FP
aPUDE1U/1185,1,0.5432459252695202,0.9081977009773254,0.470138669013977,TP
aPUDE1U/1186,0,5.444504181943723e-05,0.9143797159194946,0.1572721600532531,FP
aPUDE1U/1187,0,0.8692233283507191,0.7707710862159729,0.2405626773834228,FP
aPUDE1U/1188,1,0.31487235523948376,0.977285087108612,0.0073627233505247,TP
aPUDE1U/1189,1,0.0914581072540503,0.7803022861480713,0.4509530365467072,TP
aPUDE1U/119,1,0.9437313521851657,0.7553399801254272,0.7553399801254272,TP
aPUDE1U/1191,0,0.05395540067523007,0.7196248769760132,0.0179917216300964,TP
aPUDE1U/1193,1,0.0027680841216903276,0.8608689904212952,0.0176838636398315,TP
aPUDE1U/1194,1,0.290812621310482,0.8880849480628967,0.0090795159339904,TP
aPUDE1U/1195,0,0.006816577428879003,0.7930768132209778,0.0019522309303283,TP
aPUDE1U/1196,0,0.00027854185175416377,0.9667134284973145,0.0519756078720092,TP
aPUDE1U/1197,0,0.022233909975692183,0.89434814453125,0.4688490033149719,FP
aPUDE1U/1198,1,0.15963338702574756,0.8730077743530273,0.3223864436149597,TP
aPUDE1U/1199,1,0.5543317795832383,0.8888015151023865,0.7074872702360153,TP
aPUDE1U/1201,1,0.3302596039754252,0.951641857624054,0.2346457839012146,TP
aPUDE1U/1203,1,0.8137789907077365,0.8888078331947327,0.6390373110771179,TP
aPUDE1U/1208,1,0.2148428763922799,0.8945906758308411,0.4403329491615295,TP
aPUDE1U/1209,0,0.05341382199018923,0.6654083728790283,0.6654083728790283,FP
aPUDE1U/121,1,0.6056319964908983,0.9749996662139891,0.0154039859771727,TP
aPUDE1U/1210,1,0.8422481608790618,0.5381419658660889,0.0414040386676788,TP
aPUDE1U/1212,0,0.00019249308144346142,0.9610800743103028,0.0015769004821778,FP
aPUDE1U/1213,0,0.007165174175711662,0.6181513667106628,0.0769463181495666,FP
aPUDE1U/1214,1,0.6724725296105651,0.9742867946624756,0.7567839622497559,TP
aPUDE1U/1216,1,0.20820026110108666,0.9707837700843812,0.0028935074806214,TP
aPUDE1U/1217,1,0.5816997477858146,0.8408184051513672,0.0020623803138732,TP
aPUDE1U/1218,1,0.3698521643159594,0.6735724806785583,0.1435490250587463,TP
aPUDE1U/1219,1,0.9999350070259708,0.9579997062683104,0.7514384984970093,TP
aPUDE1U/122,1,0.9401879538504586,0.9148848056793212,0.9148848056793212,TP
aPUDE1U/1222,1,0.5985863160096673,0.7792813777923584,0.0001976490020751,TP
aPUDE1U/1224,0,0.007132359559314394,0.7774160504341125,0.1512912511825561,FP
aPUDE1U/1225,1,0.5072204044622282,0.7655191421508789,0.1793571710586547,TP
aPUDE1U/1226,0,0.02929685775582214,0.5429893136024475,0.0184535384178161,FP
aPUDE1U/1227,0,0.7284512445053921,0.7211199998855591,0.0355651378631591,FP
aPUDE1U/1228,1,0.00973212627518999,0.9931036233901978,0.086284101009369,TP
aPUDE1U/1229,0,0.8969398856146632,0.7249253392219543,0.4517586231231689,FP
aPUDE1U/123,0,0.9779190044292027,0.8649928569793701,0.7492779567837715,FP
aPUDE1U/1230,1,0.08873327523438203,0.9650161862373352,0.0044674277305604,TP
aPUDE1U/1231,1,0.22138159821414144,0.7414711117744446,0.0581529736518859,TP
aPUDE1U/1232,0,0.008604231081408134,0.6455059051513672,0.0758807063102722,FP
aPUDE1U/1236,1,0.0024854527485819776,0.729378879070282,2.2470951080322266e-05,TP
aPUDE1U/1237,0,0.04526677925211901,0.500862181186676,0.0012823045253754,FP
aPUDE1U/1238,0,0.007428184604389602,0.6756271719932556,0.0272878408432006,FP
aPUDE1U/124,1,0.27759228350323734,0.9118653535842896,0.5362880229949951,TP
aPUDE1U/1240,0,0.00031322037456405215,0.8517031669616699,0.0002124309539794,FP
aPUDE1U/1248,1,0.002321124987661151,0.9692870378494264,0.0023690462112427,TP
aPUDE1U/1249,1,0.1921201852265827,0.9308984279632568,0.0205050706863404,TP
aPUDE1U/125,1,0.3391369011515898,0.6530929207801819,0.6248929742723703,TP
aPUDE1U/1250,1,0.4668538162269068,0.9976407885551452,0.0012689828872679,TP
aPUDE1U/1251,1,0.02415131895548073,0.9999433755874634,0.0787302255630494,TP
aPUDE1U/1252,1,0.4522917144618771,0.9119662046432496,0.2571446895599366,TP
aPUDE1U/1253,1,0.00907773278995267,0.928286612033844,0.2129722237586975,TP
aPUDE1U/1254,0,0.3469838658954052,0.6723164916038513,0.5413162410259247,FP
aPUDE1U/1255,1,0.386926995733489,0.9425975680351256,0.0167875289916992,TP
aPUDE1U/1259,1,0.2323132284465946,0.7463111281394958,0.021316647529602,TP
aPUDE1U/1260,0,0.009434607797917013,0.8218210339546204,0.1643693447113037,FP
aPUDE1U/1261,1,0.047567992401786864,0.836453378200531,0.1254627704620361,TP
aPUDE1U/1262,1,0.05279905444835876,0.7350947856903076,0.058330237865448,TP
aPUDE1U/1263,1,0.14600795405213715,0.906284749507904,0.49941086769104,TP
aPUDE1U/1264,1,0.08074817937430202,0.9382327795028688,0.1781907677650452,TP
aPUDE1U/1265,1,0.0031737733771348238,0.731449544429779,0.6365816369652748,TP
aPUDE1U/1270,0,0.16978427726702752,0.7414039373397827,0.0250995755195617,FP
aPUDE1U/1271,0,0.002068974503448294,0.6654675006866455,0.0542011857032775,FP
aPUDE1U/1277,1,0.11822180556062956,0.9173029661178588,0.0071919560432431,TP
aPUDE1U/128,0,0.0004968954584993658,0.8839291334152222,0.0142505168914794,FP
aPUDE1U/1288,1,0.21130333577869856,0.5334389209747314,0.4335458725690843,TP
aPUDE1U/129,0,0.0003735304971052253,0.8954949378967285,0.0530921220779418,FP
aPUDE1U/1290,0,0.5007328037987634,0.6667821407318115,0.0704109072685241,FP
aPUDE1U/1291,0,0.7639090911776713,0.9648138880729676,0.0015855431556702,TP
aPUDE1U/1293,1,0.13079935203102835,0.9706177711486816,0.0716984868049621,TP
aPUDE1U/1295,1,0.2253219451068649,0.6525343656539917,0.0337745547294616,TP
aPUDE1U/1296,1,0.6967300722000164,0.9146839380264282,0.0102638602256773,TP
aPUDE1U/1298,1,0.019225488878777144,0.5831451416015625,0.0800465941429138,TP
aPUDE1U/130,1,0.48943033524910895,0.9301266670227052,0.1465861797332764,TP
aPUDE1U/1300,1,0.6437652818504009,0.9409451484680176,0.6801664233207703,TP
aPUDE1U/1306,1,0.3129133649598457,0.8750954866409302,0.4785001873970032,TP
aPUDE1U/1308,1,0.8800177722000995,0.9421790838241576,0.7048470228910445,TP
aPUDE1U/1309,1,0.9930403419696059,0.9483059644699096,0.2439170479774474,TP
aPUDE1U/131,0,0.0031689653913113715,0.945877730846405,0.0,FP
aPUDE1U/1311,1,0.34891243222158785,0.769222617149353,0.1408557891845703,TP
aPUDE1U/1313,1,0.22164919778490635,0.783758819103241,0.0026407241821289,TP
aPUDE1U/1316,1,0.2888905680451196,0.9721394777297974,0.0467025041580201,TP
aPUDE1U/1318,1,0.6362629130904524,0.8926446437835693,0.0405746698379516,TP
aPUDE1U/1319,1,0.032524463868879284,0.5116789937019348,0.0595370531082153,TP
aPUDE1U/1321,1,0.367939381556628,0.9332642555236816,0.0728888511657714,TP
aPUDE1U/1323,1,0.6834800092267518,0.9729655981063844,0.187859058380127,TP
aPUDE1U/1328,1,0.1256310903849297,0.980534553527832,0.0646926760673524,TP
aPUDE1U/1329,1,0.177499861420932,0.8234314918518066,0.2911500930786133,TP
aPUDE1U/133,0,0.9394925953561936,0.8936060070991516,0.2767818570137024,TP
aPUDE1U/1332,1,0.5311880822010455,0.9776539206504822,0.0474596619606018,TP
aPUDE1U/1333,1,0.10240081085935987,0.9361453652381896,0.013283371925354,TP
aPUDE1U/1336,0,0.00476649482658558,0.8402664065361023,0.0223029851913452,TP
aPUDE1U/134,0,0.003399112258119721,0.6748161315917969,0.0012745857238769,TP
aPUDE1U/1340,0,0.23849253145214458,0.8236494064331055,2.682209014892578e-06,TP
aPUDE1U/1342,0,0.9149293923583518,0.7284659743309021,0.3856965899467468,TP
aPUDE1U/1343,1,0.01995311641282121,0.5575302839279175,0.0744409263134002,TP
aPUDE1U/1344,1,0.0112147616730999,0.6690790057182312,0.0003585219383239,TP
aPUDE1U/1345,1,0.0025115525338388887,0.8780405521392822,0.0182968378067016,TP
aPUDE1U/1346,0,0.0006602427298368702,0.7890728116035461,0.0788418650627136,FP
aPUDE1U/1349,1,0.18799634222296874,0.7029701471328735,0.4774595946073532,TP
aPUDE1U/135,1,0.2596792856987507,0.9197912216186525,0.1473246216773988,TP
aPUDE1U/1350,1,0.15044615588153232,0.8622867465019226,0.0605036616325378,TP
aPUDE1U/1351,1,0.04887475189412018,0.6158556938171387,0.0192577242851257,TP
aPUDE1U/1354,0,0.7455048258282402,0.8232590556144714,0.1967980861663818,FP
aPUDE1U/1356,1,0.30551452613029345,0.8446062803268433,0.782350141555071,TP
aPUDE1U/1357,1,0.5409815046038912,0.8942611813545227,0.6848498731851578,TP
aPUDE1U/1358,1,0.2433653642708093,0.7884253859519958,0.2823883295059204,TP
aPUDE1U/1359,1,0.6020616378449413,0.8952182531356812,0.5419193506240845,TP
aPUDE1U/1360,0,0.05184878284342207,0.9333985447883606,0.0393726825714111,TP
aPUDE1U/1362,1,0.12813068213834902,0.5136981010437012,0.356494501233101,TP
aPUDE1U/1363,1,0.281563278140164,0.936971127986908,0.3110336065292358,TP
aPUDE1U/1364,0,0.7211945197126249,0.7012144327163696,0.0396645069122314,TP
aPUDE1U/1365,1,0.015504498534109283,0.9482089281082152,0.0679980516433714,TP
aPUDE1U/1366,1,0.725765755936019,0.9565029144287108,0.7677216827869414,TP
aPUDE1U/1367,1,0.1183724076451682,0.8817600011825562,0.0335644483566284,TP
aPUDE1U/1369,1,0.8334378119200847,0.8930508494377136,0.5647379457950592,TP
aPUDE1U/1370,1,0.034227777234987385,0.9362439513206482,0.4047847390174866,TP
aPUDE1U/1371,0,0.0159761800826202,0.9862754940986632,0.1591132283210753,FP
aPUDE1U/1373,1,0.001948668017191094,0.1681986600160598,0.005336433649063,TP
aPUDE1U/1374,0,0.1379185477829187,0.8765047788619995,0.2470853924751281,FP
aPUDE1U/1375,1,0.00026013547339701954,0.9074302911758424,0.4679670929908754,TP
aPUDE1U/1376,0,0.0003839059977245327,0.7989365458488464,0.0055118203163146,FP
aPUDE1U/1377,0,0.05227452536938173,0.6949119567871094,0.104853868484497,FP
aPUDE1U/1378,0,0.7470576401832266,0.872588038444519,0.0690890550613403,FP
aPUDE1U/1379,1,0.015727439635947613,0.9607569575309752,0.0786883831024168,TP
aPUDE1U/1380,0,0.001720085863587154,1.0,0.0,TP
aPUDE1U/1381,0,0.0011937256008461292,0.2788670361042022,0.2788670361042022,TP
aPUDE1U/1382,1,0.21265938542166868,0.8316576480865479,0.0001258254051208,TP
aPUDE1U/1383,0,0.01470451874241703,0.8850231170654297,0.0833320021629333,FP
aPUDE1U/1384,1,0.4630326861097244,0.6882168054580688,0.042335569858551,TP
aPUDE1U/1385,0,0.0026757369404319703,0.8554120659828186,0.0017231106758117,TP
aPUDE1U/1386,1,0.29452384448464725,0.9582782983779908,0.5692565441131594,TP
aPUDE1U/1387,1,0.2716526990294068,0.6515491008758545,0.4090344607830047,TP
aPUDE1U/1388,1,0.8097016514611726,0.9671212434768676,0.8963699489831923,TP
aPUDE1U/1389,1,0.5421622411400335,0.7536855936050415,0.314748227596283,TP
aPUDE1U/1390,1,0.15998946953808682,0.6339889764785767,0.6028641983866692,TP
aPUDE1U/1391,1,0.05409637029023439,0.5654614567756653,0.0077319145202636,TP
aPUDE1U/1393,0,0.9100934643535422,0.7481405138969421,0.5145037174224854,TP
aPUDE1U/1394,1,0.906410478549572,0.9300662875175476,0.7569503933191299,TP
aPUDE1U/1395,1,0.1370341488036613,0.7435757517814636,0.1641578674316406,TP
aPUDE1U/1396,1,0.6625626037557536,0.7444081902503967,0.3959081470966339,TP
aPUDE1U/1397,1,0.1308080154913943,0.8966229557991028,0.3377419114112854,TP
aPUDE1U/1398,1,0.012967989878838671,0.7866787910461426,0.3134719431400299,TP
aPUDE1U/1399,1,0.18347147706533123,0.9052557945251464,0.5225023925304412,TP
aPUDE1U/1400,0,0.03431288141697227,0.6432027220726013,0.0,TP
aPUDE1U/1404,0,0.1149354990609621,0.9052920937538148,0.0623904466629029,FP
aPUDE1U/1405,1,0.18905189834780947,0.7903186678886414,0.5929397940635681,TP
aPUDE1U/1406,1,0.025911510768171893,0.930126965045929,0.3428394794464111,TP
aPUDE1U/1408,1,0.21822219281578717,0.8155445456504822,0.5451143085956573,TP
aPUDE1U/1410,1,0.027666163108200574,0.999585211277008,0.0031592249870299,TP
aPUDE1U/1411,1,0.2721059873916028,0.6218245625495911,0.1646880507469177,TP
aPUDE1U/1412,1,0.6356697571022148,0.9374067783355712,0.5643280148506165,TP
aPUDE1U/1415,1,0.10252253736822389,0.9673634767532348,0.0986815094947813,TP
aPUDE1U/1416,1,0.15043644721288219,0.8035823702812195,0.5363173484802246,TP
aPUDE1U/1417,1,0.1159935226982041,0.7650437355041504,0.1549251079559326,TP
aPUDE1U/1418,1,0.3154347068925312,0.7603158950805664,0.0070025324821472,TP
aPUDE1U/1419,1,0.37681995467833296,0.7022327184677124,0.0223389267921447,TP
aPUDE1U/142,1,0.03127998288162294,0.857567310333252,0.6227639764547348,TP
aPUDE1U/1420,0,0.006054157964044599,0.9999998211860656,1.0728836059570312e-06,TP
aPUDE1U/1428,0,0.022665407836122607,0.9313403964042664,0.0180432796478271,FP
aPUDE1U/1429,1,0.7582973705388574,0.971502125263214,0.7101418077945708,TP
aPUDE1U/143,1,0.9148255434691327,0.999669909477234,0.999669909477234,TP
aPUDE1U/1430,1,0.13081489501675034,0.5369734168052673,0.1665701866149902,TP
aPUDE1U/1431,1,0.05499303788676147,0.849312961101532,0.027969479560852,TP
aPUDE1U/1432,1,0.1361788036050579,0.8256697654724121,0.0637347698211669,TP
aPUDE1U/1434,1,0.49895022333332795,0.9698184132575988,0.0195385217666623,TP
aPUDE1U/1435,0,0.01152319129783932,0.842081606388092,0.4996015727519989,FP
aPUDE1U/1437,1,0.16519018708279243,0.904717981815338,0.3888619542121886,TP
aPUDE1U/1438,1,0.26241596368447195,0.7886071801185608,0.431506484746933,TP
aPUDE1U/1439,1,0.5320665238640653,0.6762537360191345,0.2101389467716217,TP
aPUDE1U/144,1,0.08494490045423668,0.7851462960243225,0.3567080795764923,TP
aPUDE1U/1441,1,0.7293814898701899,0.7937167286872864,0.6681402921676636,TP
aPUDE1U/1442,1,0.8617218637867193,0.8608337640762329,0.8608337640762329,TP
aPUDE1U/1446,0,4.289566576573352e-05,0.4392277300357818,0.0783627927303314,TP
aPUDE1U/1447,1,0.7801797400574461,0.9538788795471193,0.6681131422519686,TP
aPUDE1U/1448,1,0.013287711781732325,0.636523962020874,0.0004268884658813,TP
aPUDE1U/1450,0,0.00037086523272564134,0.961589515209198,0.4688291847705841,TP
aPUDE1U/1451,1,0.006934318004760512,0.861207902431488,0.0,TP
aPUDE1U/1452,0,0.00045386157980178185,0.5997529625892639,0.05607670545578,FP
aPUDE1U/1454,0,0.010848216146422951,0.7113984227180481,0.3167306780815125,FP
aPUDE1U/1455,0,0.000115455192322123,0.7596991658210754,0.0286141633987426,FP
aPUDE1U/1456,1,0.6607041963211727,0.7450131773948669,0.6416125297546388,TP
aPUDE1U/1458,1,0.018570890198671183,0.9182217121124268,0.3761078119277954,TP
aPUDE1U/146,1,0.6567328178898453,0.792035698890686,0.392764002084732,TP
aPUDE1U/1460,1,0.5650809038070773,0.6565620303153992,0.2564304172992707,TP
aPUDE1U/1461,0,0.006095226518028074,0.8784100413322449,0.0692055821418762,FP
aPUDE1U/1462,1,0.01783589253062609,0.8981797099113464,0.0691102743148803,TP
aPUDE1U/1463,0,0.826251306523822,0.7219186425209045,0.3371060788631439,TP
aPUDE1U/1464,0,0.15316657312984877,0.7364378571510315,0.0104325413703918,FP
aPUDE1U/1465,0,8.140386584802127e-05,0.5707516670227051,0.0186461806297302,FP
aPUDE1U/1466,1,0.11840475874853393,0.980545699596405,0.132763385772705,TP
aPUDE1U/1467,1,0.9521485559700743,0.9241090416908264,0.7223333269357681,TP
aPUDE1U/1469,0,0.29998336936742465,0.9012718200683594,0.0630241632461547,TP
aPUDE1U/147,1,0.03655823474360701,0.8693205714225769,0.0704019665718078,TP
aPUDE1U/1470,1,0.4374092522327936,0.9612566828727722,0.6857607960700989,TP
aPUDE1U/1471,1,0.23767159885099284,0.6856130361557007,0.1542227268218994,TP
aPUDE1U/1474,1,0.30386179319855616,0.8488096594810486,0.2219772934913635,TP
aPUDE1U/1478,1,0.04972159529921905,0.6344985365867615,0.0,TP
aPUDE1U/148,1,0.8001369536131048,0.9216598272323608,0.8488290309906006,TP
aPUDE1U/1485,1,0.664761150822776,0.8011619448661804,0.785430109128356,TP
aPUDE1U/149,1,0.18588590656115936,0.9501760005950928,0.3194981813430786,TP
aPUDE1U/1496,0,0.2173194571595727,0.7253438234329224,0.7253438234329224,FP
aPUDE1U/150,1,0.07484168326865533,0.8295337557792664,0.0127761960029602,TP
aPUDE1U/1506,0,0.0193824887537253,0.6851410865783691,0.4729907363653183,FP
aPUDE1U/151,1,0.8695387486372994,0.7218148112297058,0.5990660339593888,TP
aPUDE1U/1517,1,0.5750475507009777,0.8978644013404846,0.7177411913871765,TP
aPUDE1U/1518,1,0.1481372981868338,0.9703410267829896,0.0719229578971863,TP
aPUDE1U/152,1,0.08779675645537359,0.9020138382911682,0.0013760328292846,TP
aPUDE1U/1521,1,0.3076121452692726,0.9558127522468568,0.5766550302505494,TP
aPUDE1U/1525,1,0.587298506434639,0.7282435894012451,0.7282435894012451,TP
aPUDE1U/1526,0,0.00046819074187922824,0.700334906578064,0.1726308465003967,FP
aPUDE1U/1528,1,0.5959171149764647,0.870471715927124,0.3988912403583527,TP
aPUDE1U/1529,1,0.06564009648213105,0.8631195425987244,0.3787156641483307,TP
aPUDE1U/153,0,0.8425438374052818,0.8604730367660522,0.2306713461875915,FP
aPUDE1U/1530,1,0.7356766566222718,0.6763796210289001,0.4580924361944199,TP
aPUDE1U/1531,1,0.12468392944341704,0.7533439993858337,0.5437595397233963,TP
aPUDE1U/1532,1,0.006075071353420777,0.6885953545570374,0.3549925982952118,TP
aPUDE1U/1534,1,0.07100244493588433,1.0,1.0,TP
aPUDE1U/1535,1,0.5571767630855429,0.6742425560951233,0.0819085240364074,TP
aPUDE1U/1536,1,0.7044319074371516,0.9083098769187928,0.28233140707016,TP
aPUDE1U/1537,1,0.07149818947703288,0.9985544681549072,0.215229332447052,TP
aPUDE1U/1538,1,0.32686345764314106,0.8410966992378235,0.0042389631271362,TP
aPUDE1U/154,0,0.25968143077180383,0.7222627997398376,0.0278016328811645,TP
aPUDE1U/1540,0,0.7597737556134969,0.8525933027267456,0.0110995173454284,TP
aPUDE1U/1541,1,0.6408293067060745,0.7265708446502686,0.4417333304882049,TP
aPUDE1U/1542,1,0.006086581199511656,0.828925371170044,0.1326649188995361,TP
aPUDE1U/1543,1,0.0036944587456602227,0.7136372327804565,0.0,TP
aPUDE1U/1544,1,0.9477801371956807,0.9372953176498412,0.9372953176498412,TP
aPUDE1U/1546,1,0.6823791726656091,0.8103629350662231,0.2694172263145447,TP
aPUDE1U/155,1,0.0891744788141162,0.7359196543693542,0.0518275499343872,TP
aPUDE1U/1550,1,0.06196730323946164,0.8563129305839539,0.0607219338417053,TP
aPUDE1U/1551,0,0.005961016003670045,0.6660351157188416,0.0340389013290405,FP
aPUDE1U/1552,0,0.2518246525193347,0.999723255634308,8.875131607077869e-05,TP
aPUDE1U/1553,1,0.45384346764773786,0.8668928742408752,0.2867790460586548,TP
aPUDE1U/1556,1,0.050038710417840034,0.7579103708267212,0.3246740400791169,TP
aPUDE1U/1558,1,0.030074533433682257,0.8522505164146423,0.0052838325500488,TP
aPUDE1U/1559,0,0.8451942819116252,0.7629696726799011,0.0073175430297851,TP
aPUDE1U/1561,1,0.26914967573334925,0.724176824092865,0.0119103193283081,TP
aPUDE1U/1562,1,0.14744511618579173,0.8712046146392822,0.1764934062957763,TP
aPUDE1U/1563,1,0.2846747581450402,0.7676697373390198,0.1213690042495727,TP
aPUDE1U/1564,1,0.33043554772524714,0.9300100803375244,0.4563345611095429,TP
aPUDE1U/1565,1,0.24011377541958157,0.9067065715789796,0.3531687259674073,TP
aPUDE1U/1566,1,0.17787934993919285,0.9593377709388732,0.0108420252799987,TP
aPUDE1U/1567,1,0.83532766879978,0.9401329159736632,0.4493270814418792,TP
aPUDE1U/1569,1,0.42595383741354376,0.8561289310455322,0.0251904129981994,TP
aPUDE1U/157,1,0.5963096609536445,0.7121042013168335,0.6000767871737481,TP
aPUDE1U/1570,1,0.10281724285577637,0.9091014862060548,0.000714898109436,TP
aPUDE1U/1571,1,0.11792662732475724,0.8672798871994019,0.0,TP
aPUDE1U/1573,1,0.539881767376213,0.6493357419967651,0.0335646867752075,TP
aPUDE1U/1574,1,0.5116209227200111,0.9233670234680176,0.1097422838211059,TP
aPUDE1U/158,1,0.0009842781212142883,0.7314124703407288,0.0160374045372009,TP
aPUDE1U/1586,0,5.600019934861593e-05,0.633602499961853,0.0,FP
aPUDE1U/1588,0,0.00010507178803686415,0.9045915007591248,0.0154976248741149,FP
aPUDE1U/1589,0,0.010280395673676371,0.9017851948738098,0.0465319156646728,FP
aPUDE1U/159,1,0.9430150786684988,0.9119921326637268,0.9119921326637268,TP
aPUDE1U/1590,0,0.10116660965575668,0.6136984825134277,0.0356701612472534,TP
aPUDE1U/1591,0,1.2694456041475903e-05,0.4888584911823272,0.1691087782382965,FP
aPUDE1U/1592,1,0.15179411649197208,0.9675894379615784,0.0170120000839233,TP
aPUDE1U/1593,1,0.3290775297134222,0.832286536693573,0.0049982070922851,TP
aPUDE1U/1594,0,0.005071732055582972,0.8054217100143433,0.3641776144504547,FP
aPUDE1U/1595,0,0.03586468153281773,0.8843395113945007,0.0635331869125366,FP
aPUDE1U/1596,0,0.35252455885569245,0.5742854475975037,0.0095328092575073,FP
aPUDE1U/1597,0,0.0006417130785507335,0.8380079865455627,0.0001637935638427,FP
aPUDE1U/1598,0,0.00045258082387831996,0.8246119618415833,0.1354883313179016,FP
aPUDE1U/1599,0,0.005986183642807155,0.8899827003479004,0.0499389171600341,FP
aPUDE1U/160,1,0.31001672294115823,0.8500359058380127,0.375432699918747,TP
aPUDE1U/1600,0,0.03466804691312731,0.7465684413909912,0.0428947210311889,FP
aPUDE1U/1601,1,0.41157901251592716,0.8879551291465759,0.0080638527870178,TP
aPUDE1U/1603,0,0.05897762592826501,0.8445331454277039,0.0,TP
aPUDE1U/1604,1,0.0009114469373853693,0.8558065295219421,0.0003221631050109,TP
aPUDE1U/1607,1,0.2742654322637924,0.6794105172157288,0.0378102660179138,TP
aPUDE1U/1608,0,0.25515738515196695,0.6552496552467346,0.0079789161682128,FP
aPUDE1U/1609,1,0.522362999954062,0.9513738751411438,0.0669028759002685,TP
aPUDE1U/161,1,0.917813272039111,0.839104413986206,0.7305919006466866,TP
aPUDE1U/1610,1,0.00014851693951748048,0.8474678993225098,0.0640230774879455,TP
aPUDE1U/1611,0,0.04635831987484524,0.7061806917190552,0.4198475778102875,FP
aPUDE1U/1612,1,0.8358031456143895,0.4751949608325958,0.3672704994678497,TP
aPUDE1U/1613,1,0.023620016704448812,0.6087141633033752,0.1862773299217224,TP
aPUDE1U/1614,1,0.22077624831664514,0.760890781879425,0.595744714140892,TP
aPUDE1U/1615,1,0.3680360859721862,0.6690807938575745,0.5668568983674049,TP
aPUDE1U/1616,1,0.26206712799838533,0.8896905183792114,8.440017700195312e-05,TP
aPUDE1U/1617,0,0.0015812342951317861,0.7937846183776855,0.0155499577522277,FP
aPUDE1U/162,0,8.559845138505348e-05,0.6896786689758301,0.0267755389213562,FP
aPUDE1U/1622,1,0.020089172211929032,0.7672372460365295,0.025356113910675,TP
aPUDE1U/1623,1,0.034745267747272275,0.8715225458145142,0.0126585960388183,TP
aPUDE1U/1626,0,0.002527206909297976,0.8916192650794983,5.960464477539064e-08,FP
aPUDE1U/163,1,0.6757218638207789,0.7586682438850403,0.7586682438850403,TP
aPUDE1U/1632,0,0.000796900343363566,0.8198387622833252,0.0275819897651672,FP
aPUDE1U/1633,1,0.2496089128653302,0.8752153515815735,0.4472538232803345,TP
aPUDE1U/1634,1,0.915152579593212,0.8168724775314331,0.8168724775314331,TP
aPUDE1U/1636,1,0.07630487933891392,0.742412805557251,0.742412805557251,TP
aPUDE1U/1637,0,0.004073087859459248,0.9282941818237304,0.4579503536224364,FP
aPUDE1U/1638,1,0.40481579718541094,0.9200631976127625,0.0173885226249694,TP
aPUDE1U/1639,1,0.48494267748747116,0.9010385274887084,0.9010385274887084,TP
aPUDE1U/164,1,0.22887270741713087,0.882836639881134,0.0546854734420776,TP
aPUDE1U/1640,1,0.0015692193476035238,0.7495362758636475,0.0161464810371398,TP
aPUDE1U/1641,0,0.009759171860854914,0.6950687170028687,0.3676498830318451,FP
aPUDE1U/1642,0,4.1557716137836574e-05,0.8881784677505493,0.040012776851654,TP
aPUDE1U/1643,1,0.40921874556606513,0.7104692459106445,0.0744049549102783,TP
aPUDE1U/1644,0,0.022786688902554954,0.7734402418136597,0.0237342715263366,FP
aPUDE1U/1647,0,2.2835079370820463e-06,0.4889451861381531,0.1957560181617736,FP
aPUDE1U/1650,1,0.0037126238672664977,0.6611321568489075,0.3562816083431244,TP
aPUDE1U/1651,1,0.09439791195897765,0.8632395267486572,0.057820439338684,TP
aPUDE1U/1655,1,0.8546802496191765,0.932971715927124,0.5193873643875122,TP
aPUDE1U/1656,0,0.0008591628926963459,0.922346293926239,0.5888042747974396,FP
aPUDE1U/1657,0,0.042688486759536376,0.8995035290718079,0.0003325939178466,TP
aPUDE1U/1658,1,0.7918993181729627,0.823212742805481,0.5792768746614456,TP
aPUDE1U/1659,1,0.4292046495982878,0.6519598960876465,0.0618752837181091,TP
aPUDE1U/1662,1,0.39606730571155835,0.7799096703529358,0.3459649682044983,TP
aPUDE1U/1663,0,0.0002086027693684514,0.6400943398475647,0.0464251637458801,FP
aPUDE1U/1665,0,0.8023381181316496,0.9588921666145324,0.2650752067565917,TP
aPUDE1U/1667,0,0.8783312479742033,0.8977711796760559,0.0098387002944946,FP
aPUDE1U/1670,1,0.7709121326050054,0.8271656632423401,0.4472156763076783,TP
aPUDE1U/1673,1,0.0052209387005681274,0.8500016331672668,0.0223450660705566,TP
aPUDE1U/1674,0,0.7195202119059178,0.6697671413421631,0.0572623610496521,FP
aPUDE1U/1675,1,0.2688114698074173,0.8655093312263489,0.2294989228248596,TP
aPUDE1U/1677,1,0.5450519768743819,0.9244526028633118,0.0,TP
aPUDE1U/1678,1,0.06757754749399225,0.6521745920181274,0.001168668270111,TP
aPUDE1U/1679,0,0.9149980185130341,0.7582423090934753,0.3927509486675262,TP
aPUDE1U/1680,0,0.7327940479987526,0.7423166036605835,0.0,TP
aPUDE1U/1681,1,0.0006828709124823179,0.7071393132209778,0.0791569352149963,TP
aPUDE1U/1683,1,0.08589745227659257,0.644859790802002,0.0,TP
aPUDE1U/1684,0,0.01135026841464315,0.5645385980606079,0.1133376061916351,FP
aPUDE1U/1685,0,0.3520614634713743,0.9004122018814087,0.4731026291847229,FP
aPUDE1U/1686,1,0.12939650908503117,0.6138765811920166,0.0049695372581481,TP
aPUDE1U/1687,1,0.1889308178926864,0.7501481771469116,0.0365312099456787,TP
aPUDE1U/1688,1,0.7621579366739412,0.7642459273338318,0.7314380034804345,TP
aPUDE1U/1689,1,0.9876170587848495,0.912714421749115,0.912714421749115,TP
aPUDE1U/1692,1,0.21917944486551458,0.5848118662834167,0.0,TP
aPUDE1U/1693,1,0.16300284488752842,0.8642991781234741,0.0743235945701599,TP
aPUDE1U/1694,1,0.45616829521517005,0.6292561888694763,0.6292561888694763,TP
aPUDE1U/1697,0,0.00013226174339123822,0.8573513627052307,0.0437921285629272,TP
aPUDE1U/1700,0,0.062000153586793734,0.7901241779327393,0.3482508957386017,FP
aPUDE1U/1702,1,0.04945864762665668,0.7506394982337952,0.2317276000976562,TP
aPUDE1U/1703,1,0.314580718932427,0.8413371443748474,0.5785104632377625,TP
aPUDE1U/1704,1,0.07864670704067565,0.5260472893714905,0.0040192008018493,TP
aPUDE1U/1705,0,0.04447539496171895,0.8403280377388,0.0007068514823913,TP
aPUDE1U/171,1,0.03242766800865874,0.6773839592933655,0.2553948760032654,TP
aPUDE1U/1710,0,0.25540006020481487,0.7813522815704346,0.5448359549045563,FP
aPUDE1U/1711,0,0.993954016073556,0.8736209273338318,0.8736209273338318,FP
aPUDE1U/1712,0,0.001441130702786213,0.954036831855774,0.0006173253059388,FP
aPUDE1U/1713,1,0.004199977807959376,0.5003796219825745,0.5003796219825745,TP
aPUDE1U/1716,1,0.0004428913697866379,0.7075726389884949,0.0094640254974365,TP
aPUDE1U/1718,1,0.003764953245527924,0.8282623291015625,0.6392641365528107,TP
aPUDE1U/1719,1,0.01832753833551687,0.7956212162971497,0.4149634540081025,TP
aPUDE1U/1721,1,0.853298000504827,0.9225659370422364,0.0846670269966126,TP
aPUDE1U/1729,1,0.46606331442432325,0.8661091327667236,0.1579589247703552,TP
aPUDE1U/1750,1,0.7985752515202579,0.998643696308136,0.998643696308136,TP
aPUDE1U/1751,1,0.8227396118210489,0.998501181602478,0.998501181602478,TP
aPUDE1U/1752,1,0.8328049974392268,0.9991952180862428,0.9991952180862428,TP
aPUDE1U/1753,1,0.7595360984337397,0.6849576830863953,0.6849576830863953,TP
aPUDE1U/1754,1,0.43408580711535505,0.7224174737930298,0.4549426138401032,TP
aPUDE1U/1755,1,0.9917747924307542,0.9727338552474976,0.9727338552474976,TP
aPUDE1U/1756,1,0.9534598795070615,0.841321587562561,0.727634459733963,TP
aPUDE1U/1757,1,0.11211968727269593,0.6999914646148682,0.1776149272918701,TP
aPUDE1U/1758,1,0.028544107811597618,0.6092265844345093,0.0013771057128906,TP
aPUDE1U/1759,1,0.3731894399268524,0.6459970474243164,0.0007250905036926,TP
aPUDE1U/176,1,0.2699712277002653,0.8789277076721191,0.3946216404438019,TP
aPUDE1U/1760,0,0.0014095253422229215,0.724349856376648,0.0,FP
aPUDE1U/1761,0,0.02588416216748288,0.8396714329719543,0.4041039049625397,FP
aPUDE1U/1762,0,0.012642827349638402,0.5110624432563782,0.2828281521797181,FP
aPUDE1U/1763,1,0.3557509147918258,0.8749138116836548,0.3912838995456696,TP
aPUDE1U/1764,1,0.02213526093944002,0.6612647771835327,0.0615184307098388,TP
aPUDE1U/1765,1,0.10099924566643124,0.9647512435913086,0.0039220452308653,TP
aPUDE1U/1766,1,0.72040978865751,0.9001113772392273,0.425068348646164,TP
aPUDE1U/1767,1,0.4556068883368667,0.670891284942627,0.6081835106015205,TP
aPUDE1U/1768,1,0.7961699148818496,0.915971577167511,0.6191364824771881,TP
aPUDE1U/1769,1,0.11529940611786868,0.5958751440048218,0.3482409566640854,TP
aPUDE1U/1770,1,0.1743752073266491,0.8918681740760803,0.0424054265022277,TP
aPUDE1U/1771,1,0.8212233411963027,0.9741652011871338,0.4721580743789673,TP
aPUDE1U/1772,0,0.26176065703407536,0.6865628957748413,0.0474042892456054,FP
aPUDE1U/1774,1,0.08592284203358024,0.5499370694160461,0.0007902979850769,TP
aPUDE1U/1776,1,0.033026539366998425,0.8450525999069214,0.1070908308029174,TP
aPUDE1U/1779,0,0.18250729702612153,0.7191361784934998,0.7054891232401134,FP
aPUDE1U/1780,0,0.885664774548162,0.8230401277542114,0.4338113963603973,TP
aPUDE1U/1781,1,0.7349276598900324,0.849128782749176,0.849128782749176,TP
aPUDE1U/1782,1,0.8351277736933251,0.9725006222724916,0.524475395679474,TP
aPUDE1U/1783,1,0.0952089571836194,0.9925130605697632,0.152230679988861,TP
aPUDE1U/1784,1,0.3106199120519205,0.9272620677947998,0.7616282254457474,TP
aPUDE1U/1785,1,0.27319154386425787,0.6494976282119751,0.1775765120983123,TP
aPUDE1U/1786,0,0.0004187225521375262,0.7159649133682251,0.3631058633327484,FP
aPUDE1U/1787,0,0.08696772016937887,0.7378602623939514,0.2196522355079651,FP
aPUDE1U/1788,0,0.05438432210495459,0.7301422357559204,0.1869029402732849,FP
aPUDE1U/1789,0,0.0635007204757131,0.7026963233947754,0.1888098120689392,FP
aPUDE1U/1792,1,0.4977873445398554,0.715394914150238,0.4863747954368591,TP
aPUDE1U/1793,1,0.14610525856043924,0.75577712059021,0.0133773684501647,TP
aPUDE1U/1794,1,0.0038566111787080902,0.7378942370414734,0.0036996603012084,TP
aPUDE1U/1795,1,0.6128744933745838,0.7546429634094238,0.7546429634094238,TP
aPUDE1U/1796,1,0.5265519971621977,0.9681252241134644,0.1853827238082885,TP
aPUDE1U/1798,0,0.012570879143761487,0.6529247760772705,0.0008615255355834,FP
aPUDE1U/1799,0,0.8233125844124715,0.7687221765518188,0.2765869498252868,FP
aPUDE1U/1803,0,0.9468690878344241,0.7137711048126221,0.5767430067062379,FP
aPUDE1U/1804,1,0.8562482624551108,0.7004783749580383,0.5806239694356918,TP
aPUDE1U/1805,1,0.5499279537173906,0.7306643128395081,0.3416987657546997,TP
aPUDE1U/1806,1,0.8606944873879498,0.9068946242332458,0.6181349456310272,TP
aPUDE1U/1807,1,0.5343519042210626,0.9892345070838928,0.0858271718025208,TP
aPUDE1U/1809,1,0.19044372375441748,0.5834155678749084,0.5834155678749084,TP
aPUDE1U/1810,1,0.4657201281038309,0.8769017457962036,0.0127868056297302,TP
aPUDE1U/1811,1,0.011029151980412379,0.9179763793945312,0.5860150456428528,TP
aPUDE1U/1812,1,0.9390518485667839,0.9560918211936952,0.9560918211936952,TP
aPUDE1U/1813,1,0.007486664905704247,0.8805139660835266,0.5422338545322418,TP
aPUDE1U/1814,1,0.15624253747387917,0.9175369739532472,0.3036126494407655,TP
aPUDE1U/1815,1,0.06501860215690815,0.8886131048202515,0.2877393960952759,TP
aPUDE1U/1816,1,0.002833382300557519,0.8395677804946899,0.5372397303581238,TP
aPUDE1U/1817,0,0.014928970762407717,0.6131969094276428,0.1412021815776825,FP
aPUDE1U/182,0,0.8318619075264078,0.8039478063583374,0.2914038300514221,FP
aPUDE1U/1820,1,0.011942532256533184,0.9433403611183168,0.0905047059059144,TP
aPUDE1U/1821,1,0.3643967351616929,0.7576372623443604,0.7576372623443604,TP
aPUDE1U/1824,1,0.9234476521449523,0.9967828392982484,0.9967828392982484,TP
aPUDE1U/1826,0,0.006644789379671332,0.9359138011932372,0.0630701184272765,FP
aPUDE1U/1827,1,0.21477020392638824,0.7164310812950134,0.0640490651130676,TP
aPUDE1U/1828,1,0.2516429665308575,0.6557527184486389,0.3637731671333313,TP
aPUDE1U/183,0,0.00033709864611297695,0.7853014469146729,0.1594834327697754,FP
aPUDE1U/1830,1,0.29152948942344686,0.931585729122162,0.1211777925491334,TP
aPUDE1U/1832,1,0.5733033281674699,0.7246111631393433,0.0005658268928527,TP
aPUDE1U/1833,1,0.6540559215839173,0.9510287046432496,0.1806059479713441,TP
aPUDE1U/1834,0,0.07642879275796968,0.8803686499595642,0.5066154301166534,FP
aPUDE1U/1835,1,0.0074911207786507485,0.5459917783737183,0.1368368566036224,TP
aPUDE1U/1836,1,0.35315617621008855,0.7980601191520691,0.3821526765823365,TP
aPUDE1U/1837,1,0.000451374216024211,0.8065522313117981,0.1623308658599853,TP
aPUDE1U/1838,0,0.42792972706936194,0.8345652222633362,0.0057270526885986,TP
aPUDE1U/1839,1,0.46788804845594395,0.896876335144043,0.3137286901473999,TP
aPUDE1U/1840,1,0.31428823843290055,0.7262892127037048,0.2628057301044464,TP
aPUDE1U/1841,1,0.4230625256817963,0.824171245098114,0.3557009398937225,TP
aPUDE1U/1844,1,0.22571539937169668,0.9396706223487854,0.034112811088562,TP
aPUDE1U/1846,1,0.6408277890525717,0.7278786301612854,0.3990288078784943,TP
aPUDE1U/1847,0,0.024183808601803865,0.7276030778884888,0.0,TP
aPUDE1U/1848,1,0.08305644975832303,0.8144780993461609,0.0002887248992919,TP
aPUDE1U/1849,1,0.0006756715850195815,0.9783719182014464,0.2265180945396422,TP
aPUDE1U/1850,0,0.0309822780900506,0.6263824701309204,0.0012273788452148,TP
aPUDE1U/1851,0,0.00710588455493029,0.99800044298172,0.1210134029388427,FP
aPUDE1U/1852,1,0.06668361168066166,0.9440186023712158,0.2752264142036438,TP
aPUDE1U/1853,0,0.7760077136438522,0.9346919059753418,0.0010281205177306,TP
aPUDE1U/1854,1,0.104137870968967,0.89356529712677,0.4432392418384552,TP
aPUDE1U/1855,1,0.14427909540443087,0.9577754735946656,0.042745053768158,TP
aPUDE1U/1856,1,0.41179812794758897,0.9855341911315918,0.0215600728988647,TP
aPUDE1U/1857,0,0.022552221993668197,0.7359898090362549,0.076370894908905,FP
aPUDE1U/1858,1,0.5275562828321182,0.6969216465950012,0.4876643270254135,TP
aPUDE1U/1859,1,0.5409254522400918,0.8333593606948853,0.2854752540588379,TP
aPUDE1U/1860,1,0.510414384162854,0.8590431809425354,0.3411387801170349,TP
aPUDE1U/1861,1,0.35673812008118677,0.9724279046058656,0.0356865525245667,TP
aPUDE1U/1862,1,0.7646166322312993,0.962834894657135,0.6065628528594971,TP
aPUDE1U/1863,1,0.47359170368786097,0.9342469573020936,0.2520655393600465,TP
aPUDE1U/1864,1,0.38510317496926677,0.9997491836547852,0.8633132725954057,TP
aPUDE1U/1865,0,0.003522842263427142,0.9987441301345824,0.013888120651245,TP
aPUDE1U/1866,1,0.8627990040440839,0.9845754504203796,0.6385291814804077,TP
aPUDE1U/1867,1,0.12061674855894941,0.9305410385131836,0.4700197577476502,TP
aPUDE1U/1868,1,0.5491996462248769,0.9723915457725524,0.4242812395095824,TP
aPUDE1U/1869,1,0.6302477840791878,0.8537672758102417,0.3446918725967407,TP
aPUDE1U/1870,1,0.43998161190297896,0.9514273405075072,0.3131132721900939,TP
aPUDE1U/1871,1,0.25512717418878333,0.9530492424964904,0.4107342362403868,TP
aPUDE1U/1872,1,0.7102286803158908,0.9576297402381896,0.5206520557403564,TP
aPUDE1U/1873,1,0.5827272013612484,0.9495711922645568,0.3231927752494811,TP
aPUDE1U/1874,0,0.00013215430102348006,0.7204538583755493,0.2191458940505981,FP
aPUDE1U/1875,1,0.9066081735482535,0.9438478350639344,0.7676355093717576,TP
aPUDE1U/1877,1,0.8251117729806356,0.8393223285675049,0.8393223285675049,TP
aPUDE1U/1878,1,0.006118415888323009,0.7868337631225586,0.0080865621566772,TP
aPUDE1U/188,1,0.09168854500153573,0.6645178198814392,0.0219241976737976,TP
aPUDE1U/1880,0,0.018580003726612906,0.9433777332305908,0.1075088381767273,FP
aPUDE1U/1884,0,0.05764565180152246,0.6018606424331665,0.3743923008441925,FP
aPUDE1U/1886,1,0.1128187850836596,0.8660597801208496,0.7546091377735138,TP
aPUDE1U/1892,0,0.03407584628404243,0.6711016297340393,0.0393253564834594,FP
aPUDE1U/1896,0,0.0077711228902765574,0.6398230791091919,0.0465108156204223,FP
aPUDE1U/1897,1,0.00041419959065625743,0.578961193561554,0.0572834014892578,TP
aPUDE1U/1898,1,0.15911240567171298,0.9582285284996032,0.0123586058616635,TP
aPUDE1U/1899,1,0.5101627799075038,0.9516950249671936,0.0110690593719482,TP
aPUDE1U/1900,1,0.020917844650217815,0.9776219129562378,0.1780667304992675,TP
aPUDE1U/1901,1,0.492917280347812,0.9439457058906556,0.0623476505279542,TP
aPUDE1U/1902,0,0.12470897763279253,0.5780003666877747,0.1328118443489074,FP
aPUDE1U/1903,1,0.019840790000544103,1.0,1.0,TP
aPUDE1U/1904,1,0.9683760839733238,0.8563326001167297,0.7788545340299606,TP
aPUDE1U/1906,1,0.14032607360681623,0.8986085653305054,0.0543800592422485,TP
aPUDE1U/1907,1,0.0019407890920004158,0.9746078848838806,0.2064731121063232,TP
aPUDE1U/1910,1,0.6975170595705079,0.7767230272293091,0.7226954959332944,TP
aPUDE1U/1911,0,0.012844832275870655,0.7746065855026245,0.0180297493934631,FP
aPUDE1U/1912,1,0.2250214474661932,0.859266459941864,0.2365745306015014,TP
aPUDE1U/1913,0,0.7197056497177862,0.912320613861084,0.6788143068552017,FP
aPUDE1U/1914,0,0.0005851035005743995,0.9547207355499268,0.0199288725852967,TP
aPUDE1U/1915,1,0.8053010146199558,0.8654248118400574,0.8484041579067708,TP
aPUDE1U/1916,1,0.0008304806497147056,0.9530998468399048,0.0425136089324952,TP
aPUDE1U/1917,1,0.10914413815253243,0.7406102418899536,0.4028949737548828,TP
aPUDE1U/1918,1,0.2328659859801843,0.946347177028656,0.0016401410102844,TP
aPUDE1U/1919,1,0.6050727317017847,0.8980072140693665,0.7255298942327499,TP
aPUDE1U/1920,1,0.6880766660651213,0.8211601376533508,0.376045435667038,TP
aPUDE1U/1921,1,0.21531593575455932,0.956444263458252,0.0398780703544615,TP
aPUDE1U/1922,1,0.4825084122582684,0.9493541717529296,0.0144743323326109,TP
aPUDE1U/1923,1,0.45888544159895656,1.0,1.0,TP
aPUDE1U/1924,0,0.4965281857863145,0.5279024839401245,0.0238000154495239,FP
aPUDE1U/1925,1,0.6478429907259864,0.9511037468910216,0.3934261798858641,TP
aPUDE1U/1926,0,0.17754630165954355,0.7060244679450989,0.0,FP
aPUDE1U/1928,1,0.01385295818963305,0.8359730243682861,0.0392649173736572,TP
aPUDE1U/1929,1,0.5182400895548389,0.9000766277313232,0.6394278109073639,TP
aPUDE1U/1930,0,0.1138010513078287,0.6803908348083496,0.1663269996643066,FP
aPUDE1U/1931,1,0.7204290356920235,0.7547203302383423,0.7547203302383423,TP
aPUDE1U/1932,1,0.5435059622611333,0.7685060501098633,0.4389914870262146,TP
aPUDE1U/1933,0,0.0034675630330524873,0.8343291878700256,0.8343291878700256,FP
aPUDE1U/1935,1,0.5071927955467161,0.8373124599456787,0.0615177750587463,TP
aPUDE1U/1936,0,0.24918939989275535,0.9999619722366332,0.0006576180458067,TP
aPUDE1U/1937,0,0.7456794248016981,0.6090098023414612,0.0030822157859802,TP
aPUDE1U/1938,1,0.03564964872666405,0.9732463955879213,0.0518624782562257,TP
aPUDE1U/1939,0,0.6986589357110776,0.9999157786369324,0.0007790923118591,TP
aPUDE1U/1940,0,0.00010926840681499402,0.8900988101959229,0.0110665559768676,TP
aPUDE1U/1941,0,0.18278957738925347,0.7126149535179138,0.2285448312759399,FP
aPUDE1U/1942,0,0.05020178278387919,0.6861037611961365,0.0517230033874511,FP
aPUDE1U/1943,1,0.060262128113975896,0.7470571994781494,0.0203719735145568,TP
aPUDE1U/1944,1,0.5000387120742823,0.8200778961181641,0.0237542390823364,TP
aPUDE1U/1950,0,0.0018975022931933254,0.9992069602012634,0.0009463429450988,FP
aPUDE1U/1952,1,0.3209496589907649,0.9724802374839784,0.0382471084594727,TP
aPUDE1U/1953,1,0.4974779736453887,0.8692025542259216,0.0889962911605835,TP
aPUDE1U/1954,1,0.0017342104711060688,0.8348519206047058,0.024979293346405,TP
aPUDE1U/1956,0,0.0034533459215045207,0.4642325639724731,0.0440976917743682,FP
aPUDE1U/1958,0,0.07701996893971197,0.6435798406600952,0.0382753610610961,FP
aPUDE1U/1959,1,0.00049961891008104,0.941278874874115,0.0068234205245971,TP
aPUDE1U/1961,1,0.7272139684425952,0.8280030488967896,0.0483461618423461,TP
aPUDE1U/1962,0,0.003304891624565805,0.6443871855735779,0.2794387936592102,FP
aPUDE1U/1964,1,0.0870163702539769,0.5803269147872925,0.0013640522956848,TP
aPUDE1U/1965,0,0.0031162108856993163,0.5664631724357605,0.0110976099967956,FP
aPUDE1U/1966,1,0.4592227259340515,0.7116386294364929,0.0583915710449218,TP
aPUDE1U/1969,1,0.5033209462974787,0.9610167145729064,0.140641689300537,TP
aPUDE1U/1972,1,0.22190590930670281,0.7190443873405457,0.159147024154663,TP
aPUDE1U/1974,1,0.4542382889845501,0.8120537400245667,0.0217608213424682,TP
aPUDE1U/1976,0,0.8664661034075735,0.8925620317459106,0.163321316242218,TP
aPUDE1U/1983,1,0.21058380212473105,0.701006293296814,0.0098872184753417,TP
aPUDE1U/199,0,0.8726828951893011,0.8200482130050659,0.1176962256431579,TP
aPUDE1U/1990,0,0.3476643163888924,0.7834202647209167,0.0124741196632385,TP
aPUDE1U/1992,1,0.43758513956035305,0.5823414921760559,0.092047393321991,TP
aPUDE1U/1998,0,0.003869971270335952,0.5395298600196838,0.0455518066883087,FP
aPUDE1U/1999,1,0.5531079759620003,0.7460973858833313,0.3717407584190369,TP
aPUDE1U/20,0,0.9868747816590859,0.9535729289054872,0.9535729289054872,FP
aPUDE1U/2000,1,0.04025078068221911,0.9402114152908324,0.0431203246116637,TP
aPUDE1U/2005,1,0.7345642875209821,0.7433848977088928,0.5118743181228638,TP
aPUDE1U/2006,1,0.17695191610090674,0.5320978760719299,0.2606220543384552,TP
aPUDE1U/2007,1,0.5681715367945858,0.9877862334251404,0.1455662250518798,TP
aPUDE1U/2008,1,0.5000374717469128,0.7817144989967346,0.4965879321098328,TP
aPUDE1U/2010,0,0.2351216849262691,0.6713151335716248,0.0857502818107605,FP
aPUDE1U/2011,1,0.0016758509315998441,0.9590365290641784,0.0049969553947447,TP
aPUDE1U/2012,1,0.6241796280331461,0.9755004048347472,0.833149641752243,TP
aPUDE1U/2013,1,0.019779224489775295,0.8956989645957947,0.0308451056480407,TP
aPUDE1U/2016,1,0.11155671753093888,0.9349679946899414,0.024335503578186,TP
aPUDE1U/2017,1,0.37916711890427657,0.9227635264396667,0.122635006904602,TP
aPUDE1U/2018,1,0.16140854055162884,0.7441297769546509,0.0284986495971679,TP
aPUDE1U/2019,1,0.8318306142921036,0.9246962666511536,0.3499206304550171,TP
aPUDE1U/2021,0,0.0006306872608887644,0.9291651248931884,0.0117346048355101,TP
aPUDE1U/2022,1,0.11752382150090476,0.9629312753677368,0.7763690948486328,TP
aPUDE1U/2023,1,0.03987054640768349,0.780383825302124,0.5951440781354904,TP
aPUDE1U/2027,0,0.252752106630611,0.9647389650344848,0.0004577636718747,FP
aPUDE1U/2029,1,0.2718267107533725,0.6327822804450989,0.6327822804450989,TP
aPUDE1U/2031,0,0.2675429653800504,0.6674189567565918,0.1783880889415741,FP
aPUDE1U/2032,1,0.32592635058299524,0.5871185660362244,0.0058433413505554,TP
aPUDE1U/2035,1,0.11322304602879749,0.9159097671508788,0.9159097671508788,TP
aPUDE1U/2036,1,0.38336286514310275,0.7372568249702454,0.0364013314247131,TP
aPUDE1U/2037,1,0.27601820101739905,0.9021056890487672,0.9021056890487672,TP
aPUDE1U/2038,1,0.11737032624081646,0.8188229203224182,0.8188229203224182,TP
aPUDE1U/2039,0,0.7288083085101446,0.925685167312622,0.0,TP
aPUDE1U/2040,0,0.0006991641830257505,0.9806397557258606,0.0016815066337585,TP
aPUDE1U/2041,0,0.0007795405141926015,0.8108989000320435,0.5257404446601868,FP
aPUDE1U/2042,1,0.9991044046508591,0.883705735206604,0.0838819742202758,TP
aPUDE1U/2043,1,0.20857505858818465,0.8549113869667053,0.1114991903305053,TP
aPUDE1U/2044,1,0.705372316279001,0.8818756341934204,0.2578033208847046,TP
aPUDE1U/2045,1,0.38770474915117575,0.7124941349029541,0.2818940579891205,TP
aPUDE1U/2046,1,0.027800378438330355,0.8748982548713684,0.5722891092300415,TP
aPUDE1U/2049,1,0.8144858190889886,0.9990346431732178,0.9990346431732178,TP
aPUDE1U/2051,1,0.01906588495839659,0.9712360501289368,0.7571092247962952,TP
aPUDE1U/2052,0,0.726842180999267,0.716741144657135,0.0359196066856384,FP
aPUDE1U/2054,1,0.020778573343142263,0.9994186758995056,0.0414479970932007,TP
aPUDE1U/2056,0,0.9001894018817194,0.9880510568618774,0.9880510568618774,FP
aPUDE1U/2060,1,0.9302756399863107,0.8874108195304871,0.8874108195304871,TP
aPUDE1U/2061,1,0.2401557531058716,0.8506799936294556,0.0660980939865112,TP
aPUDE1U/2062,1,0.005312802647517544,0.9589052200317384,0.4395910501480103,TP
aPUDE1U/2063,1,0.06227238965110201,0.8104985356330872,0.0461086630821228,TP
aPUDE1U/2065,1,0.22706158298411122,0.9086037278175354,0.0664008259773254,TP
aPUDE1U/2066,0,0.027050582320892285,0.6439565420150757,0.5216724500060081,FP
aPUDE1U/2067,1,0.4929222929089232,0.5603230595588684,0.4837559685111046,TP
aPUDE1U/2068,0,0.010074926814846624,0.6668087244033813,0.1043829321861267,FP
aPUDE1U/2069,1,0.1126360497663341,0.728071928024292,0.0609434843063354,TP
aPUDE1U/2070,1,0.0005950515054200536,0.999991774559021,0.0002428889274598,TP
aPUDE1U/2071,1,0.08049620260658309,0.9779248833656312,0.1047143340110779,TP
aPUDE1U/2072,1,0.007847849003428555,0.8727383017539978,0.2332651019096374,TP
aPUDE1U/2073,0,0.008791048372021567,0.7233924865722656,0.2948785126209259,FP
aPUDE1U/2074,0,0.42497954646163755,0.832543134689331,0.0002309679985046,TP
aPUDE1U/2075,0,0.6953507231741857,0.7674673199653625,0.0,TP
aPUDE1U/2076,1,0.25742796710454097,0.8542070388793945,0.5064029097557068,TP
aPUDE1U/2077,1,0.23031537093258939,0.9036712050437928,0.3405923247337342,TP
aPUDE1U/2078,1,0.002936918959800101,0.8867183327674866,0.253623902797699,TP
aPUDE1U/2079,1,0.44832706719535176,0.9043227434158324,0.2785955667495726,TP
aPUDE1U/2081,0,0.004888535078439806,0.6927728056907654,0.028284728527069,TP
aPUDE1U/2082,0,0.7499154489552662,0.7301145792007446,0.0404160618782043,TP
aPUDE1U/2084,1,0.5691544627389938,0.6394034624099731,0.0702261328697204,TP
aPUDE1U/2085,1,0.10959305400784862,0.7291201949119568,0.2366692125797271,TP
aPUDE1U/2086,1,0.08148217453847208,0.9052664637565612,0.1488544344902037,TP
aPUDE1U/2088,1,0.8667541640718588,0.7091723680496216,0.7091723680496216,TP
aPUDE1U/2089,0,0.006780890661751872,0.5330488681793213,0.0,FP
aPUDE1U/2092,1,0.1061068187689843,0.7539454698562622,0.3885391056537628,TP
aPUDE1U/2093,1,0.84954768814188,0.8592733144760132,0.8592733144760132,TP
aPUDE1U/2096,1,0.2833915491001049,0.949983298778534,0.0395095944404604,TP
aPUDE1U/2097,1,0.8205427569616588,0.8536041975021362,0.6545008569955826,TP
aPUDE1U/2098,0,0.0001283308361817217,0.7677999138832092,4.965066909790039e-05,TP
aPUDE1U/21,0,0.0002649343977005943,0.0289517547935247,0.0,TP
aPUDE1U/2100,1,0.8804218158354558,0.9133158326148988,0.7038296908140184,TP
aPUDE1U/2101,0,0.8430250695901577,0.8647446036338806,0.3915646374225617,FP
aPUDE1U/2102,1,0.1590153600818294,0.9430135488510132,0.1493858695030212,TP
aPUDE1U/2103,1,0.00038522835969018225,0.784064531326294,0.3433922529220581,TP
aPUDE1U/2104,1,0.0043828661488368925,0.5716931819915771,0.0069266557693481,TP
aPUDE1U/2105,1,0.7190866296775048,0.942453145980835,0.4930257797241211,TP
aPUDE1U/2106,1,0.31448794813074843,0.7274265289306641,0.2017596960067749,TP
aPUDE1U/2107,1,0.7212769088144751,0.7595075964927673,0.7595075964927673,TP
aPUDE1U/2109,1,0.36291661657658497,0.7952010631561279,0.2718732357025146,TP
aPUDE1U/2111,0,0.011002477930965067,0.6645967364311218,0.015993058681488,TP
aPUDE1U/2112,0,0.4419099437065283,0.9011660814285278,0.0017230510711669,FP
aPUDE1U/2117,1,0.1282824776370387,0.6913111209869385,0.1469325423240661,TP
aPUDE1U/2120,1,0.3860461423427178,0.9656524062156676,0.0604049563407895,TP
aPUDE1U/2125,1,0.394431982028826,0.8728450536727905,0.7188617289066315,TP
aPUDE1U/2126,0,0.8040773588267631,0.6723334789276123,0.0134357213973999,TP
aPUDE1U/2127,0,0.038331583027913105,0.6568270921707153,0.1256553530693054,FP
aPUDE1U/2130,1,0.06917663602950848,0.8094854354858398,0.0694485306739807,TP
aPUDE1U/2131,1,0.10369686389019311,0.9230417609214784,0.0289103984832764,TP
aPUDE1U/2133,1,0.8654602387426205,0.762323796749115,0.6193123012781144,TP
aPUDE1U/2134,1,0.17919283395533409,0.875292956829071,0.0334495306015014,TP
aPUDE1U/2135,1,0.3475117608060757,0.7201161980628967,0.0717507600784301,TP
aPUDE1U/2137,0,0.00010430538340125524,0.742171049118042,0.0375335216522216,FP
aPUDE1U/2138,0,0.006552225779353598,1.0,0.5869454145431519,FP
aPUDE1U/2139,1,0.4579046808494244,0.9270740151405334,7.009506225585938e-05,TP
aPUDE1U/2140,1,0.883281955493094,0.8751312494277954,0.5204239785671234,TP
aPUDE1U/2141,1,0.10911526227428689,0.9189392328262328,0.1238490343093871,TP
aPUDE1U/2142,1,0.61972341903305,0.7715223431587219,0.1714858412742614,TP
aPUDE1U/2143,1,0.001190014255814379,0.9364153742790222,0.0034071803092956,TP
aPUDE1U/2144,1,0.4671690773597638,0.9339500069618224,0.3163172006607054,TP
aPUDE1U/2148,1,0.08522103570619895,0.5816715359687805,0.1038460731506348,TP
aPUDE1U/2149,1,0.019527870664930946,0.6801137924194336,0.6801137924194336,TP
aPUDE1U/2150,0,0.004340153337245332,0.5707524418830872,0.2292745113372802,FP
aPUDE1U/2151,0,0.0003129761706904772,0.8858962655067444,0.0001464486122131,TP
aPUDE1U/2152,0,0.0019264380877027575,0.4783115088939667,0.0834056735038757,FP
aPUDE1U/2153,0,0.3560073538984851,0.9987961649894714,0.0028257966041566,TP
aPUDE1U/2154,1,0.019199581419644434,0.8571128249168396,0.0140656232833862,TP
aPUDE1U/2155,1,0.9426101925010111,0.8791176080703735,0.8791176080703735,TP
aPUDE1U/2157,0,0.02939229174559551,0.7447497248649597,0.0660252571105957,FP
aPUDE1U/2159,0,0.0245496049386574,0.6474852561950684,0.1490894556045532,FP
aPUDE1U/216,1,0.49319430777624934,0.7070470452308655,0.1046910881996154,TP
aPUDE1U/2160,1,0.0024038026446434654,0.7479137182235718,0.0291511416435241,TP
aPUDE1U/2161,0,0.0280288860391586,0.776555061340332,0.0912699103355407,FP
aPUDE1U/2162,0,0.0395815032888584,0.6964022517204285,0.1968933641910553,FP
aPUDE1U/2172,0,0.7448693647038297,0.7492012977600098,0.0506763458251953,TP
aPUDE1U/2176,1,0.23953939593780177,0.7448654174804688,0.1270898580551147,TP
aPUDE1U/2177,0,0.9022584089266197,0.999470353126526,0.9401350133121016,FP
aPUDE1U/2178,1,0.9841599050294847,0.9360836744308472,0.82194534689188,TP
aPUDE1U/2179,1,0.7693790955981009,0.9418647885322572,0.912377141416073,TP
aPUDE1U/2180,1,0.870495377719756,0.8722572922706604,0.8149166591465474,TP
aPUDE1U/2181,1,0.08540341865013425,0.5990180373191833,0.0,TP
aPUDE1U/2182,1,0.6741946489755161,0.938938558101654,0.3965193033218384,TP
aPUDE1U/2184,0,0.025812798935754225,0.684079647064209,0.0447360277175903,FP
aPUDE1U/2188,1,0.5945167234751965,0.7089138031005859,0.0024499893188476,TP
aPUDE1U/2189,1,0.9482942342445138,0.9017263650894164,0.8773437403142452,TP
aPUDE1U/2190,1,0.9294971301747469,0.8747192621231079,0.8568595238029957,TP
aPUDE1U/2191,1,0.34083906898606364,0.9286190271377563,0.2491246461868286,TP
aPUDE1U/2192,1,0.4564231411106712,0.8784358501434326,0.3677944540977478,TP
aPUDE1U/2193,0,0.009715210705472632,0.6857964992523193,0.0788319706916809,FP
aPUDE1U/2194,0,0.09795980312651012,0.6118385791778564,0.0907198786735534,FP
aPUDE1U/2195,1,0.08378071043456958,0.7064915299415588,0.1757064461708068,TP
aPUDE1U/2196,1,0.3736390708294307,0.9380666613578796,0.255673348903656,TP
aPUDE1U/2197,1,0.9367435272683048,0.7633613348007202,0.678241714835167,TP
aPUDE1U/2198,1,0.6308992828392475,0.924820840358734,0.5805666148662566,TP
aPUDE1U/2201,1,0.7143313630899314,0.7850803732872009,0.4776128232479095,TP
aPUDE1U/2202,1,0.38773542473027856,0.976651966571808,0.622358947992325,TP
aPUDE1U/2204,0,0.00013265518580843463,0.9089482426643372,0.0043651461601257,TP
aPUDE1U/2205,1,0.0029828871842934985,0.9999977946281432,0.0409163832664487,TP
aPUDE1U/2206,0,0.2334487998656138,0.7605093717575073,0.4696725606918335,FP
aPUDE1U/2207,1,0.04659830967017182,0.7858299016952515,0.4249111413955688,TP
aPUDE1U/2208,1,0.03253010064392721,0.7453818321228027,0.4249092042446136,TP
aPUDE1U/2209,1,0.5113172967869167,0.7932537198066711,0.5565843433141708,TP
aPUDE1U/2210,1,0.50126683764137,0.954233944416046,0.3772373795509337,TP
aPUDE1U/2211,1,0.0001840240738784224,1.0,1.8477439880371092e-06,TP
aPUDE1U/2212,1,0.1805059420563555,0.8626826405525208,0.3374611139297485,TP
aPUDE1U/2214,1,0.3502264156912666,0.9264885187149048,0.0024269223213195,TP
aPUDE1U/2215,0,0.09417026747995046,0.8523373603820801,0.0008996129035949,FP
aPUDE1U/2216,1,0.20318749882585518,0.6211873292922974,0.1712091267108917,TP
aPUDE1U/2217,0,5.255773931345555e-05,0.7708044648170471,0.0124908089637756,FP
aPUDE1U/2220,1,0.4510330442496354,0.7876806855201721,0.4814486801624298,TP
aPUDE1U/2223,0,0.7237048478142388,0.8908112049102783,0.0,TP
aPUDE1U/2224,1,0.3954632083955721,0.9096944332122804,0.2242289185523988,TP
aPUDE1U/2229,0,0.006641893232623661,0.9605553150177002,0.1287365555763244,TP
aPUDE1U/223,1,0.9757940731007814,0.898110032081604,0.898110032081604,TP
aPUDE1U/2233,1,0.8460495528491437,0.7690781354904175,0.7690781354904175,TP
aPUDE1U/2234,1,0.4679421027467201,0.8797261714935303,0.0114140510559082,TP
aPUDE1U/2235,0,0.023023434645375533,0.8430861234664917,0.1986278891563415,FP
aPUDE1U/2238,0,0.00018851808896329697,0.7892982959747314,0.0305719375610351,FP
aPUDE1U/2239,1,0.8080224651360416,0.8462710380554199,0.6128634512424469,TP
aPUDE1U/2240,1,0.07841147181617349,0.9823706150054932,0.1909552812576294,TP
aPUDE1U/2241,1,0.0002803455221838196,0.9999991655349731,0.0037357807159423,TP
aPUDE1U/2242,0,0.006833450661011539,0.737642228603363,0.0317911505699157,FP
aPUDE1U/2243,0,0.007540694769351235,0.8030106425285339,0.4911744892597198,FP
aPUDE1U/2244,1,0.008954509687531744,0.8317959308624268,0.0,TP
aPUDE1U/2245,1,0.017180629699785996,0.6817739009857178,0.4565871208906173,TP
aPUDE1U/2246,1,0.0028515976051149083,0.9968629479408264,0.0026986598968505,TP
aPUDE1U/2247,1,0.30620908731660235,0.7816184759140015,0.0043869614601135,TP
aPUDE1U/2248,1,0.7798489753228633,0.9418160915374756,0.5509981215000153,TP
aPUDE1U/2249,1,0.2139108174833062,0.9879339933395386,0.0599371194839477,TP
aPUDE1U/2250,1,0.8456935908223759,0.9477688670158386,0.8266622200608255,TP
aPUDE1U/2251,0,0.033984214544127915,0.99105703830719,0.044595777988434,TP
aPUDE1U/2252,1,0.1429949454689129,0.990273416042328,0.3302643299102784,TP
aPUDE1U/2253,1,0.8943697052090328,0.9573710560798644,0.6694896817207336,TP
aPUDE1U/2254,1,0.6508821482316396,0.8256092667579651,0.3372109830379486,TP
aPUDE1U/2257,1,0.9106462788884216,0.8782709240913391,0.8782709240913391,TP
aPUDE1U/2264,1,0.07554131119476203,0.6816831231117249,0.364213228225708,TP
aPUDE1U/2265,1,0.00026554122120434504,0.4646883606910705,0.0339448153972625,TP
aPUDE1U/2267,1,0.8715697885906709,0.9415087699890136,0.9415087699890136,TP
aPUDE1U/2268,0,0.3416014148667461,0.8356339335441589,0.8356339335441589,FP
aPUDE1U/2273,1,0.4736581373152362,0.9742534160614014,0.084732174873352,TP
aPUDE1U/2275,0,0.0001399937456061646,0.9999825358390808,2.2053718568004754e-06,TP
aPUDE1U/2277,1,0.1426095760610743,0.8212757706642151,0.0518453121185302,TP
aPUDE1U/228,1,0.20904594662010004,0.835997998714447,0.0331892371177673,TP
aPUDE1U/2281,1,0.8454464544602773,0.8130393624305725,0.5955585688352585,TP
aPUDE1U/2287,0,0.054315428629827495,0.6858584880828857,0.0373204350471496,TP
aPUDE1U/2294,1,0.0884911487960295,0.850391149520874,0.1324366927146911,TP
aPUDE1U/2295,1,0.8041573845867823,0.7026162147521973,0.4845951050519944,TP
aPUDE1U/2296,1,0.6001622447693322,0.9330600500106812,0.036154568195343,TP
aPUDE1U/2297,1,0.48972891171014155,0.9686075448989868,0.6210088729858398,TP
aPUDE1U/2298,0,0.8517350693580997,0.9049089550971984,0.127782642841339,TP
aPUDE1U/2300,1,0.05451042033525982,0.5037073493003845,0.079835832118988,TP
aPUDE1U/2302,1,0.6211687591740002,0.867012083530426,0.1197422742843627,TP
aPUDE1U/2303,1,0.3756972049010669,0.928441047668457,0.0891867280006408,TP
aPUDE1U/2304,0,0.000139948429972057,0.90692800283432,0.0015076398849487,TP
aPUDE1U/2305,0,0.718993009470574,0.8965001106262207,0.4721882939338684,FP
aPUDE1U/2307,1,0.26508166565796043,0.7588521838188171,0.0584109425544738,TP
aPUDE1U/2308,1,0.5183540807709281,0.8699489831924438,0.3680639266967773,TP
aPUDE1U/2309,1,0.43277887510143204,0.9185322523117064,0.0568045973777769,TP
aPUDE1U/231,1,0.185235335875213,0.8843771815299988,0.0333941578865051,TP
aPUDE1U/2310,1,0.2794782604499349,0.9029137492179872,0.0026746988296509,TP
aPUDE1U/2311,1,0.5648947594799255,0.8477120399475098,0.3776464760303498,TP
aPUDE1U/2312,1,0.9097118900811869,0.971584141254425,0.7113143801689148,TP
aPUDE1U/2313,1,0.42409419161303097,0.9670970439910888,0.3366904854774474,TP
aPUDE1U/2314,1,0.49166680506905885,0.9682568907737732,0.1699192523956298,TP
aPUDE1U/2315,1,0.6706470683383865,0.9098477363586426,0.4022643566131592,TP
aPUDE1U/2316,1,0.8016435642728369,0.9574747681617736,0.5988471508026122,TP
aPUDE1U/2317,1,0.3753429394975539,0.8543355464935303,0.0024653673171997,TP
aPUDE1U/2318,1,0.6618221650717353,0.8841092586517334,0.2673380374908447,TP
aPUDE1U/233,1,0.5126078796597043,0.838937520980835,0.2673991322517395,TP
aPUDE1U/2333,0,0.0013611560074456295,0.8392290472984314,0.1208521723747253,FP
aPUDE1U/2336,1,0.34848550015344637,0.8644475340843201,0.0624589920043945,TP
aPUDE1U/2340,1,0.014458485101939263,0.849209189414978,0.0622268915176391,TP
aPUDE1U/2341,1,0.6474152263668578,0.8250242471694946,0.5288196206092834,TP
aPUDE1U/2342,1,0.9755640247742983,0.8495543003082275,0.8495543003082275,TP
aPUDE1U/2345,1,0.32247947951832584,0.5885674357414246,0.0007731318473815,TP
aPUDE1U/2347,1,0.0037158703654400216,1.0,0.0,TP
aPUDE1U/2348,1,0.08629934669978855,0.9942581057548524,0.2416438460350037,TP
aPUDE1U/2349,1,0.3323419170957225,0.907550811767578,0.2871574759483336,TP
aPUDE1U/235,1,0.6970522396615852,0.9753707647323608,0.2044864892959594,TP
aPUDE1U/2354,0,0.9005390180614093,0.7122440338134766,0.3152992129325866,TP
aPUDE1U/2366,1,0.46458131850714557,0.6870239973068237,0.0706720352172851,TP
aPUDE1U/2378,1,0.25387946524306076,0.9079673886299132,0.0001068115234373,TP
aPUDE1U/2381,0,0.26309547361670954,0.7787100672721863,0.4728807508945465,FP
aPUDE1U/2382,1,0.1464613987275598,0.9664677977561952,0.1588765978813172,TP
aPUDE1U/2385,1,0.7734267325225287,0.8508607149124146,0.7748447284102441,TP
aPUDE1U/2386,1,0.01895113624572333,0.9570823311805724,0.0556057095527647,TP
aPUDE1U/2388,1,0.4251139749363453,0.6504573822021484,0.4024477005004883,TP
aPUDE1U/2389,1,0.2067735625755536,0.7713027596473694,0.0039583444595336,TP
aPUDE1U/2390,1,0.01651580113101013,0.824268102645874,0.1087087988853454,TP
aPUDE1U/2397,0,0.9694757201610692,0.83560711145401,0.6794032007455826,FP
aPUDE1U/2399,0,0.0003222056025538346,0.5666691064834595,0.1136889457702636,FP
aPUDE1U/240,1,0.7670791458689918,0.8322595357894897,0.567510187625885,TP
aPUDE1U/2401,1,0.0009866539703675629,0.6684169769287109,0.0006327033042907,TP
aPUDE1U/2402,1,0.1473962263997364,0.8306846022605896,0.5057304501533508,TP
aPUDE1U/2403,1,0.1955792551576856,0.8129044771194458,0.0041454434394836,TP
aPUDE1U/2404,0,0.38184467042623743,0.6333933472633362,0.0,TP
aPUDE1U/2407,1,0.2465752534459382,0.663170576095581,0.0515597462654113,TP
aPUDE1U/2408,1,0.22325251761135842,0.789071261882782,0.0158532261848449,TP
aPUDE1U/2409,1,0.632834215958391,0.8652191162109375,0.5045470893383026,TP
aPUDE1U/2411,0,0.6245025986663522,0.8487210869789124,0.8487210869789124,FP
aPUDE1U/243,1,0.14931724766138815,0.6664696335792542,0.3118458986282348,TP
aPUDE1U/244,1,0.5532210545747598,0.672823965549469,0.0227234959602355,TP
aPUDE1U/2460,0,0.14222775175816896,0.7085739374160767,0.1563136577606201,FP
aPUDE1U/249,1,0.3360819861832541,0.8191525936126709,0.1912415623664856,TP
aPUDE1U/2492,1,0.016572889085823914,0.5062669515609741,0.5062669515609741,TP
aPUDE1U/2493,1,0.9009182128031025,0.8828738927841187,0.8027441874146461,TP
aPUDE1U/2494,1,0.5505216055029983,0.9128207564353944,0.4841284453868867,TP
aPUDE1U/2495,1,0.0885030475565806,0.9863875508308412,0.4492721557617188,TP
aPUDE1U/2498,1,0.31628529904696384,0.8601839542388916,0.0710085034370422,TP
aPUDE1U/2500,1,0.6149264746005201,0.8503302335739136,0.0507665872573852,TP
aPUDE1U/2501,1,0.809840963863128,0.9554643034934998,0.4427772164344787,TP
aPUDE1U/2502,1,5.575855938859897e-07,1.0,0.0,TP
aPUDE1U/2504,0,1.925425072337499e-05,0.6555755734443665,0.0953011512756347,FP
aPUDE1U/2505,0,0.00038006690003621974,0.7613564729690552,0.0074001550674438,TP
aPUDE1U/2506,1,0.44801317945009295,0.6482093930244446,0.0742788314819336,TP
aPUDE1U/2508,1,0.6467102285517959,0.5418308973312378,0.1025668680667877,TP
aPUDE1U/2509,1,0.19598946316859367,0.8293492794036865,0.4558804035186768,TP
aPUDE1U/251,0,0.008298293243082521,0.729327917098999,0.226747989654541,TP
aPUDE1U/2510,0,0.033396591761395304,0.8192952871322632,0.1461537480354309,FP
aPUDE1U/2512,0,0.22750286680465837,0.6723124980926514,0.0788794755935669,FP
aPUDE1U/2513,0,0.026451822326001535,0.706890344619751,0.0765079259872436,FP
aPUDE1U/2514,0,0.059417991898808885,0.9137129783630372,0.0500962734222413,FP
aPUDE1U/2516,1,0.3223065499810965,0.6113003492355347,0.0556141138076782,TP
aPUDE1U/2517,1,0.011481781545287008,0.669902503490448,0.0546878576278686,TP
aPUDE1U/2529,1,0.026075514580563747,0.6363688111305237,0.2229423224925995,TP
aPUDE1U/2533,0,0.011463633085617462,0.7368595600128174,0.1739949584007263,FP
aPUDE1U/2535,1,0.8650118622449581,0.9096689224243164,0.0055130720138549,TP
aPUDE1U/254,1,0.13182157141318254,0.9999793171882628,0.3395348787307738,TP
aPUDE1U/2540,0,0.00011478927690077033,1.0,0.1661624908447265,FP
aPUDE1U/2542,1,0.12287505066959226,0.9736132025718688,0.0246939063072203,TP
aPUDE1U/2545,1,0.24882853416651546,0.8756089210510254,0.0074490904808044,TP
aPUDE1U/2546,0,0.005250567339083908,0.6504700779914856,0.0,FP
aPUDE1U/2547,1,0.4712952190919986,0.6745238900184631,0.4096107184886932,TP
aPUDE1U/2548,0,0.30367790599794825,0.9373638033866882,0.75424762070179,FP
aPUDE1U/2549,0,0.007299294968276987,0.9546295404434204,0.906710933893919,FP
aPUDE1U/2550,0,0.00395543808806495,0.8084221482276917,0.8084221482276917,FP
aPUDE1U/2551,0,0.09121762041569309,0.7098470330238342,0.7098470330238342,FP
aPUDE1U/2552,1,0.6051327148390897,0.9393020272254944,0.7574045658111572,TP
aPUDE1U/2553,1,0.6439220518298138,0.6211408376693726,0.496745727956295,TP
aPUDE1U/2554,1,0.14757306423372066,0.8708407878875732,0.0770258903503418,TP
aPUDE1U/2555,0,0.6395524632093254,0.9109119176864624,0.9109119176864624,FP
aPUDE1U/2559,1,0.17212565779231312,0.6634779572486877,0.1994963884353637,TP
aPUDE1U/256,1,0.6436150731789524,0.8271853923797607,0.4173005223274231,TP
aPUDE1U/2561,1,0.006017129590779105,0.8347112536430359,0.0066400170326232,TP
aPUDE1U/2562,0,0.796418780524141,0.807280421257019,0.807280421257019,FP
aPUDE1U/2563,1,0.43301739389670396,0.803429901599884,0.5563498735427856,TP
aPUDE1U/2564,1,0.002530156383601545,0.999004065990448,0.0856491327285767,TP
aPUDE1U/2565,1,0.4410447168450905,0.7465076446533203,0.5513646900653839,TP
aPUDE1U/2567,1,0.6764039812568063,0.9267513751983644,0.4060451984405518,TP
aPUDE1U/2573,1,0.7227043095200918,0.8593279123306274,0.3565407395362854,TP
aPUDE1U/2574,1,0.3825416243217219,0.6268948316574097,0.0341590046882629,TP
aPUDE1U/2578,0,0.0021517342887766686,0.8403526544570923,0.0021076202392578,TP
aPUDE1U/258,1,0.15140129601006252,0.7621405720710754,0.4673839807510376,TP
aPUDE1U/2585,1,0.00501215461168686,0.838816225528717,0.0,TP
aPUDE1U/2586,0,0.42735000156997516,0.8163756132125854,0.036791980266571,TP
aPUDE1U/2587,1,0.06102471679649115,0.973024606704712,0.7018519043922425,TP
aPUDE1U/2589,0,0.9789657230880313,0.8124027848243713,0.6915978640317917,FP
aPUDE1U/259,1,0.3994913542621605,0.7893252968788147,0.0977541208267211,TP
aPUDE1U/2590,1,0.5693527546608663,0.8817418217658997,0.2058676481246948,TP
aPUDE1U/2591,1,0.9542560956840198,0.6973642110824585,0.3134348392486573,TP
aPUDE1U/2593,1,0.2899133559914895,0.5152212381362915,0.1327190101146698,TP
aPUDE1U/2596,1,0.07028851396845039,0.9006430506706238,0.038429856300354,TP
aPUDE1U/2597,1,0.5898251119116021,0.7996253371238708,0.4076115489006042,TP
aPUDE1U/2598,0,0.943381308573436,0.520058810710907,0.2561169266700744,FP
aPUDE1U/2599,0,0.8748955458114138,0.7689651250839233,0.0453723669052124,TP
aPUDE1U/2602,1,0.12119605614175014,0.9259937405586244,0.0008687973022462,TP
aPUDE1U/2603,1,0.0010798888007719012,0.8297982215881348,0.0088076591491699,TP
aPUDE1U/2604,0,0.000880497390447166,0.6628969311714172,0.0433811545372009,FP
aPUDE1U/2605,1,0.22278921610769412,0.9993598461151124,0.0412235260009767,TP
aPUDE1U/2606,1,0.25170680749302093,0.8810121417045593,5.125999450683594e-06,TP
aPUDE1U/2607,1,0.8496365820890663,0.7930344343185425,0.4195748567581177,TP
aPUDE1U/2608,1,0.3673191469301094,0.6846771240234375,0.4757063239812851,TP
aPUDE1U/2609,1,0.45723652955481436,0.9307848811149596,0.0929867029190062,TP
aPUDE1U/2611,1,0.018330091444763906,0.7128863334655762,0.0137190222740173,TP
aPUDE1U/2612,1,0.8130079557892885,0.7076097726821899,0.5548876374959947,TP
aPUDE1U/2614,0,0.6875329702304824,0.6918023824691772,0.1760932207107544,TP
aPUDE1U/2615,1,0.22836895567718457,0.7567070126533508,0.5603943169116974,TP
aPUDE1U/2620,0,0.16868384718223708,0.5369990468025208,0.0,TP
aPUDE1U/2621,1,0.055840146345254235,0.8101039528846741,0.276874303817749,TP
aPUDE1U/2622,1,0.739137763841818,0.9260387420654296,0.8529971912503241,TP
aPUDE1U/2623,1,0.8932347351385221,0.927757740020752,0.5128123462200165,TP
aPUDE1U/2624,1,0.2910069438823204,0.9213235974311828,0.2087073326110838,TP
aPUDE1U/2625,1,0.3717214768773804,0.9518544673919678,0.0029865503311157,TP
aPUDE1U/2626,1,0.9245580526903638,0.8659537434577942,0.8659537434577942,TP
aPUDE1U/2629,1,0.27028499359220093,0.559027373790741,0.0154688358306884,TP
aPUDE1U/2630,1,0.5385344776529899,0.9833226799964904,0.1165578961372374,TP
aPUDE1U/2631,1,0.5036880818464202,0.9998471140861512,0.6143656075000765,TP
aPUDE1U/2632,1,0.08546776280395896,0.9997571110725404,0.0038067698478699,TP
aPUDE1U/2633,1,0.9815828023579931,0.9523951411247252,0.9523951411247252,TP
aPUDE1U/2634,1,0.9844249955413802,0.9446136355400084,0.898264404386282,TP
aPUDE1U/2635,1,0.5098578590256312,0.8688286542892456,0.0749344825744628,TP
aPUDE1U/2636,1,0.9927347344068215,0.9481956362724304,0.89493378251791,TP
aPUDE1U/2637,1,0.9911249678781714,0.9515231251716614,0.9515231251716614,TP
aPUDE1U/2638,1,0.5936422065267833,0.8984429240226746,0.3225315809249878,TP
aPUDE1U/2639,1,0.6652166393015715,0.972231388092041,0.0647065639495849,TP
aPUDE1U/264,0,0.00024125560642903208,0.7445334196090698,0.0284573435783386,FP
aPUDE1U/2640,1,0.6260934092849619,0.9540299773216248,0.0027849674224853,TP
aPUDE1U/2641,0,0.016882772282755962,0.5749325752258301,0.4316753596067428,FP
aPUDE1U/2642,1,0.6147899350721044,0.818044900894165,0.4540254175662994,TP
aPUDE1U/2643,1,0.012948358797251168,0.8259093761444092,0.0014682412147521,TP
aPUDE1U/2644,0,0.04394329421219166,0.6848127841949463,0.0973613262176513,FP
aPUDE1U/2647,1,0.37601476435207026,0.7879734039306641,0.0117340087890625,TP
aPUDE1U/2648,1,0.39096401725367863,0.7976911664009094,4.8220157623291016e-05,TP
aPUDE1U/265,1,0.29511546096427904,0.8386126160621643,0.0914013981819152,TP
aPUDE1U/2651,1,0.34636609376715927,0.8199265599250793,0.0093240737915039,TP
aPUDE1U/2654,1,0.0006809944916437624,0.843573808670044,0.0329669713973999,TP
aPUDE1U/266,1,0.02902361575604233,0.930172860622406,0.8806581571698189,TP
aPUDE1U/2662,1,0.3042410115125081,0.896896481513977,0.2611594796180725,TP
aPUDE1U/2663,1,0.2526224633029254,0.924431562423706,0.3830684423446655,TP
aPUDE1U/2665,1,0.4287556715050148,0.8942673802375793,0.60936039686203,TP
aPUDE1U/2666,1,0.8459504134168317,0.9225142002105712,0.5942645370960236,TP
aPUDE1U/2667,1,0.09424030999299737,0.9305645227432252,0.4272640347480775,TP
aPUDE1U/2668,0,0.8550168445582034,0.6960629224777222,0.1175678372383117,FP
aPUDE1U/2669,1,0.729796131492956,0.6910777688026428,0.4702662825584412,TP
aPUDE1U/2670,0,0.000184436908559784,0.9494235515594482,0.002588152885437,TP
aPUDE1U/2675,0,0.0002904807825328847,0.9366508722305298,0.0001230835914611,FP
aPUDE1U/2676,0,0.0003298781772816008,0.8265911936759949,0.0989345908164978,FP
aPUDE1U/2677,1,0.506968611176057,0.9595854878425598,0.5732103586196899,TP
aPUDE1U/2678,1,0.2570764362074435,0.7237602472305298,0.5781345814466476,TP
aPUDE1U/2679,1,0.4109208786598722,0.675458550453186,0.1222653985023498,TP
aPUDE1U/2681,1,0.5865238064020092,0.8679563999176025,0.0017670392990112,TP
aPUDE1U/2683,1,0.060285753998295374,0.7566299438476562,0.3729099631309509,TP
aPUDE1U/2684,1,0.0104427240778268,0.9999945163726808,0.1322200298309327,TP
aPUDE1U/2685,1,0.22098317624800778,0.9359974265098572,0.5686078667640686,TP
aPUDE1U/2686,1,0.35097176222190746,0.960108995437622,0.1934802532196043,TP
aPUDE1U/2687,1,0.031127277513941485,0.6830105185508728,0.0420390367507934,TP
aPUDE1U/2688,1,0.037768155592007094,0.9175248742103576,0.8916170056909323,TP
aPUDE1U/2689,1,0.012631825836466425,0.8628005385398865,0.8107765838503838,TP
aPUDE1U/2690,0,0.24999100947766834,0.7673410773277283,0.7394093517214061,FP
aPUDE1U/2691,0,0.6035246760721754,0.9038637280464172,0.9038637280464172,FP
aPUDE1U/2692,1,0.6174323565210498,0.7919809818267822,0.7919809818267822,TP
aPUDE1U/2693,1,0.02450162718718515,0.8982251286506653,0.8496828116476536,TP
aPUDE1U/2694,0,0.0002489554117306169,0.3225580751895904,0.0446949899196624,FP
aPUDE1U/2695,1,0.018218127927931167,0.8067549467086792,0.3127540349960327,TP
aPUDE1U/2696,1,0.7618005086713454,0.9122215509414672,0.9122215509414672,TP
aPUDE1U/2698,0,0.022749088186435833,0.9620795249938964,0.211049973964691,FP
aPUDE1U/2699,0,0.020636059807116254,0.9698085784912108,0.2299691438674925,FP
aPUDE1U/27,1,0.33816076991479227,0.7581385970115662,0.2448500394821167,TP
aPUDE1U/2700,1,0.27380806461366,0.9118139743804932,0.5790412127971649,TP
aPUDE1U/2701,1,0.19325289809809842,0.7540929913520813,0.5593018084764481,TP
aPUDE1U/2702,1,0.23370019678875506,0.9547836780548096,0.1591671109199524,TP
aPUDE1U/2703,1,0.318750231537548,1.0,1.0,TP
aPUDE1U/2704,1,0.4364437957595198,1.0,1.0,TP
aPUDE1U/2705,1,0.06245727790186577,0.8875938057899475,0.3170620799064636,TP
aPUDE1U/2706,1,0.44590845688639824,0.7371566891670227,0.5668950080871582,TP
aPUDE1U/2708,1,0.0872039523973757,0.9559774398803712,0.0079617500305175,TP
aPUDE1U/2710,0,0.007980419433382976,0.927365779876709,0.0005106925964355,TP
aPUDE1U/2711,0,0.004589880432942806,0.9147962927818298,0.000542163848877,TP
aPUDE1U/2713,1,0.1255716967963738,0.8505880832672119,0.8505880832672119,TP
aPUDE1U/2714,1,0.9459453173036625,0.8817038536071777,7.230043411254883e-05,TP
aPUDE1U/2716,0,0.8875541071891765,0.8243547677993774,0.1269195675849914,TP
aPUDE1U/2718,1,0.13572463946408106,0.8697984218597412,0.0105937123298645,TP
aPUDE1U/2719,1,0.19567422624394465,0.9972174167633056,0.9972174167633056,TP
aPUDE1U/272,0,0.01409800361541648,0.7227868437767029,0.0022243857383728,FP
aPUDE1U/2720,0,0.00023406356303584783,0.7758854627609253,0.0003163218498229,FP
aPUDE1U/2721,0,0.8750164537442878,0.8695257306098938,0.00139981508255,TP
aPUDE1U/2722,1,0.02224584501509573,0.8107109665870667,0.4910103380680084,TP
aPUDE1U/2723,1,0.24435498727704247,0.837489664554596,0.4394508302211761,TP
aPUDE1U/2727,1,0.5564175215833792,0.6501798033714294,0.0117247700691223,TP
aPUDE1U/2729,1,0.4316323259341146,0.9870411157608032,0.0765746235847472,TP
aPUDE1U/2730,0,0.9407196646181388,0.8571379780769348,0.5320985615253448,FP
aPUDE1U/2731,1,0.2411685855305196,0.7993718981742859,0.0033151507377624,TP
aPUDE1U/2732,1,0.45618889598584017,0.964929699897766,0.0224410891532895,TP
aPUDE1U/2735,1,0.7386357531923627,0.6861109733581543,0.6267258897423745,TP
aPUDE1U/2739,1,0.7031927934336287,0.8328403234481812,0.4345549941062927,TP
aPUDE1U/2740,1,0.0008682384710217743,0.646513819694519,0.1965729296207428,TP
aPUDE1U/2741,1,0.7376299910449017,0.8661430478096008,0.4064575433731079,TP
aPUDE1U/2743,1,0.5763651759004628,0.740825355052948,0.0009430646896362,TP
aPUDE1U/2745,1,0.04636773642590588,0.7526102066040039,0.0369116067886352,TP
aPUDE1U/2746,0,0.052107506568172965,0.6964470744132996,0.0427367687225341,TP
aPUDE1U/2747,0,0.4538387884096064,0.662725031375885,0.0791072845458984,FP
aPUDE1U/2748,1,0.29184037545511066,0.9201626181602478,0.7808848470449448,TP
aPUDE1U/2749,1,0.34942796912207985,0.946916401386261,0.0133669972419737,TP
aPUDE1U/275,1,0.9152632978660886,0.8460596203804016,0.8460596203804016,TP
aPUDE1U/2750,0,0.979576980629807,0.8983932733535767,0.746278390288353,FP
aPUDE1U/2751,1,0.5079993744889174,0.7583858966827393,0.5451294034719467,TP
aPUDE1U/2752,0,0.00018419096310630698,0.6965091228485107,0.0145477652549743,FP
aPUDE1U/2753,1,0.011280358899095722,0.7645857334136963,0.401778131723404,TP
aPUDE1U/2754,1,0.5236354001252248,0.7350881099700928,0.2602824568748474,TP
aPUDE1U/2758,1,0.8326866720784011,0.9060829281806946,0.739761009812355,TP
aPUDE1U/2761,0,0.9104097478862128,0.939544141292572,0.5079635977745056,FP
aPUDE1U/2763,0,0.809483986604757,0.8631128668785095,0.8631128668785095,FP
aPUDE1U/2765,0,0.981797278048016,0.877855658531189,0.7069405913352966,FP
aPUDE1U/2766,0,0.9858412804730018,0.7759203910827637,0.7759203910827637,FP
aPUDE1U/2767,1,0.06626141718149045,0.8121628761291504,0.091190755367279,TP
aPUDE1U/2768,0,0.025606448578596317,0.943934977054596,0.0277358889579771,FP
aPUDE1U/2769,1,0.3597790935253577,0.8475626111030579,0.0062519907951354,TP
aPUDE1U/2770,1,0.8878292470340704,0.8699507713317871,0.7339244037866592,TP
aPUDE1U/2771,0,0.3202373974732559,0.6229044795036316,0.3491631448268891,TP
aPUDE1U/2772,1,0.22546069161257565,0.5749073028564453,0.1497358083724976,TP
aPUDE1U/2774,0,0.017987787475393254,0.9978423714637756,0.0014790892601012,TP
aPUDE1U/2776,1,0.7063809976773284,0.8834278583526611,0.6841313391923904,TP
aPUDE1U/2778,0,0.007170488016601498,0.6014670133590698,0.0150369405746459,TP
aPUDE1U/278,0,0.045348450330935125,0.8505517840385437,0.0782601833343505,TP
aPUDE1U/2788,1,0.05234675409637193,0.7181641459465027,0.1053959727287292,TP
aPUDE1U/2789,1,0.44890744510736263,0.5246762633323669,0.3516282737255096,TP
aPUDE1U/279,1,0.4026164816518035,0.8709717392921448,0.5456227660179138,TP
aPUDE1U/2794,1,0.0013298865352434355,0.7584181427955627,0.0319820046424865,TP
aPUDE1U/2795,1,0.25244948093184905,0.6819925904273987,0.4382619410753251,TP
aPUDE1U/2796,1,0.2049246252504903,0.7684228420257568,0.3685160279273987,TP
aPUDE1U/2797,0,0.7823040036511165,0.6925012469291687,0.3223541975021363,TP
aPUDE1U/2798,1,0.07282029212516362,0.9635417461395264,0.0461417436599731,TP
aPUDE1U/2799,1,0.06710195061135577,0.8159282207489014,0.480190396308899,TP
aPUDE1U/280,0,0.28531271733096525,0.8319002389907837,0.0,TP
aPUDE1U/2800,1,0.4288294278105431,0.672706127166748,0.672706127166748,TP
aPUDE1U/2801,1,0.9060570537970872,0.9738261103630066,0.7891619652509689,TP
aPUDE1U/2802,1,0.014713721091752516,0.5249343514442444,0.1385802924633026,TP
aPUDE1U/2803,0,0.20938202079100018,0.6717276573181152,0.3517560362815857,FP
aPUDE1U/2805,1,0.6406249933931435,0.7048378586769104,0.573436513543129,TP
aPUDE1U/2807,1,0.13960851726995643,0.9304120540618896,0.0017201304435728,TP
aPUDE1U/2808,0,0.06937054061817981,0.9679684042930604,0.0149880647659303,TP
aPUDE1U/2809,1,0.1836819037285078,0.554233968257904,0.0,TP
aPUDE1U/281,1,0.13407138564742185,0.7089405059814453,0.1392072439193725,TP
aPUDE1U/2810,0,0.07080292934206069,0.8985700607299805,0.5631545186042786,FP
aPUDE1U/2811,1,0.5347817752215334,0.9723297953605652,0.6988072097301483,TP
aPUDE1U/2813,1,0.9828516909808072,0.9522646069526672,0.9522646069526672,TP
aPUDE1U/2814,1,0.37545599387650497,0.8309958577156067,0.2406070232391357,TP
aPUDE1U/2815,1,0.006504074759032469,0.9700804948806764,0.0003041625022888,TP
aPUDE1U/2816,1,0.1748370032649748,0.9142798781394958,0.1999812126159668,TP
aPUDE1U/2817,0,0.8220401898001868,0.7352450489997864,0.0302397012710571,TP
aPUDE1U/2818,1,0.8856653562268165,0.9302943348884584,0.7825754880905152,TP
aPUDE1U/2820,1,0.0757291053391222,0.7764472365379333,0.591162770986557,TP
aPUDE1U/2821,1,0.7204746064750024,0.736148476600647,0.650800682604313,TP
aPUDE1U/2822,1,0.35108515557221864,0.6869240403175354,0.0944849848747253,TP
aPUDE1U/2823,1,0.8174198107146363,0.7159121632575989,0.7159121632575989,TP
aPUDE1U/2824,0,0.036415408845667636,0.6002378463745117,0.0932428240776062,FP
aPUDE1U/2825,1,0.918256746772373,0.9494231343269348,0.5654619038105011,TP
aPUDE1U/2826,1,0.43505463612071377,0.975609540939331,0.3820644021034241,TP
aPUDE1U/2827,1,0.9611590893889465,0.8794525265693665,0.8656416572630405,TP
aPUDE1U/2828,1,0.8321203303942835,0.8411065936088562,0.8411065936088562,TP
aPUDE1U/2829,1,0.05895116635501262,0.6809372901916504,0.222154825925827,TP
aPUDE1U/2830,1,0.0038354888740202756,1.0,0.0622487068176269,TP
aPUDE1U/2831,1,0.9858538076379342,0.9125349521636964,0.8239186555147173,TP
aPUDE1U/2832,1,0.44053004149252517,0.8703514337539673,0.1029572486877441,TP
aPUDE1U/2836,1,0.7611592041239448,0.8613153100013733,0.7765982151031495,TP
aPUDE1U/2837,1,0.8563489277205518,0.7662158012390137,0.7372009586542846,TP
aPUDE1U/2838,1,0.025330797856724076,0.7644346952438354,0.7644346952438354,TP
aPUDE1U/2839,1,0.16066772634021348,0.74852055311203,0.0181902050971984,TP
aPUDE1U/284,0,0.0009887591903278137,0.8241605758666992,0.0005743503570556,TP
aPUDE1U/2840,1,0.11500970520298527,0.8775068521499634,0.8775068521499634,TP
aPUDE1U/2841,1,0.11625861055627705,0.8401229977607727,0.8401229977607727,TP
aPUDE1U/2843,1,0.987382341966274,0.9813840389251708,0.9813840389251708,TP
aPUDE1U/2844,1,0.5117633280653534,0.905198097229004,0.905198097229004,TP
aPUDE1U/2845,1,0.3374623696854696,0.9083504676818848,0.0495315194129943,TP
aPUDE1U/2846,0,0.11893141149913843,0.8115487098693848,0.8115487098693848,FP
aPUDE1U/2847,1,0.005429524853891237,0.9700759053230286,0.7396809905767442,TP
aPUDE1U/2848,1,0.4565449645829584,0.6973506212234497,0.5712570250034333,TP
aPUDE1U/2849,1,0.09095598334523568,0.8749158382415771,0.0190547704696655,TP
aPUDE1U/285,1,0.6634106303903516,0.9665071964263916,0.0446858406066895,TP
aPUDE1U/2850,1,0.588577114870542,0.8967947959899902,0.3155655860900879,TP
aPUDE1U/2851,0,0.9983383028157065,0.7500365376472473,0.5290949791669846,FP
aPUDE1U/2852,1,0.859988457409818,0.9492295384407043,0.7923846393823625,TP
aPUDE1U/2853,0,0.08501619100840131,0.7423531413078308,0.1906216740608215,FP
aPUDE1U/2854,0,0.1473906140069375,0.6507659554481506,0.1981764435768127,FP
aPUDE1U/2855,1,0.0031532195319034545,0.9640508890151978,0.2788788676261902,TP
aPUDE1U/2856,0,0.00026115951739218645,0.6799231171607971,0.0846344828605651,FP
aPUDE1U/2857,1,0.1393426163811123,0.9346892833709716,0.0033125281333923,TP
aPUDE1U/2859,1,0.0900913314271278,0.7631160020828247,0.0030977129936218,TP
aPUDE1U/286,1,0.34270436740514615,0.9839980006217957,0.1155229210853576,TP
aPUDE1U/2860,1,0.30648155343434724,0.658721923828125,0.2954104244709015,TP
aPUDE1U/2861,1,0.3165653704972388,0.8898822069168091,0.3314206600189209,TP
aPUDE1U/2862,1,0.5322084969033274,0.8842435479164124,0.5325219035148621,TP
aPUDE1U/2863,1,0.07770482245802017,0.8978800773620605,0.4720495343208313,TP
aPUDE1U/2864,1,0.42917234618230793,0.8808668255805969,0.3242896795272827,TP
aPUDE1U/2865,1,0.36071165582790343,0.8178349733352661,0.1250724196434021,TP
aPUDE1U/2866,0,2.3339737827262132e-05,0.7073885202407837,0.032158076763153,FP
aPUDE1U/2867,0,0.23168389298989162,0.7207672595977783,0.00641930103302,TP
aPUDE1U/2868,1,0.04591609324110423,0.9993645548820496,0.006866216659546,TP
aPUDE1U/2869,1,0.727707570425059,0.7625225782394409,0.6674694493412973,TP
aPUDE1U/287,1,0.8571514679756278,0.9986514449119568,0.8073786944150925,TP
aPUDE1U/2870,1,0.10949325927541743,0.6087354421615601,0.2794011235237121,TP
aPUDE1U/2871,1,0.14773248445586085,0.5645567774772644,0.0168429613113403,TP
aPUDE1U/2872,1,0.22302066143329474,0.872241199016571,0.3583805561065674,TP
aPUDE1U/2873,0,0.004167559122679797,0.4861758053302765,0.0821077227592468,TP
aPUDE1U/2874,1,0.3649549687189246,0.7504517436027527,0.4529750645160675,TP
aPUDE1U/2875,1,0.9535209097184658,0.9552581906318665,0.9125267677009108,TP
aPUDE1U/2876,1,0.45788652466286534,0.9438816905021667,0.0180285573005675,TP
aPUDE1U/288,1,0.34736959227043634,0.9077604413032532,0.0057188868522644,TP
aPUDE1U/2881,1,0.03190404956110446,0.876366913318634,0.0990095138549804,TP
aPUDE1U/2882,1,0.6862916794888578,0.9286958575248718,0.0505481958389282,TP
aPUDE1U/2883,1,0.1555505580384127,0.6635143160820007,0.5968611165881157,TP
aPUDE1U/2884,1,0.7292171105027782,0.9233771562576294,0.515870988368988,TP
aPUDE1U/2886,0,0.00010904144018451585,0.7654457092285156,0.0484598875045776,FP
aPUDE1U/2887,0,3.2611780204795786e-05,0.9999917149543762,2.8073787689208984e-05,TP
aPUDE1U/2888,1,0.6119043381636345,0.8424219489097595,0.0,TP
aPUDE1U/2889,0,0.34107357876623007,0.7909849882125854,0.0221260786056518,TP
aPUDE1U/2891,1,0.04763446986182078,0.7802382111549377,0.4371396601200104,TP
aPUDE1U/2892,1,0.5576107097346488,0.632698655128479,0.3543629050254822,TP
aPUDE1U/2893,1,0.7444264709098399,0.9043735265731812,0.9043735265731812,TP
aPUDE1U/2894,1,0.010083985181044726,0.8626537919044495,0.0644930601119995,TP
aPUDE1U/2895,0,0.00016074092362435892,0.6745940446853638,0.1366448402404785,FP
aPUDE1U/2896,1,0.19364914510092796,0.9056395888328552,0.0563173294067382,TP
aPUDE1U/2897,1,0.00022473999550488965,0.9981921315193176,0.2328953742980957,TP
aPUDE1U/2899,1,0.03153313117974061,0.7829047441482544,0.027717649936676,TP
aPUDE1U/2902,0,0.9463848355871665,0.8070791363716125,0.5808378010988235,FP
aPUDE1U/2904,0,0.19553061121046653,0.8369607329368591,0.0560677647590637,FP
aPUDE1U/291,1,0.03855510394306096,0.7185923457145691,0.4912154376506806,TP
aPUDE1U/2917,0,0.020764382750485158,0.6692099571228027,0.472940981388092,FP
aPUDE1U/2929,1,0.5547230410092491,0.8745918869972229,0.6819635480642319,TP
aPUDE1U/2940,1,0.719289872505325,0.814983606338501,0.604415237903595,TP
aPUDE1U/2941,1,0.4770080835916166,0.6942107677459717,0.458270251750946,TP
aPUDE1U/2942,0,0.008896181297730186,0.9982925057411194,0.0135845541954041,TP
aPUDE1U/2943,1,0.28013763798885266,0.8904464840888977,0.3510156869888305,TP
aPUDE1U/2944,1,0.3696527303645882,0.7852887511253357,0.1962748765945434,TP
aPUDE1U/2945,1,0.668031739741379,0.7328250408172607,0.6502584367990495,TP
aPUDE1U/2947,1,0.28825974280903777,0.9994186758995056,0.0004171133041381,TP
aPUDE1U/2948,1,0.7133699383642543,0.9637555480003356,0.5961799025535583,TP
aPUDE1U/2952,1,0.2361996687354105,0.7661823630332947,0.1259704232215881,TP
aPUDE1U/2977,1,0.14172869781097389,0.8413661122322083,0.0075563788414001,TP
aPUDE1U/2978,1,0.6579006225103846,0.755096435546875,0.755096435546875,TP
aPUDE1U/2980,0,0.0004462153857236878,0.9982597231864928,0.0003342032432556,TP
aPUDE1U/2981,1,0.2275006734148432,0.5811377763748169,0.080170452594757,TP
aPUDE1U/2982,0,0.0003108210389069034,0.8415615558624268,0.0518436431884765,FP
aPUDE1U/2983,1,0.5206651595768835,0.7495692372322083,0.4063568711280823,TP
aPUDE1U/2984,1,0.15432472730345828,0.7946957945823669,0.2717500925064087,TP
aPUDE1U/2985,1,0.009759224752572074,0.8994717001914978,0.0058124661445617,TP
aPUDE1U/2986,0,0.000434853697160345,0.6656448841094971,0.5260395854711533,FP
aPUDE1U/2987,1,0.4130689324955032,0.9752768278121948,0.0473135113716124,TP
aPUDE1U/2988,0,0.8131300671657359,0.8211226463317871,0.8211226463317871,FP
aPUDE1U/2989,1,0.6832100680813175,0.8179656863212585,0.4790264666080475,TP
aPUDE1U/2990,1,0.2552151718755472,0.9958857893943788,0.0720182657241823,TP
aPUDE1U/2991,1,0.250366635597049,0.8436696529388428,0.1660831570625305,TP
aPUDE1U/2992,1,0.4058452036157763,0.7174352407455444,0.0,TP
aPUDE1U/2995,1,0.9699290235275735,0.8940081596374512,0.810848280787468,TP
aPUDE1U/2996,1,0.19693689277861237,0.8238704204559326,0.2106398344039917,TP
aPUDE1U/2997,0,0.904606593077559,0.6969664096832275,0.5119166821241379,TP
aPUDE1U/2998,1,0.5221028435597552,0.7048825025558472,0.2637423574924469,TP
aPUDE1U/3001,1,0.14777742188030174,0.8608130812644958,0.0447765588760376,TP
aPUDE1U/3002,1,0.8271083566598172,0.9428339600563048,0.7838948667049407,TP
aPUDE1U/3003,1,0.0030772468232619244,0.9379680156707764,0.0064526796340943,TP
aPUDE1U/3004,1,0.05947368219638609,0.742013692855835,0.2079685926437378,TP
aPUDE1U/3005,0,0.2987647951254645,0.7023782134056091,0.0309189558029174,FP
aPUDE1U/3006,1,0.0006917808398797424,0.9409170150756836,0.032406210899353,TP
aPUDE1U/3007,1,0.00902472369293567,0.7384109497070312,0.4590184390544891,TP
aPUDE1U/3009,1,0.5198609171019147,0.9353213906288148,0.8491220772266389,TP
aPUDE1U/301,1,0.25090508008942325,0.8535884022712708,0.6905026882886887,TP
aPUDE1U/3010,1,0.5885626434576285,0.9393581748008728,0.0360025763511657,TP
aPUDE1U/3011,1,0.00036511997092903293,1.0,0.4896360039710998,TP
aPUDE1U/3012,1,0.06330176387300358,0.8514867424964905,8.320808410644531e-05,TP
aPUDE1U/3013,1,0.4400914400000841,1.0,1.0,TP
aPUDE1U/3014,1,0.16657127457606802,0.9286994338035583,0.7823903262615204,TP
aPUDE1U/3017,1,0.44470218506098574,0.9059200882911682,0.0313631296157836,TP
aPUDE1U/3018,0,0.8797762340426762,0.8803362250328064,0.1422893404960632,TP
aPUDE1U/3019,0,0.2885681443761604,0.8301234841346741,0.1051222085952758,TP
aPUDE1U/302,0,0.009776947807346954,0.6498529314994812,0.0034108161926269,FP
aPUDE1U/3020,1,0.40276626641817664,0.921154260635376,0.2120915651321411,TP
aPUDE1U/3021,0,0.00842251704526958,0.8367511034011841,0.0028554201126098,TP
aPUDE1U/3023,1,0.6209316105268398,0.9470487236976624,0.0307387709617615,TP
aPUDE1U/3024,1,0.39769962237356127,0.938162624835968,0.3900794386863708,TP
aPUDE1U/3026,0,0.8451844310228804,0.7322110533714294,0.0878947973251342,FP
aPUDE1U/3027,1,0.9536355770814504,0.8054207563400269,0.8054207563400269,TP
aPUDE1U/3029,0,0.47038843174761474,0.7980464100837708,0.1969276666641235,FP
aPUDE1U/303,0,0.011039141820056327,0.8852296471595764,0.0158115029335021,TP
aPUDE1U/304,1,0.026358809859330725,0.8913609981536865,0.071853756904602,TP
aPUDE1U/3054,1,0.26433518544743806,0.8159082531929016,0.1849933862686157,TP
aPUDE1U/3055,1,0.5947685494324508,0.7231031656265259,0.3447438478469848,TP
aPUDE1U/3056,0,0.002929953603445923,0.5625075697898865,0.027758777141571,FP
aPUDE1U/3057,1,0.28973762965529587,0.9479942917823792,0.4896794557571411,TP
aPUDE1U/3058,0,0.007691575512981122,0.8314222693443298,0.0488699078559875,TP
aPUDE1U/3059,0,0.34762592092170325,0.7736992835998535,0.0028599500656127,FP
aPUDE1U/306,0,0.0431207596236636,0.7839929461479187,0.7601758409291506,FP
aPUDE1U/3060,1,0.6461020319116089,0.7598326802253723,0.5643424242734909,TP
aPUDE1U/3063,1,0.29144284927243413,0.8063332438468933,0.0868794322013855,TP
aPUDE1U/3065,1,0.10519157812790489,0.7782894372940063,0.3579404652118683,TP
aPUDE1U/3066,0,0.8272698009707121,0.7698550820350647,0.2360749840736389,FP
aPUDE1U/3067,0,0.67844881467215,0.7685965895652771,0.7385720741003752,FP
aPUDE1U/3074,1,0.07667514981113373,0.7720251679420471,0.3367887437343597,TP
aPUDE1U/3075,1,0.37331934317065574,0.7192902565002441,0.6558138951659204,TP
aPUDE1U/3076,1,0.4396772294404421,0.9046820402145386,0.0210691690444946,TP
aPUDE1U/3077,1,0.7523094892240964,0.8194710612297058,0.5597313940525055,TP
aPUDE1U/3078,1,0.7942833453987461,0.7177152037620544,0.5495357364416122,TP
aPUDE1U/3079,1,0.9869349475996039,0.9118884205818176,0.9118884205818176,TP
aPUDE1U/308,0,0.894480230508926,0.7191490530967712,0.4784929603338242,FP
aPUDE1U/3080,0,0.24141930484881408,0.8244493007659912,0.0006873607635498,TP
aPUDE1U/3084,1,0.2074313309160494,0.9576618075370787,0.0825026631355284,TP
aPUDE1U/3085,1,0.004867107593200136,0.6378003358840942,0.0749063491821289,TP
aPUDE1U/3086,1,0.043830060843071145,0.9997454881668092,0.0028119683265688,TP
aPUDE1U/309,1,0.39905493981614937,0.9761056303977966,0.0257483720779417,TP
aPUDE1U/3094,1,0.2348705872577006,0.5935028195381165,0.0011923313140869,TP
aPUDE1U/3096,1,0.0020072277657750635,0.999980628490448,0.0031265020370484,TP
aPUDE1U/3097,0,0.0004050816418571039,0.7493276000022888,0.0412129759788513,FP
aPUDE1U/3098,1,0.1651958623773521,0.7345430850982666,0.3191017508506775,TP
aPUDE1U/3099,1,0.2625294704880626,0.5806233882904053,0.0046900510787963,TP
aPUDE1U/31,0,0.48978843063166894,0.7892869114875793,0.0105085968971252,FP
aPUDE1U/310,1,0.09021215337049236,0.7543249726295471,0.1921088099479675,TP
aPUDE1U/3100,1,0.826346592030896,0.7318723797798157,0.7318723797798157,TP
aPUDE1U/3101,1,0.2868361267457972,0.9014090299606324,0.0010215640068055,TP
aPUDE1U/3102,1,0.3593196333471064,0.8520055413246155,0.0117149949073791,TP
aPUDE1U/3103,1,0.506331454366299,0.8213196396827698,0.2031731009483337,TP
aPUDE1U/3104,1,0.8301403169127783,0.9753972291946412,0.6158961951732638,TP
aPUDE1U/3105,1,0.7232652967314419,0.9059467911720276,0.5139413177967072,TP
aPUDE1U/3106,0,0.017835043082930997,1.0,1.0,FP
aPUDE1U/3108,1,0.08439503104820265,0.8097918629646301,0.2268178462982177,TP
aPUDE1U/3119,1,0.04808786609251888,0.7500091195106506,0.1171203851699829,TP
aPUDE1U/313,0,0.9636073235240746,0.843517005443573,0.694247841835022,FP
aPUDE1U/3144,1,0.48520822835019234,0.8299341201782227,0.0092729926109313,TP
aPUDE1U/3147,0,0.7076517744700619,0.999655544757843,0.4403541088104248,FP
aPUDE1U/3152,1,0.3742038739307139,0.9378779530525208,0.1209726929664611,TP
aPUDE1U/3153,1,0.3675177728015073,0.7888180017471313,0.1138311028480529,TP
aPUDE1U/3156,1,0.2289030545864815,0.7175530195236206,0.2020619511604309,TP
aPUDE1U/3157,1,0.37837428056601596,0.8023169040679932,0.2743292450904846,TP
aPUDE1U/3158,1,0.7596799766006191,0.8256922364234924,0.8256922364234924,TP
aPUDE1U/3159,1,0.09705962543582607,0.9627362489700316,0.4982453882694243,TP
aPUDE1U/3160,0,0.017438787874183598,0.9002735614776611,0.0427747964859008,FP
aPUDE1U/3161,1,0.5523916497085102,0.9419915080070496,0.52965247631073,TP
aPUDE1U/3163,1,0.14402488799387794,0.82610023021698,0.0064510107040405,TP
aPUDE1U/3164,0,0.1468488537893941,0.6954602599143982,0.0978266596794128,FP
aPUDE1U/3165,1,0.0344538771740555,0.715167760848999,0.1192541718482971,TP
aPUDE1U/3166,0,0.006542514563769711,0.80704665184021,0.0605413317680358,FP
aPUDE1U/3167,1,0.360240343068528,0.957369029521942,0.1113848090171812,TP
aPUDE1U/3168,1,0.5468056561390457,0.9215692281723022,0.0243884921073913,TP
aPUDE1U/3175,1,0.4902495231042542,0.9264883399009703,0.9264883399009703,TP
aPUDE1U/3177,0,0.043149538887127886,0.6534126400947571,0.5797307565808296,FP
aPUDE1U/3178,1,0.00825557621707769,0.7483896017074585,0.4098506271839142,TP
aPUDE1U/3179,0,0.002030503441173844,0.8834015727043152,0.0001220703125,TP
aPUDE1U/3180,0,0.00506832414701971,0.7141562104225159,0.0399903655052185,FP
aPUDE1U/3181,1,0.44431154658922406,0.83272385597229,0.6496732532978058,TP
aPUDE1U/3182,1,0.09616107151619664,0.6283241510391235,0.0687021613121032,TP
aPUDE1U/3183,1,0.0769541774294906,0.9380298852920532,0.6984086632728577,TP
aPUDE1U/3184,0,5.711706373265037e-05,0.8584829568862915,0.0106206536293029,FP
aPUDE1U/3187,1,0.039830039489642886,0.6826685070991516,0.0392056107521057,TP
aPUDE1U/3189,1,0.08198983345960473,0.6183449029922485,0.3216891586780548,TP
aPUDE1U/3191,1,0.07675989699801464,0.9170578122138976,0.0207353830337523,TP
aPUDE1U/3192,0,0.029396579892193984,0.7579148411750793,0.0034583806991577,TP
aPUDE1U/3193,0,0.776232442347739,0.9139655828475952,0.681130513548851,FP
aPUDE1U/3196,1,0.5168907689250963,0.9911807775497437,0.0068039298057556,TP
aPUDE1U/3198,0,0.6653970881575185,0.6686778664588928,0.0725420713424682,TP
aPUDE1U/3199,1,0.4652088574091262,0.7891067862510681,0.0620537400245666,TP
aPUDE1U/320,0,0.820594033023677,0.9030174016952516,0.0712294578552247,TP
aPUDE1U/3200,1,0.33222371916025645,0.941781520843506,0.0216342210769655,TP
aPUDE1U/3201,1,0.5207363402791568,0.7726746797561646,0.6338691711425781,TP
aPUDE1U/3202,1,0.05669002945724331,0.6764225363731384,0.5400465130805969,TP
aPUDE1U/3203,1,0.2691994303989597,0.8162603378295898,0.1278320550918579,TP
aPUDE1U/3205,1,0.5544216928845224,0.9105921983718872,0.446573942899704,TP
aPUDE1U/3206,0,0.01995954682744245,0.6143500208854675,0.440174788236618,FP
aPUDE1U/3207,1,0.14174650332935015,0.8823388814926147,0.0088351964950561,TP
aPUDE1U/3208,0,0.3638440575208747,0.8478714823722839,0.5283028483390808,FP
aPUDE1U/3209,0,0.957353181964367,0.9993743896484376,0.9993743896484376,FP
aPUDE1U/321,1,0.8947245502736484,0.7693456411361694,0.7693456411361694,TP
aPUDE1U/3211,1,0.8853740076718285,0.8281106948852539,0.6685116887092591,TP
aPUDE1U/3212,1,0.4472453734440364,0.9093773365020752,0.3009191155433655,TP
aPUDE1U/3213,0,0.000221376359649386,0.8792539238929749,0.0522868633270263,FP
aPUDE1U/3214,1,0.1075702189550821,1.0,1.0,TP
aPUDE1U/3215,1,0.009422652069827482,0.6413788795471191,0.3376940488815307,TP
aPUDE1U/3216,1,0.7000659566405388,0.7373172640800476,0.4590112864971161,TP
aPUDE1U/3218,1,0.0039610507503184435,0.9999666213989258,0.0021191239356993,TP
aPUDE1U/322,1,0.4165385954765614,0.9293502569198608,0.0136671662330628,TP
aPUDE1U/3222,0,0.3802937296901063,0.6330435872077942,0.0,TP
aPUDE1U/323,1,0.5526684640885832,0.8221503496170044,0.5315091907978058,TP
aPUDE1U/3230,1,0.9422366773243739,0.8609461784362793,0.7369673773646355,TP
aPUDE1U/3236,1,0.41753244800617023,0.9559053778648376,0.0318511128425598,TP
aPUDE1U/3237,1,0.5231387700452184,0.9450954794883728,0.0157528519630432,TP
aPUDE1U/3238,1,0.8728753804603869,0.9397398829460144,0.7969741523265839,TP
aPUDE1U/3239,0,0.05202182760978669,0.8115373849868774,0.1691311597824096,TP
aPUDE1U/324,1,0.508376964871769,0.6742253303527832,0.4277008473873139,TP
aPUDE1U/3240,0,0.023740493828960138,0.8801029920578003,0.0019912719726562,TP
aPUDE1U/3242,1,0.09092972191971226,0.6129127144813538,0.0,TP
aPUDE1U/3244,0,0.09240812393429405,0.9116852879524232,0.5666393041610719,FP
aPUDE1U/3245,1,0.7200863654115425,0.8510040640830994,0.7047500461339951,TP
aPUDE1U/3247,1,0.1663017202758407,0.753854513168335,0.0076255202293396,TP
aPUDE1U/3248,1,0.22470889837848074,0.7388054132461548,0.0073410272598266,TP
aPUDE1U/3249,0,0.07030528368899902,0.9068244099617004,0.352550745010376,FP
aPUDE1U/325,1,0.03641220823925008,0.7349318861961365,0.4694984257221222,TP
aPUDE1U/3250,0,0.08676850337849012,0.9479830265045166,0.3585238456726074,FP
aPUDE1U/3251,0,0.047492741602329414,0.9542343616485596,0.3582649827003479,FP
aPUDE1U/3252,0,0.04053985828701081,0.9372307658195496,0.3554813861846924,FP
aPUDE1U/3259,1,0.39118132755076024,0.9571444392204284,0.072108745574951,TP
aPUDE1U/326,1,0.21091940704315593,0.9181389808654784,0.069565176963806,TP
aPUDE1U/3260,1,0.4619744453472004,0.734912633895874,0.734912633895874,TP
aPUDE1U/3261,0,0.0002160213551674077,0.8886452913284302,0.0001494288444519,TP
aPUDE1U/3262,1,0.2309839520476447,0.9336802363395692,0.0026776790618897,TP
aPUDE1U/3263,1,0.1952517429464278,0.8330376148223877,0.0163926482200622,TP
aPUDE1U/3264,1,0.06701215927097072,0.9196544289588928,0.0460838675498962,TP
aPUDE1U/3266,1,0.21160668795320667,0.8995399475097656,0.0130397081375122,TP
aPUDE1U/3267,1,0.25106267313941255,0.983256697654724,0.002775728702545,TP
aPUDE1U/3268,1,0.11784953178918285,0.7313466668128967,5.8710575103759766e-05,TP
aPUDE1U/3269,1,0.2577941656350965,0.7782126069068909,0.2702357172966003,TP
aPUDE1U/327,1,0.36808202565649395,0.8863458633422852,0.0265894532203674,TP
aPUDE1U/3272,1,0.9032666362198454,0.9504194855690002,0.9504194855690002,TP
aPUDE1U/3273,0,0.1298618343821248,0.9615544080734252,0.6448196470737457,FP
aPUDE1U/3274,1,0.0655571780975694,0.8967956304550171,0.6741800606250763,TP
aPUDE1U/3275,1,0.007616936723254316,0.7731271982192993,0.0618541240692138,TP
aPUDE1U/3276,0,0.13895873448165338,0.7677239179611206,0.0500768423080444,FP
aPUDE1U/328,1,0.8447880467065046,0.9977667927742004,0.6345627307891846,TP
aPUDE1U/3281,1,0.0031297713547593724,0.6438681483268738,0.029195487499237,TP
aPUDE1U/3285,0,0.010969038099621575,0.4926361441612243,0.2176060080528259,TP
aPUDE1U/3286,0,0.047388322863171566,0.6859872341156006,0.2205992937088012,FP
aPUDE1U/3288,1,0.3876267482736251,0.85951828956604,0.2231913805007934,TP
aPUDE1U/3289,1,0.11665003678990345,0.647614598274231,0.4706182181835174,TP
aPUDE1U/329,1,0.26646797952122403,0.8175097703933716,0.0024335980415344,TP
aPUDE1U/3291,1,0.49463454223631237,0.802952229976654,0.0328516364097595,TP
aPUDE1U/3292,1,0.26367052199352736,0.7002986669540405,0.0595630407333374,TP
aPUDE1U/3293,1,0.196963245745531,0.889015257358551,0.4773864448070526,TP
aPUDE1U/3294,0,0.009038389477389568,0.6159911751747131,0.1069259643554687,FP
aPUDE1U/3295,1,0.06299017175854417,0.6538971662521362,0.047798216342926,TP
aPUDE1U/3298,1,0.661021724739171,0.8748924732208252,0.0670844912528991,TP
aPUDE1U/3299,0,0.44006604265073906,0.6671999096870422,0.2095730900764465,FP
aPUDE1U/330,1,0.25201934197318215,0.8207903504371643,0.0001894831657409,TP
aPUDE1U/3300,0,0.9174105251598341,0.7281408309936523,0.5337376594543457,TP
aPUDE1U/3302,1,0.8601378049532046,0.7400999069213867,0.5176402479410172,TP
aPUDE1U/3303,1,0.22846514795925613,0.851601243019104,0.2903503179550171,TP
aPUDE1U/3304,1,0.9027277326466226,0.8825186491012573,0.6183736324310303,TP
aPUDE1U/3305,0,0.42133321165371695,0.74079430103302,6.318092346191406e-06,TP
aPUDE1U/3306,0,0.11553290623078136,0.7945854067802429,0.0,TP
aPUDE1U/3307,1,0.00430280653659763,1.0,0.7668568938970566,TP
aPUDE1U/3308,1,0.10114939791450442,0.7600966691970825,0.5092222392559052,TP
aPUDE1U/3309,1,0.17349262167546214,0.95135098695755,0.0154613852500916,TP
aPUDE1U/331,1,0.0005999273090331688,0.7148056626319885,0.4130653440952301,TP
aPUDE1U/3310,1,0.700801024028179,0.9119484424591064,0.5012898743152618,TP
aPUDE1U/3311,1,0.003585695196277354,0.9613231420516968,0.2687331438064575,TP
aPUDE1U/3316,1,0.18852991011781,0.9999473094940186,0.9999473094940186,TP
aPUDE1U/3318,1,0.6209439704583298,0.9564675092697144,0.0414559245109559,TP
aPUDE1U/3319,0,0.00017877532087007177,0.7115381956100464,0.0634642839431762,FP
aPUDE1U/3320,0,0.00016556860540362396,0.7778316140174866,0.0170183181762695,FP
aPUDE1U/3322,0,0.15591941601398335,0.5996906161308289,0.0996116995811462,TP
aPUDE1U/3324,0,0.026474467183738262,0.8138971924781799,0.5626362860202789,FP
aPUDE1U/3325,0,0.017675668609115364,0.9464091658592224,0.112109899520874,FP
aPUDE1U/3326,0,0.006493939284854929,0.7792306542396545,0.0251304507255554,TP
aPUDE1U/3327,1,0.16771696650310822,0.8213725686073303,0.4017147421836853,TP
aPUDE1U/3328,1,0.4830644704950616,0.7375069856643677,0.1679204106330871,TP
aPUDE1U/3329,1,0.11897010676423363,0.9103159308433532,0.0028011798858641,TP
aPUDE1U/3330,0,0.0021234681498512945,0.8700145483016968,0.0022975206375122,TP
aPUDE1U/3332,1,0.10810720047533606,0.999929428100586,0.2562694549560548,TP
aPUDE1U/3333,1,0.9315498409615984,0.6642353534698486,0.6571793276816608,TP
aPUDE1U/3335,0,0.8598852501216392,0.7697991132736206,0.6121753603219986,TP
aPUDE1U/3336,0,0.0013609628855313853,0.8231731653213501,0.5743495523929596,FP
aPUDE1U/3337,1,0.0003874511637819973,0.9887068867683412,0.0021753311157227,TP
aPUDE1U/3339,0,0.005194972550459494,0.6619064211845398,0.0547464489936828,FP
aPUDE1U/334,1,0.19426466313742094,0.6511556506156921,0.201133131980896,TP
aPUDE1U/3340,0,0.00843084151314972,0.8848477005958557,0.2258933186531067,FP
aPUDE1U/3341,0,4.457880511417253e-05,0.9374836087226868,9.095668792713509e-05,TP
aPUDE1U/3347,1,0.3375445487647151,0.7966568470001221,0.5260296761989594,TP
aPUDE1U/335,1,0.2651675367940907,0.9077422618865968,0.0166360139846802,TP
aPUDE1U/3351,1,0.9639467885459148,0.9498406648635864,0.8234415650367737,TP
aPUDE1U/3353,1,0.38870682442337506,0.8418227434158325,0.0565651655197143,TP
aPUDE1U/3355,0,0.051709696746512684,0.9368204474449158,0.2658138871192932,FP
aPUDE1U/3356,1,0.04692733593541867,0.6770459413528442,0.2061889171600342,TP
aPUDE1U/3357,1,0.32604625197468545,0.8582891225814819,0.1881839632987976,TP
aPUDE1U/3358,0,0.034907059321234356,0.7161803841590881,0.0,FP
aPUDE1U/3360,0,0.01418983243034344,0.750476062297821,0.2763717472553253,FP
aPUDE1U/3361,1,0.09125869374328688,0.5648891925811768,0.201827734708786,TP
aPUDE1U/3363,1,0.556514287078645,0.8453589081764221,0.4948493242263794,TP
aPUDE1U/3365,1,0.7865458439881688,0.8059736490249634,0.697550192475319,TP
aPUDE1U/3366,1,0.9422199813038369,0.9956976771354676,0.9956976771354676,TP
aPUDE1U/337,1,0.19803005784417024,0.5379117727279663,0.1162002682685852,TP
aPUDE1U/3370,0,0.008096819657477576,0.6702904105186462,0.0865163803100586,FP
aPUDE1U/3371,1,0.10288296164047307,0.7640204429626465,0.0289640426635742,TP
aPUDE1U/3374,1,0.07202017300601936,0.8333495259284973,0.3286382555961609,TP
aPUDE1U/3375,0,0.7542482999335649,0.7675579786300659,0.0604488253593444,FP
aPUDE1U/3376,1,0.9999838001718817,0.8723682165145874,0.8723682165145874,TP
aPUDE1U/338,1,0.3066616681764281,0.8740982413291931,0.2144085764884948,TP
aPUDE1U/3381,1,0.08884406234521593,0.9407869577407836,0.8110540956258773,TP
aPUDE1U/3382,1,0.5558871100468296,0.7672156691551208,0.4714633822441101,TP
aPUDE1U/3383,1,0.731662761545834,0.8135855793952942,0.2361837029457092,TP
aPUDE1U/3384,0,0.00011105855846657089,0.8932383060455322,0.0050135254859924,FP
aPUDE1U/3387,0,8.184857722783989e-05,0.9999750256538392,1.3291835785023132e-05,TP
aPUDE1U/339,1,0.1443665705460452,0.8483009338378906,0.1919984221458435,TP
aPUDE1U/3391,1,0.017797752540444852,0.791090726852417,0.4506093561649323,TP
aPUDE1U/3393,0,0.009634352575968655,0.7587867379188538,0.0092113018035888,FP
aPUDE1U/3395,0,0.19693101875532723,0.8877449035644531,0.0515706539154052,FP
aPUDE1U/3396,1,0.9880220157364187,0.926195502281189,0.6913514137268066,TP
aPUDE1U/3397,1,0.5333891744047855,0.8991748094558716,0.8299431055784225,TP
aPUDE1U/340,1,0.7831148074456622,0.9652206897735596,0.6758557856082916,TP
aPUDE1U/3400,1,0.01447184182317454,0.8214243054389954,0.4533815383911133,TP
aPUDE1U/3401,1,0.11521334920434931,0.8658095598220825,0.1854654550552368,TP
aPUDE1U/3403,0,0.004072278479022139,0.8853371143341064,0.0748568773269653,FP
aPUDE1U/3408,0,0.5071094589497793,0.978475034236908,0.0061142444610595,TP
aPUDE1U/3409,1,0.006359450916724851,0.656875729560852,0.564910262823105,TP
aPUDE1U/341,1,0.48894111689296793,0.9647013545036316,0.2838712930679321,TP
aPUDE1U/3416,1,0.9752259946025965,0.9484067559242249,0.908765185624361,TP
aPUDE1U/3417,1,0.9418896192367243,0.9599247574806212,0.9293036609888076,TP
aPUDE1U/342,1,0.26325274184264785,0.770254909992218,0.0514514446258544,TP
aPUDE1U/3421,0,3.8708893015533506e-05,0.7404849529266357,0.0343329310417175,FP
aPUDE1U/3422,0,0.8869858266998475,0.9352792501449584,0.1163325905799864,TP
aPUDE1U/3427,1,0.5530755960431454,0.8582653999328613,0.1381057500839233,TP
aPUDE1U/3428,1,0.5621865858961879,0.7433173060417175,0.3605263531208038,TP
aPUDE1U/343,1,0.5119711271630405,0.9398173093795776,0.2975702881813049,TP
aPUDE1U/3433,0,0.139930457859942,0.7287916541099548,0.0106756687164306,FP
aPUDE1U/3434,1,0.479287479498749,0.8674972057342529,0.8674972057342529,TP
aPUDE1U/3436,1,0.3580140680826933,0.9166005253791808,0.0584059953689574,TP
aPUDE1U/344,1,0.7271539211388212,0.910481095314026,0.5293383598327638,TP
aPUDE1U/3441,1,0.10800526776577167,0.8779525756835938,0.0299375057220459,TP
aPUDE1U/3444,1,0.33676101912367234,0.6880329847335815,0.4195496439933777,TP
aPUDE1U/3448,1,0.4903763594120676,0.991586685180664,0.203420579433441,TP
aPUDE1U/3449,1,0.07970903869292935,0.9033620953559875,0.0121060013771057,TP
aPUDE1U/345,1,0.07739046150183244,0.8798107504844666,0.5061414539813995,TP
aPUDE1U/3450,0,0.0012198672108460619,0.7977197170257568,0.0255265235900878,TP
aPUDE1U/3451,1,0.051756399874925994,0.6004469394683838,0.1480343043804168,TP
aPUDE1U/3452,1,0.0926481062210733,0.8393381237983704,0.0,TP
aPUDE1U/3455,1,0.8993079329718319,0.9428815841674804,0.7099567651748657,TP
aPUDE1U/3456,1,0.03553393869749296,0.9054020047187804,0.0269311666488646,TP
aPUDE1U/3459,1,0.9331605445682907,0.6599310636520386,0.6599310636520386,TP
aPUDE1U/346,1,0.08702306650552472,0.7902024984359741,0.0817198753356933,TP
aPUDE1U/3460,1,0.016961194679529782,0.5266714096069336,0.1834833025932312,TP
aPUDE1U/3465,1,0.15229241697196816,0.7293617725372314,0.0395648479461669,TP
aPUDE1U/3466,1,0.7294722048662042,0.888559103012085,0.7892051786184312,TP
aPUDE1U/3476,1,0.2711598895043933,0.8690503835678101,0.0017483234405517,TP
aPUDE1U/3477,0,0.8674207034989915,0.8090113997459412,0.0257892608642578,TP
aPUDE1U/348,1,0.7759783772483755,0.91940438747406,0.91940438747406,TP
aPUDE1U/3485,1,0.9590057535238731,0.9997473359107972,0.9997473359107972,TP
aPUDE1U/3491,1,0.43221479715760763,0.7576088309288025,0.0,TP
aPUDE1U/3493,0,0.8880468134348095,0.7489479184150696,0.3186830878257752,FP
aPUDE1U/3497,1,0.28033755161723206,0.5579996705055237,0.2639900743961335,TP
aPUDE1U/3499,1,0.8610786488609853,0.7384464144706726,0.5445009768009186,TP
aPUDE1U/3506,0,0.011154639444389276,0.7325024008750916,0.0676363110542297,FP
aPUDE1U/351,1,0.33936235235748613,0.6506272554397583,0.1376323103904724,TP
aPUDE1U/3510,1,0.3354466782333288,0.8987305760383606,0.490760624408722,TP
aPUDE1U/3514,1,0.015245368336489045,0.7567293643951416,0.3813396990299225,TP
aPUDE1U/352,1,0.10865086353184246,0.8436651825904846,0.6787422299385071,TP
aPUDE1U/3525,1,0.4573587151563016,0.9797183275222778,0.6734486818313599,TP
aPUDE1U/353,1,0.6384189598613281,0.920667052268982,0.5872533023357392,TP
aPUDE1U/3531,1,0.04960088751049844,0.687171459197998,0.0881025791168212,TP
aPUDE1U/3538,1,0.1348652237145548,0.742338240146637,0.3818618059158326,TP
aPUDE1U/354,1,0.45363586351502994,0.6695832014083862,0.1489860415458679,TP
aPUDE1U/3540,1,0.3188630121025377,0.6833086609840393,0.5474200695753098,TP
aPUDE1U/3542,1,0.08319647429117916,0.999930739402771,0.2073995471000671,TP
aPUDE1U/3543,0,0.8704281393967958,0.736651599407196,0.3767535090446473,FP
aPUDE1U/3546,0,0.04495223094921581,0.8279232382774353,0.0064131021499633,FP
aPUDE1U/355,1,0.2077889369459773,0.8426293134689331,0.3527980148792267,TP
aPUDE1U/3555,1,0.5671981004343567,0.90802001953125,0.1870975494384765,TP
aPUDE1U/3556,1,0.41842641507572564,0.9235508441925048,0.2122930884361266,TP
aPUDE1U/3559,0,0.7435432345436068,0.98359876871109,0.0033052563667296,TP
aPUDE1U/356,0,0.035358971657663975,0.8784804344177246,0.0444962382316589,FP
aPUDE1U/3568,1,0.2683879977436922,0.6298816800117493,0.008642554283142,TP
aPUDE1U/357,1,0.13700494943648373,0.7396997809410095,0.7396997809410095,TP
aPUDE1U/3575,0,0.00029516617540216607,0.8167623281478882,0.0008595585823059,TP
aPUDE1U/359,1,0.6041138822114855,0.774554431438446,0.0280640721321105,TP
aPUDE1U/3593,0,0.7540484949609938,0.8705174326896667,0.0268598794937133,TP
aPUDE1U/360,0,0.19508571369402092,0.8018558621406555,0.0498766303062438,FP
aPUDE1U/3600,0,0.7336681102633663,0.9378668665885924,0.8922085054218768,FP
aPUDE1U/3615,0,0.0007459671810809992,0.7824855446815491,0.0224890112876892,FP
aPUDE1U/3617,1,0.9981874294376815,0.7859606742858887,0.3647359311580658,TP
aPUDE1U/362,1,0.31934595455581316,0.9476067423820496,0.4608983397483825,TP
aPUDE1U/3621,0,0.014719370369569638,0.760067880153656,0.0582726001739501,FP
aPUDE1U/3623,1,0.5059942531340785,0.7722393274307251,0.3394348919391632,TP
aPUDE1U/3624,0,0.00013221613639575054,0.8534947037696838,2.86102294921875e-06,FP
aPUDE1U/3625,0,0.02397020068539939,0.9111963510513306,0.025617241859436,FP
aPUDE1U/3627,0,0.3805972804084833,0.8177854418754578,0.0777280330657959,TP
aPUDE1U/3633,1,0.38595471831361544,0.8808361887931824,0.3485806584358215,TP
aPUDE1U/3635,0,0.09845804059475662,0.583920955657959,0.583920955657959,FP
aPUDE1U/3648,0,9.635761077113225e-05,0.4561792910099029,0.039567857980728,FP
aPUDE1U/3649,1,0.9188343201462416,0.939922332763672,0.839947894215584,TP
aPUDE1U/365,1,0.5546683818552753,0.8778411149978638,0.0043782591819763,TP
aPUDE1U/3650,0,0.6344031447925667,0.9999600052833556,0.0006638169288634,FP
aPUDE1U/366,1,0.473518850039829,0.924828290939331,0.017383873462677,TP
aPUDE1U/367,1,0.6222363028481936,0.9132821559906006,0.0072913169860839,TP
aPUDE1U/368,1,0.07502061772481884,0.8973265886306763,0.0446386933326721,TP
aPUDE1U/369,1,0.23107313500613877,0.998668611049652,0.0001912117004393,TP
aPUDE1U/370,0,0.8908053560943697,0.8520272970199585,0.0050349831581115,FP
aPUDE1U/371,1,0.581937116250882,0.9665603041648864,0.6763142645359039,TP
aPUDE1U/372,1,0.0006438749240349441,0.8476549983024597,0.2116671800613403,TP
aPUDE1U/373,1,0.03703032220940414,0.6701584458351135,0.0774134397506713,TP
aPUDE1U/374,1,0.17839089839445468,0.8334252834320068,0.097567617893219,TP
aPUDE1U/375,0,0.005297455189289596,0.6158137321472168,0.2117716073989868,FP
aPUDE1U/376,1,0.2652907213193831,0.8097323179244995,0.1516622304916381,TP
aPUDE1U/377,1,0.9019618379551437,0.9330651760101318,0.6148132383823395,TP
aPUDE1U/378,1,0.48825488436668857,0.9688770174980164,0.0136677026748657,TP
aPUDE1U/379,1,0.15883676839896954,0.9863688945770264,0.5110650360584259,TP
aPUDE1U/380,1,0.25997065748273585,0.79079669713974,0.0151859521865844,TP
aPUDE1U/381,0,0.8368160969085476,0.6489285826683044,0.142927348613739,TP
aPUDE1U/382,0,0.0002786283457765681,0.966123640537262,0.0029555559158325,TP
aPUDE1U/383,1,0.6593000974125002,0.9684650301933287,0.6057202517986296,TP
aPUDE1U/384,1,0.23921352376746038,0.911860466003418,0.0030971765518187,TP
aPUDE1U/385,1,0.7883604662330891,0.8654707074165344,0.5122069120407104,TP
aPUDE1U/386,1,0.35331600146654374,0.9524023532867432,0.08053719997406,TP
aPUDE1U/387,0,0.9946233720392812,0.8945583701133728,0.8945583701133728,TP
aPUDE1U/388,1,0.07118032397809956,0.8675841093063354,0.0064256191253662,TP
aPUDE1U/389,1,0.17406726317607726,0.9307823181152344,0.498406171798706,TP
aPUDE1U/393,0,0.0001582672713646308,0.755796492099762,0.0315651297569274,TP
aPUDE1U/400,0,0.0005082132890782107,0.7228447794914246,0.0278522372245788,FP
aPUDE1U/402,0,0.4359683498104977,0.7013469934463501,0.0027102828025817,FP
aPUDE1U/403,1,0.2994699386398349,0.952350616455078,0.6195878982543944,TP
aPUDE1U/407,1,0.05900906819175453,0.9966995716094972,0.5550980865955354,TP
aPUDE1U/408,1,0.8884156431158214,0.7744588851928711,0.6613133996725082,TP
aPUDE1U/410,1,0.4978232904914295,0.712321400642395,0.712321400642395,TP
aPUDE1U/411,1,0.23394311528106929,0.7340700030326843,0.5247500836849213,TP
aPUDE1U/412,1,0.9622658559964561,0.8888211250305176,0.8888211250305176,TP
aPUDE1U/422,1,0.23175478480171258,0.8257762789726257,0.1238924264907836,TP
aPUDE1U/423,1,0.06698047588994277,0.8011530041694641,0.0065518021583557,TP
aPUDE1U/424,1,0.9624993305847568,0.9739940762519836,0.9739940762519836,TP
aPUDE1U/426,1,0.05797073867204087,0.5489259958267212,0.003441572189331,TP
aPUDE1U/429,1,0.22603666865645855,0.6811834573745728,0.0,TP
aPUDE1U/436,1,0.3464507524211284,0.9439963698387146,0.0174354910850526,TP
aPUDE1U/443,0,0.008121196116665778,0.693411111831665,0.0014718770980834,FP
aPUDE1U/444,1,0.8524875563753739,0.907555878162384,0.7099840492010118,TP
aPUDE1U/445,0,0.04107878843384793,0.867773175239563,0.0790808796882629,FP
aPUDE1U/446,1,0.24428915964596412,0.7059795260429382,0.2511828243732452,TP
aPUDE1U/447,1,0.18650727703707748,0.901970386505127,0.0470156073570251,TP
aPUDE1U/448,1,0.5562377893565879,0.7413701415061951,0.3464463651180268,TP
aPUDE1U/449,1,0.08254165512339681,0.9471041560173036,0.0135545134544373,TP
aPUDE1U/45,0,0.023085136521750278,1.0,1.0,FP
aPUDE1U/451,1,0.05870554202131239,0.8000108003616333,0.1612319946289062,TP
aPUDE1U/452,1,0.02403728725163685,0.9998677372932434,0.0001076459884643,TP
aPUDE1U/454,1,0.004128609818211319,0.4813551306724548,0.4813551306724548,TP
aPUDE1U/455,1,0.25396319805147033,0.5710577368736267,0.0738078951835632,TP
aPUDE1U/456,0,0.5187670777373897,0.8056401610374451,0.0,TP
aPUDE1U/457,0,0.28221835824216185,0.8186602592468262,0.0,TP
aPUDE1U/458,0,0.5249710708087588,0.8278800249099731,0.0,TP
aPUDE1U/459,1,0.017410634906229384,0.5939607620239258,0.0,TP
aPUDE1U/46,1,0.08312865580560017,0.9545326232910156,0.1150869727134704,TP
aPUDE1U/460,1,0.30728757011536795,0.7697133421897888,0.7697133421897888,TP
aPUDE1U/463,1,0.21803095743338594,0.8071624636650085,0.2838799953460693,TP
aPUDE1U/464,1,0.3284534528211433,0.765209436416626,0.1049510836601257,TP
aPUDE1U/465,1,0.003127378670325844,0.924515962600708,0.1222705245018005,TP
aPUDE1U/466,0,0.0031467231132511703,0.7619261145591736,0.7619261145591736,FP
aPUDE1U/467,1,0.005587912182147292,0.790625274181366,0.0247684717178344,TP
aPUDE1U/468,0,0.00535413931638689,0.8128331899642944,0.8128331899642944,FP
aPUDE1U/47,1,0.327660343869659,0.6913474798202515,0.6821636399254204,TP
aPUDE1U/470,1,0.00017226338449010444,0.7100132703781128,0.0301424860954284,TP
aPUDE1U/471,0,0.0073362856065826085,0.7329554557800293,0.0479413270950317,TP
aPUDE1U/472,0,0.002845048419520887,0.941675066947937,0.0022141933441162,TP
aPUDE1U/473,1,0.3849562197537721,0.8139386177062988,0.5658190697431564,TP
aPUDE1U/474,0,0.006640144306312535,0.8043060302734375,0.7907151496037841,FP
aPUDE1U/475,0,0.0344082082715999,0.7775810956954956,0.0361812114715576,TP
aPUDE1U/48,1,0.5247932741585916,0.9471977949142456,0.0124174356460572,TP
aPUDE1U/480,1,0.03949000572473593,0.8843461275100708,0.0641310214996337,TP
aPUDE1U/483,1,0.5245113351000135,0.922944962978363,0.2069477438926696,TP
aPUDE1U/486,1,0.18189169950889925,0.8002422451972961,0.4229036867618561,TP
aPUDE1U/488,1,0.22317705689813488,0.8366233110427856,0.0,TP
aPUDE1U/489,1,0.022181971572768442,0.6941555738449097,0.1742057204246521,TP
aPUDE1U/49,0,0.0035199994738165817,0.5804333686828613,0.056639552116394,FP
aPUDE1U/490,1,0.2894818959167496,0.888527512550354,0.399803638458252,TP
aPUDE1U/491,1,0.613752583112144,0.8912076354026794,0.5757326185703278,TP
aPUDE1U/492,1,0.031187687967865814,0.8847033977508545,0.2688245773315429,TP
aPUDE1U/493,1,0.1070196009024198,0.8908669948577881,0.0304867625236511,TP
aPUDE1U/494,1,0.30122153822356834,0.9261627793312072,0.0287640094757078,TP
aPUDE1U/496,1,0.1821537776625238,0.6605067849159241,0.0017459988594055,TP
aPUDE1U/498,0,9.647015492391306e-05,0.8502402305603027,0.0832976698875427,FP
aPUDE1U/499,1,0.5133225648585639,0.8870314955711365,0.5655550062656403,TP
aPUDE1U/50,1,0.9396008523579573,0.8540141582489014,0.8540141582489014,TP
aPUDE1U/500,0,0.3303455037060872,0.7394886612892151,0.0015525817871093,FP
aPUDE1U/501,0,0.977442015071049,0.7335379719734192,0.6063795536756516,TP
aPUDE1U/502,0,0.14707773163338045,0.7831405401229858,0.1286125183105468,FP
aPUDE1U/503,0,0.0006501592588129736,0.7177600860595703,0.1181936860084533,FP
aPUDE1U/504,1,0.608198056873824,0.8728179931640625,0.5631814897060394,TP
aPUDE1U/505,1,0.4870359396082488,0.9395049810409546,0.0224382877349853,TP
aPUDE1U/506,1,0.4598175175020998,0.7210419774055481,0.4366011619567871,TP
aPUDE1U/507,0,0.06807644778241713,0.7041541337966919,0.0089528560638427,FP
aPUDE1U/508,1,0.5116035553538104,0.9352782368659972,0.1504809260368346,TP
aPUDE1U/509,0,0.14021850385130372,0.5696228742599487,0.3490677326917648,FP
aPUDE1U/510,1,0.08973929030025907,0.9553958773612976,0.6294696927070618,TP
aPUDE1U/511,0,0.04957241706132814,0.7714727520942688,0.3478743135929108,FP
aPUDE1U/512,0,0.033943224045860185,0.9084765911102296,0.0008063912391663,FP
aPUDE1U/513,1,0.24676336422030973,0.8551612496376038,0.0335077047348022,TP
aPUDE1U/514,0,0.04924466466718057,0.7848786115646362,0.1057557463645935,FP
aPUDE1U/515,0,3.2759870734523106e-06,0.9999996423721312,2.980232236549085e-07,TP
aPUDE1U/516,0,0.38217269930075076,0.8873648643493652,7.152557373046875e-07,TP
aPUDE1U/517,0,0.07172965942711099,0.8632733225822449,0.019834816455841,TP
aPUDE1U/518,0,8.478164689270875e-05,0.713857114315033,0.0102819800376892,TP
aPUDE1U/519,0,0.0034925116569929863,0.4717890918254852,0.151684135198593,FP
aPUDE1U/520,0,0.000244630559653059,0.4746040105819702,0.2828389406204224,FP
aPUDE1U/521,1,0.22889822638231178,0.6507459878921509,0.0236576199531555,TP
aPUDE1U/522,0,0.007613570135842022,0.7241838574409485,0.0326490998268127,FP
aPUDE1U/524,0,0.034092320025139455,0.5817325711250305,0.0,FP
aPUDE1U/525,0,8.601892139515293e-05,0.5672370791435242,0.1535694003105163,FP
aPUDE1U/526,0,0.057583918867555914,0.5323882699012756,0.115734726190567,FP
aPUDE1U/527,0,0.03398013123391771,0.796855628490448,0.4401269257068634,FP
aPUDE1U/528,0,0.04359962147094279,0.5935493111610413,0.0268815755844116,FP
aPUDE1U/529,0,0.0048619348618371425,0.5674591064453125,0.1174270808696746,FP
aPUDE1U/530,0,0.030865610659767805,0.8620672225952148,0.6299729347229004,FP
aPUDE1U/531,0,0.20712325069156204,0.7203309535980225,0.0211095809936523,TP
aPUDE1U/532,0,0.0031219753891142746,0.5780991315841675,0.4378802329301835,FP
aPUDE1U/533,1,0.006099336233604233,0.9637011289596558,0.0053214430809022,TP
aPUDE1U/534,0,0.00865480305544477,0.9154412746429444,0.270512342453003,FP
aPUDE1U/535,1,0.6213091477211444,0.7899269461631775,0.5651881098747253,TP
aPUDE1U/536,1,0.06562473309807589,0.9992899298667908,0.0337468385696412,TP
aPUDE1U/537,1,0.010649590491417386,0.4540910720825195,0.2157666981220244,TP
aPUDE1U/538,0,0.00019684274716545038,0.7136723399162292,0.0990910530090332,FP
aPUDE1U/539,1,0.8146796357450732,0.9058760404586792,0.9058760404586792,TP
aPUDE1U/54,0,0.0004224957802297562,0.7781726121902466,0.1322970986366272,FP
aPUDE1U/541,1,0.40712701819957986,0.907342791557312,0.023745059967041,TP
aPUDE1U/543,0,0.7748790941500859,0.6688082218170166,0.2387166321277619,FP
aPUDE1U/544,0,0.13116015608613016,0.7096162438392639,0.0162909626960754,FP
aPUDE1U/545,1,0.10282341501868396,0.6749604344367981,0.1003295183181762,TP
aPUDE1U/546,0,0.07497004052935209,0.9184948801994324,0.032406747341156,FP
aPUDE1U/548,1,0.10879727526038617,0.9652034044265748,0.2374127507209779,TP
aPUDE1U/549,0,0.9275995746768547,0.763241171836853,0.5519491583108902,FP
aPUDE1U/55,1,0.5394516940298962,0.8968020677566528,0.6756681501865387,TP
aPUDE1U/550,1,0.45322809089235433,0.8681652545928955,0.0681111216545105,TP
aPUDE1U/551,0,0.06530859095637535,0.6358076333999634,0.0969940423965454,FP
aPUDE1U/553,0,0.8368978846146197,0.8540635704994202,0.2155689597129821,FP
aPUDE1U/554,1,0.3112978574007886,0.750166118144989,0.5298707932233812,TP
aPUDE1U/555,0,0.08106557239811762,0.8126069903373718,0.0123698711395263,TP
aPUDE1U/556,1,0.8618874881051332,0.9778244495391846,0.6732771098613739,TP
aPUDE1U/557,0,0.8778672670468792,0.879684329032898,0.4931962192058563,FP
aPUDE1U/558,1,0.8166241995578261,0.9269935488700868,0.5141475200653078,TP
aPUDE1U/559,0,0.3884807793570804,0.8143964409828186,0.0451964735984802,TP
aPUDE1U/561,1,0.42592448764546276,0.9566669464111328,0.3128803968429565,TP
aPUDE1U/562,1,0.2819629916821199,0.8626841902732849,0.0403159856796264,TP
aPUDE1U/563,1,0.7216182814783777,0.9030146598815918,0.6181778311729431,TP
aPUDE1U/564,1,0.7502354982543894,0.9568945169448853,0.9568945169448853,TP
aPUDE1U/565,1,0.0024543222209313246,0.9999893307685852,7.092952728382507e-06,TP
aPUDE1U/567,0,0.0025421985043093086,0.90714430809021,4.172325135387567e-07,TP
aPUDE1U/569,0,0.0007714734073887076,0.7677134871482849,0.0072273612022399,FP
aPUDE1U/57,1,0.09680691642870008,0.593898594379425,0.0199986100196838,TP
aPUDE1U/570,0,0.0958232771806504,0.7011815905570984,0.1166209578514099,FP
aPUDE1U/571,0,0.05106947957339837,0.9999595880508424,0.000665068626404,FP
aPUDE1U/572,0,0.0015008152935417202,0.9999489188194276,2.837181091319696e-05,TP
aPUDE1U/573,1,0.27679904745404615,0.813887894153595,0.0454552769660949,TP
aPUDE1U/574,1,0.6785376839142381,0.9252082109451294,0.0341851115226745,TP
aPUDE1U/575,0,0.011740476285266307,0.5108955502510071,0.1314844191074372,FP
aPUDE1U/576,0,0.012833038950191179,0.5859552025794983,0.061028778553009,FP
aPUDE1U/577,0,0.08192626129189566,0.7685405015945435,0.0186392664909362,TP
aPUDE1U/578,1,0.1219132304658917,0.907968521118164,0.105253219604492,TP
aPUDE1U/579,0,0.4286531144130041,0.9891713857650756,0.0029516220092771,TP
aPUDE1U/58,1,0.0020376961219622258,0.7101039290428162,0.1702647805213928,TP
aPUDE1U/580,0,0.00020594447591766647,0.8223000764846802,2.568960189819336e-05,TP
aPUDE1U/581,1,0.976777012056406,0.9188142418861388,0.9188142418861388,TP
aPUDE1U/583,1,0.1220280379772617,0.6454758644104004,0.0813039541244506,TP
aPUDE1U/584,0,0.10700597502493805,0.768146812915802,0.0852513313293457,TP
aPUDE1U/585,0,0.7788568269289132,0.7545332312583923,0.0376380085945129,FP
aPUDE1U/586,1,0.6113554196944565,0.9158807396888732,0.3813161253929137,TP
aPUDE1U/588,0,0.008000581021974864,0.5047875046730042,0.0253805816173553,FP
aPUDE1U/589,1,0.09062319680626603,0.8294488787651062,0.0002460479736328,TP
aPUDE1U/59,0,0.1448424100996749,0.9999383687973022,0.0007255673408508,FP
aPUDE1U/596,0,0.07865773329709286,0.5254445672035217,0.0,FP
aPUDE1U/598,0,0.1466021453943563,0.8081730604171753,0.1521896719932556,FP
aPUDE1U/599,1,0.13638179454260366,0.6852695345878601,0.3808881044387818,TP
aPUDE1U/6,1,0.42036158346916,0.9709408283233644,0.0306928157806397,TP
aPUDE1U/60,1,0.642300691768056,0.872465193271637,0.0671920180320739,TP
aPUDE1U/600,1,0.05144208547854883,0.817680299282074,0.0020496249198913,TP
aPUDE1U/601,0,0.00019201367980750764,0.8010445237159729,0.1098912358283996,FP
aPUDE1U/602,1,0.9233660678612914,0.7950274348258972,0.194079041481018,TP
aPUDE1U/605,0,0.0002677141258577823,0.8707759380340576,0.0109533071517944,FP
aPUDE1U/608,0,0.01066335966230684,0.8853299021720886,0.1042916774749755,TP
aPUDE1U/609,0,0.07789014295997022,0.5623218417167664,0.0356956124305725,FP
aPUDE1U/611,1,0.0024990975479887924,0.6801422238349915,0.0255889892578125,TP
aPUDE1U/612,0,0.00021972616801394345,0.7689297795295715,0.3539809882640839,FP
aPUDE1U/613,1,0.6538401846166491,0.8284170031547546,0.4938808083534241,TP
aPUDE1U/614,1,0.510681505897304,0.8136730194091797,0.4835537970066071,TP
aPUDE1U/615,0,0.08450435095616919,0.8981990218162537,0.526715874671936,FP
aPUDE1U/616,0,0.1861438643760155,0.7117748856544495,0.4105519950389862,FP
aPUDE1U/617,0,0.008983082868866834,0.9980515241622924,0.1210082173347472,FP
aPUDE1U/618,0,0.007208566402987673,0.7025036811828613,0.0017773509025573,FP
aPUDE1U/619,1,0.05084407399085317,0.8860968947410583,0.2972595691680908,TP
aPUDE1U/62,1,0.010931973195530492,0.5938125848770142,0.1488769352436065,TP
aPUDE1U/620,1,0.14573289258908462,0.7752620577812195,0.6704530119895936,TP
aPUDE1U/621,1,0.48404876291351545,0.9377622008323668,0.5857228338718413,TP
aPUDE1U/622,0,0.00015786095377644848,0.9999406337738036,2.2172927856445312e-05,FP
aPUDE1U/623,0,0.0006362457610837673,0.9577155709266664,0.0209280848503113,TP
aPUDE1U/626,0,0.698963763954459,0.7676437497138977,0.131913959980011,TP
aPUDE1U/629,0,0.7070823605477552,0.6804925799369812,0.0117693543434143,FP
aPUDE1U/63,1,0.34043440156575405,0.8193590044975281,0.2095873951911926,TP
aPUDE1U/630,1,0.8902406928373656,0.9436699748039246,0.6429547667503357,TP
aPUDE1U/631,1,0.08432542262451134,0.7555004358291626,0.1900952458381652,TP
aPUDE1U/632,1,0.6028611550263662,0.9760451912879944,0.4292827844619751,TP
aPUDE1U/633,1,0.5062606629402662,0.8840222954750061,0.5729353427886963,TP
aPUDE1U/634,1,0.3879334511322384,0.726513683795929,0.6460091099143028,TP
aPUDE1U/635,1,0.7371117232006785,0.7503790855407715,0.6208519488573074,TP
aPUDE1U/636,1,0.3456354250913091,0.8325052261352539,0.2039706707000732,TP
aPUDE1U/637,1,0.24160718023819083,0.7593901753425598,0.6881527602672577,TP
aPUDE1U/638,1,0.01462181107519462,0.8003519773483276,0.7732114754617214,TP
aPUDE1U/639,0,0.8792045406172618,0.8389960527420044,0.1441118121147155,TP
aPUDE1U/64,1,0.04043483727059918,0.8759555220603943,0.0947495698928833,TP
aPUDE1U/640,0,0.03133571271386351,0.7083139419555664,0.0420736074447631,FP
aPUDE1U/641,0,0.012951842633231264,0.7522304058074951,0.0400707721710205,FP
aPUDE1U/642,1,0.02698592078690734,0.8343855142593384,0.4186704456806183,TP
aPUDE1U/643,0,0.2089782979054261,0.7149044871330261,0.0,TP
aPUDE1U/644,0,0.019494354501608975,0.886009931564331,0.4594810605049133,FP
aPUDE1U/645,0,0.0006590208999223267,0.9040990471839904,0.0027930736541748,TP
aPUDE1U/646,0,0.012079589873135562,0.681105375289917,0.1675245761871338,FP
aPUDE1U/647,0,0.07810482884465954,0.5954371690750122,0.0,FP
aPUDE1U/648,1,0.5612542666115682,0.8890002369880676,0.6989644169807434,TP
aPUDE1U/649,1,0.04497240848712557,0.71806401014328,0.4730855226516724,TP
aPUDE1U/650,0,0.005952425766217896,0.7098832726478577,0.0065197944641113,FP
aPUDE1U/651,0,0.0002588519056140725,0.934329092502594,0.0146114230155943,TP
aPUDE1U/652,0,0.05945269318621086,0.6874732971191406,0.3954895734786987,FP
aPUDE1U/653,0,0.011002768150739507,0.7542024254798889,0.0,FP
aPUDE1U/654,0,7.88375352633019e-05,0.8979890942573547,0.052478551864624,TP
aPUDE1U/655,0,0.0005514274835664538,0.6313453912734985,0.1319142282009125,FP
aPUDE1U/657,0,0.0992191289009788,0.8709535598754883,0.1022552847862243,FP
aPUDE1U/66,1,0.4453982583454883,0.9496339559555054,0.5707957744598389,TP
aPUDE1U/671,1,0.3675010647828464,0.6736385226249695,0.2350827753543853,TP
aPUDE1U/672,1,0.2234384186849452,0.8762998580932617,0.1076387763023376,TP
aPUDE1U/68,1,0.6210957979667816,0.7150672674179077,0.5592583268880844,TP
aPUDE1U/69,1,0.07378573799655513,0.9124367833137512,0.7284713983535767,TP
aPUDE1U/690,0,0.74378847520275,0.7618210911750793,0.1303451657295227,TP
aPUDE1U/695,1,0.18447653539818049,0.8248317837715149,0.042409598827362,TP
aPUDE1U/696,1,0.18934041090264572,0.6824081540107727,0.1784866452217102,TP
aPUDE1U/698,1,0.4252931285616701,0.8759947419166565,0.7651446089148521,TP
aPUDE1U/699,0,0.00020249278073863786,0.7372817397117615,0.0367406010627746,FP
aPUDE1U/700,1,0.5675364634586861,0.7670464515686035,0.1554823517799377,TP
aPUDE1U/701,0,0.05963171371197336,0.9098287224769592,0.0062320828437804,TP
aPUDE1U/702,1,0.04307953293211418,0.8775112628936768,0.2203626036643982,TP
aPUDE1U/703,1,0.14503457845058015,0.8510993123054504,0.1573462486267089,TP
aPUDE1U/706,1,0.24233282139884207,0.8046685457229614,0.0484927892684936,TP
aPUDE1U/707,1,0.8685780008612339,0.953242838382721,0.5898840427398682,TP
aPUDE1U/708,0,0.00015785167261947832,0.7124788761138916,0.1559450626373291,FP
aPUDE1U/709,1,0.018836327653541318,0.7017089128494263,0.0012590885162353,TP
aPUDE1U/710,0,0.2833704288461397,0.7075795531272888,0.0,TP
aPUDE1U/711,1,0.17094172513296677,0.8647401928901672,0.0057661533355712,TP
aPUDE1U/712,1,0.508725838992012,0.9212540984153748,0.0097456574440003,TP
aPUDE1U/713,1,0.3878259686087381,0.6695401072502136,0.112012505531311,TP
aPUDE1U/714,1,0.27360468505145397,0.9555697441101074,0.9555697441101074,TP
aPUDE1U/715,0,0.17842905580686727,0.8815526366233826,0.8815526366233826,TP
aPUDE1U/716,1,0.4039935357260281,0.980978786945343,0.0099220275878906,TP
aPUDE1U/717,1,0.4009329362019344,0.9745217561721802,0.3354529738426208,TP
aPUDE1U/718,1,0.19623040248751522,0.8959681391716003,0.0142959356307983,TP
aPUDE1U/719,0,0.009385964456791239,0.855373740196228,0.0546126365661621,FP
aPUDE1U/720,1,0.06965649249066073,0.7743300199508667,0.2607092261314392,TP
aPUDE1U/721,1,0.2928624812006144,0.7399311065673828,0.0550033450126647,TP
aPUDE1U/722,1,0.06692605486291978,0.7112851738929749,0.0031911730766296,TP
aPUDE1U/723,0,0.009488249718285012,0.9890816807746888,0.0171379446983338,FP
aPUDE1U/724,1,0.21104194587765596,0.8452814817428589,0.2634400129318237,TP
aPUDE1U/725,1,0.2505198686221072,0.983051300048828,0.0599539279937744,TP
aPUDE1U/726,0,0.9701755386195006,0.8544450998306274,0.0011230111122131,FP
aPUDE1U/727,0,0.016350900404750592,0.659620463848114,0.1046997308731079,FP
aPUDE1U/728,1,0.6122462052947952,0.855305552482605,0.3656834661960602,TP
aPUDE1U/729,1,0.027468087211718503,0.941762626171112,0.0732040405273436,TP
aPUDE1U/73,1,0.35881245046324467,0.870914101600647,0.5884397029876709,TP
aPUDE1U/730,0,0.2260613822164028,0.98972886800766,0.0045433044433595,TP
aPUDE1U/731,1,0.6244690681861984,0.7944474220275879,0.3340314626693726,TP
aPUDE1U/732,1,0.028276441103394483,0.9998083710670472,0.0867870450019836,TP
aPUDE1U/733,1,0.732641099390139,0.90476256608963,0.5757659673690796,TP
aPUDE1U/734,1,0.07962980990571279,0.8027360439300537,0.127376914024353,TP
aPUDE1U/735,1,0.2029486374356563,0.998992383480072,0.0007138848304748,TP
aPUDE1U/736,1,0.23775394552446696,0.9470906257629396,0.0342186093330383,TP
aPUDE1U/737,0,0.007632994169629532,0.961186945438385,0.0012042522430419,TP
aPUDE1U/739,1,0.918215331831719,0.9417178630828856,0.7590349763631821,TP
aPUDE1U/74,0,0.00031414163209659044,0.6670483350753784,0.177266389131546,FP
aPUDE1U/740,1,0.2890428738110151,0.8653872013092041,0.1134162545204162,TP
aPUDE1U/741,1,0.5722864670105138,0.8213443756103516,0.4326066374778747,TP
aPUDE1U/742,0,0.23709627020784138,0.7522366046905518,0.008949875831604,TP
aPUDE1U/743,1,0.5984720470473739,0.6681238412857056,0.1566810607910156,TP
aPUDE1U/744,0,0.17562647593603856,0.9999993443489076,0.0006242394447327,TP
aPUDE1U/745,1,0.1596440495847029,0.901192545890808,0.199760854244232,TP
aPUDE1U/746,0,0.17405994621182358,0.9723944664001464,0.0338702201843259,FP
aPUDE1U/747,1,0.36968843986246214,0.9222056269645692,0.8821747191250326,TP
aPUDE1U/748,1,0.7916148138702649,0.9236335158348083,0.9236335158348083,TP
aPUDE1U/749,0,0.07529592208340657,0.9536282420158386,0.0328348875045776,FP
aPUDE1U/75,0,0.00022938426375533236,0.8201389908790588,0.1133711338043212,FP
aPUDE1U/750,0,0.05895839448665629,0.565636157989502,0.2080318033695221,TP
aPUDE1U/759,0,0.038277732035015326,0.6520431041717529,0.0005139708518981,TP
aPUDE1U/76,1,0.5785458307746245,0.8656160235404968,0.7867548912763597,TP
aPUDE1U/761,1,0.0491592717688781,0.9207718372344972,0.0142355561256409,TP
aPUDE1U/767,1,0.6240682426716081,0.7955906987190247,0.471319317817688,TP
aPUDE1U/768,0,0.28502690293444294,0.6671296954154968,0.0,TP
aPUDE1U/77,1,0.9932917358482397,0.9259891510009766,0.9259891510009766,TP
aPUDE1U/772,1,0.692364697580259,0.7823067903518677,0.3601372241973877,TP
aPUDE1U/775,1,0.8117330129013112,0.9718518257141112,0.6683711409568787,TP
aPUDE1U/776,1,0.2508532130385247,0.9397478103637696,0.2735791206359864,TP
aPUDE1U/78,1,0.382651268817982,0.8596171736717224,0.0227686762809753,TP
aPUDE1U/780,1,0.057148891564844935,0.877094566822052,0.197045087814331,TP
aPUDE1U/781,1,0.38473317431564785,0.818671464920044,0.0373475551605224,TP
aPUDE1U/783,0,2.671072119596896e-05,0.7840344905853271,0.000497817993164,TP
aPUDE1U/784,1,0.4181858639162618,0.7397268414497375,0.0818260312080383,TP
aPUDE1U/786,1,0.41583854490796657,0.657518744468689,0.010151207447052,TP
aPUDE1U/787,0,0.03071252950329419,0.9706581830978394,0.0942730903625488,FP
aPUDE1U/789,1,0.3420542485072753,0.6595064401626587,0.3686720728874207,TP
aPUDE1U/79,1,0.0849846146913798,0.6881964206695557,0.1987328827381134,TP
aPUDE1U/791,0,0.1474973181302312,0.5447121858596802,0.0168502330780029,TP
aPUDE1U/793,0,0.11897887145465359,0.9270920753479004,0.0096588134765623,TP
aPUDE1U/795,1,0.008543983193959168,0.5197030901908875,0.0,TP
aPUDE1U/796,1,0.5415855938937189,0.9214574098587036,0.0026952028274536,TP
aPUDE1U/797,1,0.7123413282945015,0.8578174114227295,0.6319402754306794,TP
aPUDE1U/799,1,0.44456373921136755,0.9582061767578124,2.3186206817626957e-05,TP
aPUDE1U/80,1,0.04063525650092094,0.739730954170227,0.5403596311807632,TP
aPUDE1U/800,1,0.1674675978057809,0.942321479320526,0.1682165265083312,TP
aPUDE1U/801,1,0.45714392450188485,0.8640950322151184,0.3981917500495911,TP
aPUDE1U/802,1,0.42648070774360963,0.8673508763313293,0.3338453769683838,TP
aPUDE1U/806,1,0.0047978078868628204,0.6260079741477966,0.0927751064300537,TP
aPUDE1U/809,1,0.3124306831263243,0.9388749599456788,0.071315348148346,TP
aPUDE1U/81,1,0.9681644329084445,0.945325255393982,0.945325255393982,TP
aPUDE1U/810,1,0.2851835070409449,0.8701379895210266,0.0347008109092712,TP
aPUDE1U/818,1,0.18387105791101843,0.7407501935958862,0.1598138213157653,TP
aPUDE1U/819,1,0.09278167698337225,0.7605949640274048,0.0422624945640563,TP
aPUDE1U/82,0,0.0003260890891211854,0.9970800876617432,0.0001612901687622,TP
aPUDE1U/820,0,0.752582191681878,0.761532187461853,0.0602651834487915,FP
aPUDE1U/821,1,0.2647244930699667,0.7689232230186462,0.0424612164497375,TP
aPUDE1U/825,0,0.04103517612870083,0.9999581575393676,0.0006696581840514,FP
aPUDE1U/826,1,0.5145417877431447,0.8303799629211426,0.0616628527641296,TP
aPUDE1U/828,0,0.0032420817846896565,0.5554553270339966,0.0867358744144439,FP
aPUDE1U/829,0,0.007867106967238658,0.754499614238739,0.0351634621620178,FP
aPUDE1U/830,1,0.3364473902600485,0.8328529596328735,0.3208852410316467,TP
aPUDE1U/831,1,0.01738279459701625,0.6975032091140747,0.5850552171468735,TP
aPUDE1U/839,1,0.7446876674905841,0.7587220072746277,0.5896718502044678,TP
aPUDE1U/840,1,0.5300475589518284,0.9269323945045472,0.4669519066810609,TP
aPUDE1U/845,1,0.6422039225984152,0.763740599155426,0.3582145869731903,TP
aPUDE1U/846,1,0.1378686697491885,0.8265979886054993,0.0596852302551269,TP
aPUDE1U/847,0,0.9910918429092641,0.9764663577079772,0.9764663577079772,FP
aPUDE1U/848,1,0.014865308823797663,0.8897863626480103,0.0604196190834045,TP
aPUDE1U/849,1,0.057177592512602994,0.6502999067306519,0.0349436402320861,TP
aPUDE1U/85,1,0.5416769448752254,0.6847924590110779,0.426539957523346,TP
aPUDE1U/850,1,0.3900256441833269,0.8193836808204651,0.0146171450614929,TP
aPUDE1U/854,1,0.0681129848290314,0.932268500328064,0.0907716751098632,TP
aPUDE1U/855,1,0.0009922797651641887,0.4890747666358948,0.0811509788036347,TP
aPUDE1U/856,1,0.24180929455342765,0.6835649609565735,0.0400928854942321,TP
aPUDE1U/857,1,0.8056292011369188,0.8423292636871338,0.8423292636871338,TP
aPUDE1U/858,0,0.15191669120137943,0.9514625668525696,0.0054721832275391,TP
aPUDE1U/859,0,0.9520683270308965,0.6994974613189697,0.0682626366615295,TP
aPUDE1U/86,0,0.0032163673163052454,0.7159281373023987,0.057705819606781,FP
aPUDE1U/861,1,0.0025207017561693044,0.4832681119441986,0.4258010312914849,TP
aPUDE1U/862,1,0.44371020859815885,0.9485530257225036,0.0504270792007445,TP
aPUDE1U/866,1,0.3178631377575728,0.895102858543396,0.2612107992172241,TP
aPUDE1U/867,1,0.06303449189917898,0.8399413824081421,0.0109243392944335,TP
aPUDE1U/868,1,0.14584147053514868,0.96379554271698,0.0049026012420654,TP
aPUDE1U/869,1,0.03644338706066224,0.8527735471725464,0.0119473338127136,TP
aPUDE1U/870,1,0.6714155256156551,0.8858641386032104,0.4820987284183503,TP
aPUDE1U/871,1,0.15641385539514202,0.997711181640625,0.0382220149040222,TP
aPUDE1U/874,0,0.004391190591761952,0.7094740271568298,0.0235908031463623,FP
aPUDE1U/875,0,0.1999760075838185,0.7534292936325073,0.0522278547286987,FP
aPUDE1U/876,1,0.5501349105599569,0.9050121307373048,0.0549691915512086,TP
aPUDE1U/877,1,0.8993701544614086,0.9422071576118468,0.0532206296920775,TP
aPUDE1U/878,1,0.526702121743928,0.6917138695716858,0.4361172318458557,TP
aPUDE1U/879,1,0.9866494667114182,0.9449282884597778,0.9449282884597778,TP
aPUDE1U/88,1,0.0012700855794969578,0.9999119639396667,0.260197103023529,TP
aPUDE1U/880,1,0.17442793919317415,0.8387925624847412,0.0648390650749206,TP
aPUDE1U/881,0,0.0002587787897368765,0.8628973364830017,0.0149977803230285,TP
aPUDE1U/882,1,0.016162626356041303,0.924221932888031,0.3019875884056091,TP
aPUDE1U/883,0,0.06602704946974124,0.9530609250068665,0.0538074970245361,FP
aPUDE1U/884,1,0.45839383629261493,0.8246201872825623,0.0408852100372314,TP
aPUDE1U/885,1,0.00608018178893905,0.4854750335216522,0.4159451797604561,TP
aPUDE1U/886,1,0.11649036836055945,0.7818543910980225,0.1179906725883483,TP
aPUDE1U/887,1,0.4076797694147386,0.7044082880020142,0.0008577108383178,TP
aPUDE1U/888,1,0.7180437787783399,0.9331498146057128,0.6913807392120361,TP
aPUDE1U/889,1,0.14526171253721795,0.932826578617096,0.1429598331451416,TP
aPUDE1U/89,0,9.297596199465703e-05,1.0,0.0,TP
aPUDE1U/890,1,0.30361762545133764,0.8231812119483948,0.0343906283378601,TP
aPUDE1U/891,1,0.19498095496611326,0.852577805519104,0.0604951381683349,TP
aPUDE1U/892,0,0.000124322992802295,0.9354006052017212,0.0028196573257446,FP
aPUDE1U/893,1,0.12007924265493054,0.939755916595459,0.4643850922584533,TP
aPUDE1U/894,0,0.005262039532180475,0.7242031097412109,0.2727711796760559,FP
aPUDE1U/895,0,0.00011603823965860599,0.9998727440834044,0.10193133354187,TP
aPUDE1U/896,0,0.0021123595985065176,0.6261343955993652,0.0429351329803466,TP
aPUDE1U/897,0,0.04978035845033969,0.7234457731246948,0.421782374382019,FP
aPUDE1U/898,1,0.5692232027926716,0.7654554843902588,0.0,TP
aPUDE1U/90,1,0.17919527612188968,0.7007412910461426,0.0403907299041748,TP
aPUDE1U/900,0,0.38494503549489795,0.7699183821678162,0.0,TP
aPUDE1U/901,1,0.27188046358352175,0.9554365873336792,0.1239110231399536,TP
aPUDE1U/902,1,0.5408006426841799,0.8531062006950378,0.2029291987419128,TP
aPUDE1U/903,1,0.5500420140742057,0.9663875699043274,0.0469260215759278,TP
aPUDE1U/904,1,0.7840669099732843,0.8718270659446716,0.5388084948062897,TP
aPUDE1U/905,1,0.2396540593368974,0.9991907477378844,0.7013429701328278,TP
aPUDE1U/908,0,0.1778653026198113,0.593361496925354,0.0046771168708801,FP
aPUDE1U/909,1,0.5398323751558568,0.7682893872261047,0.2280747294425964,TP
aPUDE1U/91,1,0.07915261164489751,0.5030003786087036,0.0527606010437012,TP
aPUDE1U/916,0,0.8908174608374824,0.6956141591072083,0.3534606695175171,FP
aPUDE1U/927,1,0.25154729750715216,0.9093642234802246,0.333308458328247,TP
aPUDE1U/928,1,0.07065341095064975,0.7105270624160767,0.0177866220474243,TP
aPUDE1U/93,1,0.6334507767909942,0.7692269086837769,0.6912726387381555,TP
aPUDE1U/930,1,0.4990566070426243,0.9331446290016174,0.0899082422256469,TP
aPUDE1U/932,1,0.07662034267378635,0.9998542666435242,0.141667366027832,TP
aPUDE1U/934,1,0.04727626951888758,0.949422299861908,0.0813158750534057,TP
aPUDE1U/935,1,0.023827252215249815,0.7200774550437927,0.000479519367218,TP
aPUDE1U/936,1,0.0712676566464285,0.8915292620658875,0.4743338227272033,TP
aPUDE1U/937,1,0.24076823644970277,0.9559409618377686,0.4122793674468994,TP
aPUDE1U/938,1,0.4995956359554938,0.9548161625862122,0.4506379961967468,TP
aPUDE1U/939,0,0.0898709538274887,0.599098265171051,0.0083016157150268,TP
aPUDE1U/94,0,0.7592354781086174,0.7723939418792725,0.0797871947288513,FP
aPUDE1U/940,0,0.676262796025295,0.6819028854370117,0.0,FP
aPUDE1U/943,0,0.2652882012312634,0.9202651381492616,0.2705920934677125,FP
aPUDE1U/95,0,0.04261963924409778,0.8482041954994202,0.1103034615516662,FP
aPUDE1U/950,0,0.5651590394471945,0.9610495567321776,0.0003947019577024,TP
aPUDE1U/951,1,0.6678694670573105,0.8051037192344666,0.2648993134498596,TP
aPUDE1U/952,1,0.920495123709979,0.8830204606056213,0.8830204606056213,TP
aPUDE1U/953,1,0.08584719116033371,0.8769711852073669,0.8769711852073669,TP
aPUDE1U/954,0,0.15811459950633938,0.741933286190033,0.0333867669105529,TP
aPUDE1U/956,1,0.18671062991046045,0.6359583139419556,0.0134260654449462,TP
aPUDE1U/957,0,0.005363024828376198,0.6748501658439636,0.0320267081260681,FP
aPUDE1U/958,0,0.07791150923925107,0.9229496121406556,0.0249572396278382,TP
aPUDE1U/959,1,0.37005350082780036,0.8878682255744934,0.347806453704834,TP
aPUDE1U/96,1,0.29032526170841305,0.8736438751220703,0.8736438751220703,TP
aPUDE1U/963,1,0.0354254307297587,0.6739722490310669,0.0662399530410766,TP
aPUDE1U/971,0,9.556129901889177e-06,1.0,0.0,TP
aPUDE1U/973,1,0.2538646086369589,0.9859050512313844,0.1605826616287232,TP
aPUDE1U/975,1,0.0006593175444702195,0.5807856321334839,0.2583218812942505,TP
aPUDE1U/977,1,0.07224283889960802,0.6744176149368286,0.0840621590614318,TP
aPUDE1U/978,1,0.7843299153649537,0.86772221326828,0.5085959434509277,TP
aPUDE1U/979,0,0.00019872549437937445,0.4663798809051513,0.1764955520629882,FP
aPUDE1U/980,1,0.7402000509659161,0.9410664439201356,0.1462835669517518,TP
aPUDE1U/981,1,0.26184635222235303,0.946302592754364,0.946302592754364,TP
aPUDE1U/982,0,0.1384922358792066,0.7249205708503723,0.7249205708503723,FP
aPUDE1U/983,1,0.07891360418467679,0.8429331183433533,0.1012230515480041,TP
aPUDE1U/984,1,0.15310859359326875,0.9048029184341432,0.0306134819984437,TP
aPUDE1U/990,1,0.3360595993156794,0.964409589767456,0.0061618685722351,TP
aPUDE1U/994,1,0.2969449571368555,0.876453697681427,0.2104648947715759,TP
aPUDE1U/995,0,0.03969483843063129,0.7493163347244263,0.0423740744590759,FP
aPUDE1U/996,1,0.0504907626770759,0.894462525844574,0.014190673828125,TP
aPUDE1U/997,1,0.3782896339696331,0.5425127744674683,0.0583943128585815,TP
aPUDE1U/998,1,0.40657757981166753,0.8119106292724609,0.0180066227912902,TP
