wiki_id,name,label,smiles_color
aPUDE1U/22,1_D2-Biotin iSTD,TP,none
aPUDE1U/1376,1_D3-2-Hydroxyglutaric acid iSTD,TP,none
aPUDE1U/5932,1_D4-Taurochenodeoxycholic acid iSTD,TP,none
aPUDE1U/3062,zingerone,TP,light_blue
aPUDE1U/5432,xylose,TP,light_blue
aPUDE1U/2948,xylonic acid,TP,light_blue
aPUDE1U/2927,xylitol,TP,light_blue
aPUDE1U/5225,xylitol,TP,light_blue
aPUDE1U/2888,xanthurenic acid,TP,green
aPUDE1U/840,xanthurenic acid,TP,green
aPUDE1U/1443,xanthosine,TP,yellow
aPUDE1U/5291,xanthosine,TP,yellow
aPUDE1U/5499,xanthosine,TP,yellow
aPUDE1U/5281,xanthine,TP,light_blue
aPUDE1U/3438,warfarin,TP,light_blue
aPUDE1U/534,volemitol,TP,light_blue
aPUDE1U/3661,vitamin C a,TP,light_blue
aPUDE1U/3172,vitamin C,TP,light_blue
aPUDE1U/3665,vitamin C,TP,light_blue
aPUDE1U/2838,vitamin C,TP,light_blue
aPUDE1U/3171,vitamin C,TP,light_blue
aPUDE1U/366,vitamin C,TP,light_blue
aPUDE1U/3476,vidarabine,TP,pink
aPUDE1U/1097,verbascose,TP,light_blue
aPUDE1U/5061,vanillylmandelic acid,TP,light_blue
aPUDE1U/3500,vanillin-4-sulfate,TP,light_blue
aPUDE1U/246,vanillin,TP,light_blue
aPUDE1U/2302,vanillic acid,TP,green
aPUDE1U/5238,vanillic acid,TP,green
aPUDE1U/495,Val-Val,TP,light_blue
aPUDE1U/6,Val-Tyr-Val,TP,light_blue
aPUDE1U/3351,Val-Tyr-Val,TP,light_blue
aPUDE1U/5376,Val-Thr,TP,light_blue
aPUDE1U/776,Val-Ser,TP,light_blue
aPUDE1U/1379,valsartan,TP,light_blue
aPUDE1U/3193,valproic acid glucuronide,TP,light_blue
aPUDE1U/4201,valproic acid glucuronide,TP,light_blue
aPUDE1U/4524,Val-Pro,TP,light_blue
aPUDE1U/2478,Val-Phe,TP,light_blue
aPUDE1U/202,Val-Met,TP,light_blue
aPUDE1U/3483,Val-Lys,TP,light_blue
aPUDE1U/3474,Val-His,TP,light_blue
aPUDE1U/468,Val-Glu,TP,light_blue
aPUDE1U/2384,Val-Gln,TP,light_blue
aPUDE1U/2974,Val-Asp,TP,light_blue
aPUDE1U/4583,Val-Asn,TP,light_blue
aPUDE1U/4119,Val-Arg,TP,light_blue
aPUDE1U/3349,Val-Ala minor,TP,light_blue
aPUDE1U/459,Val Gly Gly,TP,light_blue
aPUDE1U/3320,UTP,TP,light_blue
aPUDE1U/811,urolithin B,TP,light_blue
aPUDE1U/4132,urolithin A,TP,light_blue
aPUDE1U/504,urocanic acid,TP,light_blue
aPUDE1U/913,uridine 5-monophosphate,TP,light_blue
aPUDE1U/5469,uridine,TP,light_blue
aPUDE1U/4534,uridine,TP,light_blue
aPUDE1U/4261,uric acid,TP,green
aPUDE1U/3178,uric acid,TP,green
aPUDE1U/4519,uric acid,TP,green
aPUDE1U/539,uracil,TP,light_blue
aPUDE1U/3468,undecanedioic acid,TP,light_blue
aPUDE1U/710,UMP,TP,light_blue
aPUDE1U/1468,UMP,TP,light_blue
aPUDE1U/1264,umbelliferone sulfate,TP,light_blue
aPUDE1U/3122,UDP-xylose,TP,light_blue
aPUDE1U/5373,UDP-GlcNAc,TP,light_blue
aPUDE1U/5073,UDP glucuronic acid,TP,light_blue
aPUDE1U/3290,UDP glucose,TP,light_blue
aPUDE1U/3133,UDP,TP,light_blue
aPUDE1U/4228,UDP,TP,light_blue
aPUDE1U/3169,Tyr-Val,TP,light_blue
aPUDE1U/3197,Tyr-Ser,TP,light_blue
aPUDE1U/1467,Tyr-Pro,TP,light_blue
aPUDE1U/879,Tyr-Phe,TP,light_blue
aPUDE1U/5293,Tyr-Leu,TP,light_blue
aPUDE1U/822,Tyr-Glu,TP,light_blue
aPUDE1U/4627,Tyr-Gln,TP,light_blue
aPUDE1U/2524,Tyr-Asp,TP,light_blue
aPUDE1U/5954,tuberonic acid glucoside,TP,light_blue
aPUDE1U/5465,tryptophan,TP,light_blue
aPUDE1U/3469,Trp-Val,TP,light_blue
aPUDE1U/1892,Trp-Glu,TP,light_blue
aPUDE1U/2287,Trp-Asp,TP,light_blue
aPUDE1U/4701,Trp-Asn,TP,light_blue
aPUDE1U/286,Trp-Ala,TP,light_blue
aPUDE1U/5481,trisaccharide,TP,light_blue
aPUDE1U/814,trifluoroacetic acid,TP,light_blue
aPUDE1U/3358,tricin,TP,light_blue
aPUDE1U/449,tricarballylic acid,TP,light_blue
aPUDE1U/3183,trehalose 6-phosphate,TP,light_blue
aPUDE1U/3587,trehalose,TP,light_blue
aPUDE1U/4567,trans-resveratrol 4'-O-glucuronide,TP,light_blue
aPUDE1U/4066,trans-ferulic acid,TP,light_blue
aPUDE1U/4959,trans-ferulic acid,TP,light_blue
aPUDE1U/3689,trans-3-hydroxycotinine glucuronide_RI shift,TP,light_blue
aPUDE1U/886,torsemide,TP,light_blue
aPUDE1U/4171,toluene-4-sulfonic acid,TP,light_blue
aPUDE1U/3277,toluene-4-sulfonamide,TP,pink
aPUDE1U/3130,TMP,TP,light_blue
aPUDE1U/4935,tiliroside,TP,light_blue
aPUDE1U/4962,tiglylglycine,TP,light_blue
aPUDE1U/990,ticlopidine,TP,light_blue
aPUDE1U/342,tianeptine,TP,light_blue
aPUDE1U/5485,thymol,TP,light_blue
aPUDE1U/793,Thr-Val,TP,light_blue
aPUDE1U/352,Thr-Tyr,TP,light_blue
aPUDE1U/4114,Thr-Thr,TP,light_blue
aPUDE1U/5332,Thr-Ser,TP,light_blue
aPUDE1U/5513,Thr-Lys,TP,light_blue
aPUDE1U/4790,Thr-His,TP,light_blue
aPUDE1U/2642,Thr-Glu,TP,light_blue
aPUDE1U/3387,Thr-Gln,TP,light_blue
aPUDE1U/4980,erythrose,TP,light_blue
aPUDE1U/2798,threonine,TP,light_blue
aPUDE1U/5371,threonic acid,TP,yellow
aPUDE1U/5715,threonic acid,TP,yellow
aPUDE1U/4224,threonic acid,TP,yellow
aPUDE1U/4478,Thr-Asp,TP,light_blue
aPUDE1U/2290,Thr-Arg,TP,light_blue
aPUDE1U/4406,Thr-Ala,TP,light_blue
aPUDE1U/1401,theophylline,TP,light_blue
aPUDE1U/248,"tetradecanedioic acid, 5,6-dihydroxy-",TP,light_blue
aPUDE1U/3037,tetradecanedioic acid,TP,light_blue
aPUDE1U/5009,tetradecanedioic acid,TP,light_blue
aPUDE1U/2663,tetradecane-7-sulfonic acid,TP,yellow
aPUDE1U/3129,tetradecane-7-sulfonic acid,TP,yellow
aPUDE1U/5105,tetradecane-7-sulfonic acid,TP,yellow
aPUDE1U/3035,testosterone sulfate,TP,light_blue
aPUDE1U/721,testosterone glucuronide,TP,light_blue
aPUDE1U/4369,TES buffer,TP,light_blue
aPUDE1U/2319,terephthalic acid_delta RTpred +30s,TP,light_blue
aPUDE1U/3854,taurodeoxycholic acid,TP,yellow
aPUDE1U/439,tauroursodeoxycholic acid,TP,yellow
aPUDE1U/4750,taurodeoxycholic acid,TP,yellow
aPUDE1U/4535,tauroursocholic acid,TP,light_blue
aPUDE1U/2646,taurolithocholic acid sulfate,TP,green
aPUDE1U/494,taurolithocholic acid sulfate,TP,green
aPUDE1U/4419,taurolithocholic acid,TP,light_blue
aPUDE1U/3853,taurodeoxycholic acid,TP,green
aPUDE1U/3763,taurodeoxycholic acid,TP,green
aPUDE1U/5215,taurocholic acid,TP,light_blue
aPUDE1U/585,taurocholic acid,TP,green
aPUDE1U/3012,taurocholic acid 01,TP,green
aPUDE1U/3856,taurocholic acid_peak cluster,TP,light_blue
aPUDE1U/5219,taurocholic acid,TP,light_blue
aPUDE1U/711,"taurine, N-palmitoyl-",TP,light_blue
aPUDE1U/3250,"taurine, N-arachidonoyl-",TP,light_blue
aPUDE1U/4294,"taurine, lignoceryl-",TP,light_blue
aPUDE1U/320,taurine,TP,green
aPUDE1U/4940,taurine,TP,green
aPUDE1U/2607,tartaric acid,TP,light_blue
aPUDE1U/4712,sunset yellow,TP,light_blue
aPUDE1U/5961,"sulfuric acid, monooctadecyl ester",TP,light_blue
aPUDE1U/3170,sulfociprofloxacin,TP,light_blue
aPUDE1U/3694,sulfocholic acid,TP,light_blue
aPUDE1U/1314,sulfoacetic acid,TP,light_blue
aPUDE1U/3179,sulfasalazine b,TP,light_blue
aPUDE1U/584,sulfasalazine,TP,light_blue
aPUDE1U/3405,sulfamethoxazole,TP,light_blue
aPUDE1U/3433,sucrose,TP,green
aPUDE1U/5329,sucrose,TP,green
aPUDE1U/5050,sucrose,TP,green
aPUDE1U/5381,succinic acid,TP,yellow
aPUDE1U/2387,succinic acid,TP,yellow
aPUDE1U/463,succinic acid,TP,yellow
aPUDE1U/973,suberic acid,TP,light_blue
aPUDE1U/3186,sterol sulfate 29:2;O;S,TP,light_blue
aPUDE1U/3688,sterol 28:2;O;S,TP,light_blue
aPUDE1U/599,sterol 28:1;O;S,TP,light_blue
aPUDE1U/3055,sterol 24:2;O3;S,TP,pink
aPUDE1U/3056,sterol 24:1;O5;S,TP,light_blue
aPUDE1U/3698,sterol 24:1;O4;S,TP,light_blue
aPUDE1U/4718,stachyose,TP,light_blue
aPUDE1U/3140,ST 24:2;O3;S,TP,light_blue
aPUDE1U/2365,ST 24:2;O3;S,TP,light_blue
aPUDE1U/3972,sphingosine 1-phosphate,TP,light_blue
aPUDE1U/3514,spermidic acid,TP,light_blue
aPUDE1U/2637,sorbose,TP,green
aPUDE1U/5044,fructose,TP,green
aPUDE1U/4717,sophorose,TP,light_blue
aPUDE1U/3870,S-methyl-glutathione,TP,light_blue
aPUDE1U/3830,S-methyl-3-thio-acetaminophen,TP,light_blue
aPUDE1U/3988,SM d36:2,TP,light_blue
aPUDE1U/1583,SM d20:0_22:3,TP,light_blue
aPUDE1U/3989,SM d20:0_22:2,TP,light_blue
aPUDE1U/3287,SM d18:1_15:0,TP,light_blue
aPUDE1U/1978,SM d18:1_14:0,TP,light_blue
aPUDE1U/2604,SM d18:1__16:0,TP,light_blue
aPUDE1U/3996,SM d18:0_22:2,TP,light_blue
aPUDE1U/4000,SM d18:0_16:2,TP,light_blue
aPUDE1U/4064,S-lactoylglutathione,TP,light_blue
aPUDE1U/1425,sinapinic acid,TP,light_blue
aPUDE1U/485,sinapic acid sulfate,TP,light_blue
aPUDE1U/5528,S-glutathionyl-cysteine,TP,light_blue
aPUDE1U/2706,Ser-Val,TP,light_blue
aPUDE1U/1021,Ser-Tyr,TP,light_blue
aPUDE1U/3331,sertraline carbamoyl glucuronide,TP,light_blue
aPUDE1U/1403,Ser-Ser,TP,light_blue
aPUDE1U/3215,serotonin O-sulfate,TP,light_blue
aPUDE1U/1198,Ser-Met,TP,light_blue
aPUDE1U/4178,serine,TP,light_blue
aPUDE1U/4789,Ser-His,TP,light_blue
aPUDE1U/2373,Ser-Gly-Ser,TP,light_blue
aPUDE1U/4286,Ser-Gly,TP,light_blue
aPUDE1U/3292,Ser-Glu,TP,light_blue
aPUDE1U/5401,Ser-Gln,TP,light_blue
aPUDE1U/3576,Ser-Asp,TP,light_blue
aPUDE1U/5055,Ser-Asn,TP,light_blue
aPUDE1U/2294,Ser-Arg,TP,light_blue
aPUDE1U/3693,Ser-Ala,TP,light_blue
aPUDE1U/1298,sedoheptulose 7-phosphate,TP,light_blue
aPUDE1U/5069,scopolamine glucuronide,TP,light_blue
aPUDE1U/5101,salsolinol,TP,light_blue
aPUDE1U/480,salicyluric acid,TP,orange
aPUDE1U/3069,salicyluric acid,TP,orange
aPUDE1U/1299,salicyluric acid,TP,green
aPUDE1U/1302,salicyluric acid,TP,green
aPUDE1U/3085,salicylic acid,TP,light_blue
aPUDE1U/5475,saccharopine,TP,light_blue
aPUDE1U/1180,saccharopine,TP,light_blue
aPUDE1U/4047,ribulose 5-phosphate,TP,green
aPUDE1U/934,ribose 5-phosphate a,TP,green
aPUDE1U/4921,ribose 1-phosphate,TP,light_blue
aPUDE1U/5086,xylose,TP,light_blue
aPUDE1U/1218,xylose,TP,light_blue
aPUDE1U/1110,ribonolactone,TP,light_blue
aPUDE1U/4919,riboflavin,TP,green
aPUDE1U/4656,riboflavin,TP,green
aPUDE1U/1159,riboflavin,TP,green
aPUDE1U/4655,riboflavin,TP,green
aPUDE1U/3112,resveratrol-3-O-sulfate,TP,light_blue
aPUDE1U/3473,raffinose,TP,green
aPUDE1U/1271,raffinose,TP,green
aPUDE1U/5144,raffinose,TP,green
aPUDE1U/5439,"quinoline-2,8-diol",TP,light_blue
aPUDE1U/1134,quinol sulfate,TP,light_blue
aPUDE1U/3532,quinic acid,TP,green
aPUDE1U/3547,quinic acid,TP,green
aPUDE1U/5171,quinic acid,TP,orange
aPUDE1U/5591,quinic acid,TP,orange
aPUDE1U/5262,quercetin-3-O-glucose-6-acetate,TP,light_blue
aPUDE1U/5263,quercetin 3-O-malonylglucoside,TP,light_blue
aPUDE1U/4885,pyrroyl-glycine,TP,light_blue
aPUDE1U/3381,pyrrole-2-carboxylic acid,TP,light_blue
aPUDE1U/5418,pyrrole-2-carbonyl-glycine,TP,light_blue
aPUDE1U/2893,pyrophosphate,TP,light_blue
aPUDE1U/1342,pyroGlu-Val,TP,light_blue
aPUDE1U/5889,pyrocatechol,TP,light_blue
aPUDE1U/2284,pyridoxine,TP,light_blue
aPUDE1U/4725,pyridoxal,TP,light_blue
aPUDE1U/5967,PV 16:0_18:2,TP,light_blue
aPUDE1U/422,purine,TP,pink
aPUDE1U/5428,p-trifluoromethylphenol,TP,light_blue
aPUDE1U/4425,p-toluenesulfonic acid,TP,light_blue
aPUDE1U/981,pterine,TP,light_blue
aPUDE1U/5920,pseudouridine,TP,light_blue
aPUDE1U/5449,PS 18:1_18:1,TP,light_blue
aPUDE1U/3455,PS 18:1_16:0,TP,light_blue
aPUDE1U/5963,PS 18:0_22:6,TP,light_blue
aPUDE1U/1311,PS 18:0_20:4,TP,light_blue
aPUDE1U/5480,PS 16:0_20:4,TP,light_blue
aPUDE1U/775,provitamin C,TP,light_blue
aPUDE1U/5366,Pro-Thr,TP,light_blue
aPUDE1U/5487,prostaglandin D2,TP,light_blue
aPUDE1U/3148,Pro-Ser,TP,light_blue
aPUDE1U/5358,propofol glucuronide,TP,light_blue
aPUDE1U/5359,propofol beta-glucuronide,TP,light_blue
aPUDE1U/5384,propionic acid,TP,light_blue
aPUDE1U/2719,Pro-Phe,TP,light_blue
aPUDE1U/3285,Pro-Met,TP,pink
aPUDE1U/1238,proline,TP,light_blue
aPUDE1U/3020,Pro-Ile,TP,light_blue
aPUDE1U/1441,Pro-hydroxyPro_ugly large peak,TP,light_blue
aPUDE1U/3327,Pro-Gly,TP,light_blue
aPUDE1U/970,Pro-Glu,TP,light_blue
aPUDE1U/334,probenazole,TP,light_blue
aPUDE1U/2298,Pro-Asp,TP,light_blue
aPUDE1U/4905,pregnanediol-3-glucuronide,TP,light_blue
aPUDE1U/1026,PMeOH 16:0_18:1,TP,pink
aPUDE1U/3222,piroxicam,TP,light_blue
aPUDE1U/618,pimelic acid,TP,light_blue
aPUDE1U/4136,picolinic acid,TP,light_blue
aPUDE1U/919,PI 36:4,TP,light_blue
aPUDE1U/4860,PI 36:1,TP,light_blue
aPUDE1U/1456,PI 34:0,TP,light_blue
aPUDE1U/4179,PI 18:1_18:1,TP,light_blue
aPUDE1U/1317,PI 18:0_20:5,TP,light_blue
aPUDE1U/5714,PI 18:0_20:4,TP,light_blue
aPUDE1U/3580,PI 16:0_20:4,TP,light_blue
aPUDE1U/5357,PI 16:0_18:2,TP,light_blue
aPUDE1U/2332,PI 16:0_18:1,TP,light_blue
aPUDE1U/4707,PI 16:0_16:0,TP,light_blue
aPUDE1U/4785,"phosphorothioic acid, O,O-dibutyl ester",TP,light_blue
aPUDE1U/3119,phosphonoacetate,TP,light_blue
aPUDE1U/310,phosphoenolpyruvic acid,TP,pink
aPUDE1U/3281,phosphocreatine,TP,light_blue
aPUDE1U/1458,phosphate minor,TP,light_blue
aPUDE1U/4838,Phe-Val,TP,light_blue
aPUDE1U/3923,Phe-Thr,TP,light_blue
aPUDE1U/5395,Phe-Ser,TP,light_blue
aPUDE1U/938,Phe-Phe a,TP,yellow
aPUDE1U/5880,Phe-Phe,TP,yellow
aPUDE1U/4217,Phenyllactic acid,TP,light_blue
aPUDE1U/4584,phenylephrine 3-O-sulfate,TP,light_blue
aPUDE1U/5468,phenylbutazone,TP,light_blue
aPUDE1U/5527,phenylalanine-cholic acid,TP,light_blue
aPUDE1U/5429,"phenylalanine, 16:0 amide",TP,light_blue
aPUDE1U/2832,phenylalanine,TP,light_blue
aPUDE1U/3234,phenylacetylglycine,TP,yellow
aPUDE1U/3152,phenylacetylglycine,TP,yellow
aPUDE1U/5551,phenylacetylglutamine,TP,light_blue
aPUDE1U/244,phenylacetic acid,TP,light_blue
aPUDE1U/3190,phenyl sulfate_minor,TP,light_blue
aPUDE1U/2865,phenyl sulfate,TP,light_blue
aPUDE1U/3595,phenyl glucuronide,TP,light_blue
aPUDE1U/4910,"phenol, 4,4'-sulfonylbis[2-(2-propenyl)-",TP,light_blue
aPUDE1U/2516,phenaceturic acid,TP,light_blue
aPUDE1U/2273,Phe-Leu,TP,light_blue
aPUDE1U/3333,Phe-Gly,TP,light_blue
aPUDE1U/498,Phe-Gln,TP,light_blue
aPUDE1U/4577,Phe-Asp,TP,light_blue
aPUDE1U/3083,Phe-Ala,TP,light_blue
aPUDE1U/3255,PGB2,TP,light_blue
aPUDE1U/4996,PG 16:0_18:2,TP,light_blue
aPUDE1U/1422,PG 16:0_18:2,TP,yellow
aPUDE1U/3941,PG 16:0_18:2,TP,yellow
aPUDE1U/3096,PG 16:0_18:1,TP,yellow
aPUDE1U/5331,PG 16:0_18:1,TP,light_blue
aPUDE1U/1175,PG 16:0_16:0,TP,yellow
aPUDE1U/3403,PG 16:0_16:0,TP,light_blue
aPUDE1U/3376,perseitol,TP,green
aPUDE1U/3230,perseitol,TP,green
aPUDE1U/531,perfluorooctane-sulfonic acid,TP,light_blue
aPUDE1U/5197,perfluorooctanesulfonic acid,TP,pink
aPUDE1U/842,perfluorohexane-1-sulphonic acid,TP,pink
aPUDE1U/2683,perfluorobutanesulfonic acid,TP,light_blue
aPUDE1U/4714,pentafluoropropionic acid,TP,light_blue
aPUDE1U/3246,"pentaerythritol tetrakis(3-(3,5-di-tert-butyl-4-hydroxyphenyl)propionate)",TP,light_blue
aPUDE1U/212,pentadecyl sulfuric acid,TP,light_blue
aPUDE1U/3559,pentachlorobiphenyl-3-ol,TP,light_blue
aPUDE1U/1334,penicillamine disulfide,TP,green
aPUDE1U/5296,PE O-18:1_20:4,TP,light_blue
aPUDE1U/2368,PE 20:4_16:0,TP,light_blue
aPUDE1U/2426,PE 18:1_20:4,TP,light_blue
aPUDE1U/2256,PE 18:0_20:4 b,TP,light_blue
aPUDE1U/3312,PE 18:0_20:4,TP,light_blue
aPUDE1U/1450,PE 18:0_20:4,TP,light_blue
aPUDE1U/444,PE 18:0_18:2,TP,light_blue
aPUDE1U/3308,PE 16:1_20:4,TP,light_blue
aPUDE1U/4709,PE 16:0_22:6,TP,light_blue
aPUDE1U/2897,p-cresol sulfate_minor,TP,light_blue
aPUDE1U/1165,p-cresol sulfate,TP,yellow
aPUDE1U/4664,p-cresol sulfate,TP,yellow
aPUDE1U/5458,P-cresol glucuronide,TP,light_blue
aPUDE1U/497,p-coumaroyl-1-O-quinic acid,TP,light_blue
aPUDE1U/2855,p-coumaric acid ethyl ester,TP,light_blue
aPUDE1U/1158,PC 20:3_18:0,TP,light_blue
aPUDE1U/1405,PC 18:2_18:3,TP,light_blue
aPUDE1U/869,PC 18:2_18:0 b,TP,light_blue
aPUDE1U/5189,PC 18:2_18:0,TP,light_blue
aPUDE1U/3926,PC 18:2_18:0,TP,light_blue
aPUDE1U/5959,PC 18:1_16:0,TP,light_blue
aPUDE1U/3262,PC 18:0_22:6,TP,light_blue
aPUDE1U/2266,PC 18:0_22:6,TP,light_blue
aPUDE1U/5516,PC 18:0_20:4 a,TP,light_blue
aPUDE1U/2255,PC 18:0_20:4,TP,light_blue
aPUDE1U/450,PC 18:0_20:4,TP,light_blue
aPUDE1U/3558,PC 18:0_20:4,TP,light_blue
aPUDE1U/2949,PC 18:0_18:2,TP,light_blue
aPUDE1U/1424,PC 16:1_16:1 a,TP,light_blue
aPUDE1U/4907,PC 16:0_glutaryl,TP,light_blue
aPUDE1U/1039,PC 16:0_22:6,TP,light_blue
aPUDE1U/4619,PC 16:0_22:6,TP,light_blue
aPUDE1U/2313,PC 16:0_20:4 a,TP,light_blue
aPUDE1U/2457,PC 16:0_20:4,TP,light_blue
aPUDE1U/2458,PC 16:0_20:4,TP,light_blue
aPUDE1U/502,PC 16:0_20:4,TP,light_blue
aPUDE1U/5338,PC 16:0_18:2a,TP,light_blue
aPUDE1U/1384,PC 16:0_18:2,TP,light_blue
aPUDE1U/2982,PC 16:0_18:2,TP,light_blue
aPUDE1U/5339,PC 16:0_18:2,TP,light_blue
aPUDE1U/1350,PC 16:0_18:2,TP,light_blue
aPUDE1U/538,PC 16:0_18:2,TP,light_blue
aPUDE1U/4609,PC 16:0_18:1,TP,light_blue
aPUDE1U/3743,PC 16:0_18:1,TP,light_blue
aPUDE1U/4036,PC 16:0_18:1,TP,light_blue
aPUDE1U/3478,PC 16:0_16:1,TP,light_blue
aPUDE1U/3274,PC 14:0_16:0,TP,light_blue
aPUDE1U/1447,paracetamol sulfate b,TP,light_blue
aPUDE1U/3584,paracetamol sulfate,TP,green
aPUDE1U/3488,paracetamol sulfate,TP,green
aPUDE1U/3560,pantoyl-taurine,TP,green
aPUDE1U/2269,pantoyl-taurine,TP,green
aPUDE1U/3570,pantothenol,TP,green
aPUDE1U/5930,pantothenol,TP,green
aPUDE1U/3166,pantothenic acid,TP,light_blue
aPUDE1U/921,pantothenic acid,TP,yellow
aPUDE1U/920,pantothenic acid,TP,yellow
aPUDE1U/1352,pantoprazole,TP,light_blue
aPUDE1U/4062,pantetheine,TP,yellow
aPUDE1U/3317,pantetheine,TP,yellow
aPUDE1U/735,panosialin A,TP,pink
aPUDE1U/1419,palatinose,TP,light_blue
aPUDE1U/2459,p-acetamidophenylglucuronide,TP,light_blue
aPUDE1U/3549,oxypurinol,TP,light_blue
aPUDE1U/3909,oxoproline_N-fructosyl-,TP,light_blue
aPUDE1U/3343,oxoadipic acid,TP,light_blue
aPUDE1U/3227,oxalic acid,TP,pink
aPUDE1U/3597,oxalacetic acid,TP,light_blue
aPUDE1U/2443,o-tyrosine,TP,light_blue
aPUDE1U/871,orotic acid,TP,green
aPUDE1U/2582,orotic acid,TP,green
aPUDE1U/3721,ornithine,TP,light_blue
aPUDE1U/2534,ophthalmic acid,TP,light_blue
aPUDE1U/3296,phosphoethanolamine,TP,green
aPUDE1U/3124,O-phosphoethanolamine,TP,green
aPUDE1U/1903,O-phosphoethanolamine,TP,yellow
aPUDE1U/4432,olmesartan,TP,light_blue
aPUDE1U/3209,olivetolic acid,TP,light_blue
aPUDE1U/4598,octyl sulfate,TP,light_blue
aPUDE1U/3745,"octadecanoic acid, 9,10,18-trihydroxy-",TP,light_blue
aPUDE1U/3088,N-phenylacetyl-aspartate,TP,light_blue
aPUDE1U/3117,NP-024578,TP,light_blue
aPUDE1U/1341,NP-022920,TP,light_blue
aPUDE1U/2848,nonenedioic acid,TP,pink
aPUDE1U/4713,N-methylhistidine,TP,light_blue
aPUDE1U/3656,N-lauroylsarcosine,TP,light_blue
aPUDE1U/331,N-lauroylglycine,TP,light_blue
aPUDE1U/5199,N-lactoyl-phenylalanine,TP,light_blue
aPUDE1U/2263,nitrilotriacetic acid,TP,light_blue
aPUDE1U/3115,nimesulide,TP,light_blue
aPUDE1U/3618,nicotinuric acid,TP,light_blue
aPUDE1U/4976,nicotinic acid,TP,light_blue
aPUDE1U/4445,N-glycolyl-neuraminic acid,TP,light_blue
aPUDE1U/912,N-gamma-acetyl-N-2-formyl-5-methoxy-kynurenamine,TP,light_blue
aPUDE1U/1381,N-fructosyl pyroglutamate A,TP,light_blue
aPUDE1U/5320,N-fructosyl isoleucine,TP,light_blue
aPUDE1U/3326,N-demethylantipyrine,TP,light_blue
aPUDE1U/547,N-cinnamoyl-glycine,TP,light_blue
aPUDE1U/5900,NCGC00380956-01,TP,light_blue
aPUDE1U/3305,N-carbamoyl-phenylglycine,TP,light_blue
aPUDE1U/2810,N-butanoylglycine,TP,light_blue
aPUDE1U/3231,N-benzoyl-glutamic acid,TP,green
aPUDE1U/413,N-benzoyl-alanine,TP,light_blue
aPUDE1U/5431,naringenin-4'-O-glucuronide,TP,light_blue
aPUDE1U/2219,NAD,TP,light_blue
aPUDE1U/4256,N-acetylvaline,TP,green
aPUDE1U/447,N-acetyltryptophan_to check,TP,light_blue
aPUDE1U/2450,N-acetyltryptophan,TP,light_blue
aPUDE1U/2644,N-acetyl-threonine,TP,light_blue
aPUDE1U/2498,N-acetylsulfanilic acid,TP,green
aPUDE1U/553,N-acetyl-phenylalanine,TP,light_blue
aPUDE1U/3571,N-acetylornithine,TP,light_blue
aPUDE1U/461,N-acetylneuraminic acid c,TP,light_blue
aPUDE1U/521,N-acetylneuraminic acid,TP,light_blue
aPUDE1U/255,N-acetylneuraminic acid,TP,light_blue
aPUDE1U/665,N-acetyl-methionine,TP,pink
aPUDE1U/3073,N-acetyl-methionine,TP,pink
aPUDE1U/2449,N-acetylmethionine,TP,pink
aPUDE1U/5179,N-acetylleucine_minor,TP,green
aPUDE1U/809,N-acetylleucine,TP,green
aPUDE1U/4840,N-acetylhistidine,TP,light_blue
aPUDE1U/905,N-acetylhistamine,TP,light_blue
aPUDE1U/529,N-acetylhistamine,TP,light_blue
aPUDE1U/4699,N-acetylhexosamine,TP,light_blue
aPUDE1U/595,N-acetylglycine,TP,light_blue
aPUDE1U/5535,N-acetylglutamine,TP,green
aPUDE1U/2996,N-acetylglutamine,TP,light_blue
aPUDE1U/5118,N-acetylglutamine,TP,light_blue
aPUDE1U/3355,N-acetyl-glutamic acid,TP,light_blue
aPUDE1U/1267,N-acetyl-glucosaminitol,TP,light_blue
aPUDE1U/2821,N-acetyl-glucosaminitol,TP,light_blue
aPUDE1U/3283,N-acetyl-galactosamine-6-phosphate,TP,light_blue
aPUDE1U/668,N-acetyl-galactosamine 4-sulfate,TP,light_blue
aPUDE1U/3075,N-acetyl-galactosamine 4-sulfate,TP,light_blue
aPUDE1U/3388,N-acetyl-glucosamine,TP,yellow
aPUDE1U/442,N-acetyl-galactosamine,TP,yellow
aPUDE1U/5670,N-acetyl-glucosamine,TP,light_blue
aPUDE1U/4939,N-acetylcysteine,TP,light_blue
aPUDE1U/3249,N-acetylcysteine,TP,light_blue
aPUDE1U/350,N-acetyl-citrulline,TP,light_blue
aPUDE1U/2649,N-acetylcarnosine,TP,green
aPUDE1U/3859,N-acetyl-Asp-Glu,TP,light_blue
aPUDE1U/4845,N-acetyl-Asp-Glu,TP,light_blue
aPUDE1U/258,N-acetylaspartic acid,TP,light_blue
aPUDE1U/4692,N-acetylasparagine,TP,light_blue
aPUDE1U/3049,N-acetylarginine,TP,light_blue
aPUDE1U/2752,N-acetyl-alanine,TP,light_blue
aPUDE1U/510,N-acetylalanine,TP,light_blue
aPUDE1U/807,N6-succinyl-adenosine,TP,light_blue
aPUDE1U/5270,N6-acetyllysine,TP,light_blue
aPUDE1U/817,N4-acetylsulfamethoxazole,TP,light_blue
aPUDE1U/1190,N4-acetylcytidine,TP,light_blue
aPUDE1U/3159,N2-acetyl-ornithine,TP,light_blue
aPUDE1U/2257,"N2,N2-dimethylguanosine",TP,light_blue
aPUDE1U/4744,N1-methylguanosine,TP,light_blue
aPUDE1U/1388,"N,N'-diacetylcystine",TP,light_blue
aPUDE1U/3418,N(6)-carboxymethyl-lysine,TP,light_blue
aPUDE1U/4876,N(5)-ethyl-glutamine,TP,light_blue
aPUDE1U/637,N-(4-Aminobenzoyl)-glutamic acid,TP,light_blue
aPUDE1U/4341,taurine_minor,TP,light_blue
aPUDE1U/5472,taurine,TP,light_blue
aPUDE1U/416,N-(2-furoyl)glycine,TP,light_blue
aPUDE1U/2400,"N(1),N(8)-bis(coumaroyl)-spermidine",TP,light_blue
aPUDE1U/5393,myristyl sulfate,TP,light_blue
aPUDE1U/5630,myo-inositol,TP,light_blue
aPUDE1U/4866,mycosporine glutaminol,TP,light_blue
aPUDE1U/5076,mycosporine glutaminol,TP,light_blue
aPUDE1U/4670,mycophenolic acid glucuronide,TP,light_blue
aPUDE1U/3337,mycophenolic acid,TP,light_blue
aPUDE1U/4204,monoisobutyl phthalate,TP,light_blue
aPUDE1U/1340,monoethylhexyl phthalic acid_minor,TP,light_blue
aPUDE1U/5130,mono-2-heptyl phthalate,TP,light_blue
aPUDE1U/4257,mianserin 2-Oxide,TP,light_blue
aPUDE1U/4067,MG 9-oxononanoic acid,TP,light_blue
aPUDE1U/4216,Met-Val,TP,light_blue
aPUDE1U/4588,Met-Tyr,TP,light_blue
aPUDE1U/3318,Met-Thr,TP,light_blue
aPUDE1U/2261,Met-Met,TP,light_blue
aPUDE1U/3228,Met-Ile,TP,light_blue
aPUDE1U/3673,methylsuccinic acid,TP,yellow
aPUDE1U/256,glutaric acid,TP,yellow
aPUDE1U/465,methylmalonic acid,TP,light_blue
aPUDE1U/3392,methylhydroquinone,TP,light_blue
aPUDE1U/5504,methylglutaric acid,TP,light_blue
aPUDE1U/645,methyl gallate,TP,light_blue
aPUDE1U/5522,methyl coenzyme M,TP,light_blue
aPUDE1U/5220,methionine-S-oxide,TP,light_blue
aPUDE1U/4944,methanolphosphate,TP,green
aPUDE1U/5413,methanethiosulfonate,TP,green
aPUDE1U/507,Met-Glu,TP,light_blue
aPUDE1U/4248,Met-Gln,TP,pink
aPUDE1U/3164,Met-Asp,TP,light_blue
aPUDE1U/961,Met-Asn,TP,light_blue
aPUDE1U/2344,Met-Arg,TP,light_blue
aPUDE1U/512,metameconine,TP,light_blue
aPUDE1U/881,mesaconic acid,TP,pink
aPUDE1U/2686,meloxicam,TP,light_blue
aPUDE1U/1076,meglumine,TP,light_blue
aPUDE1U/915,mannose 1-phosphate,TP,light_blue
aPUDE1U/3411,manno-heptulose,TP,light_blue
aPUDE1U/1288,mannobiose,TP,light_blue
aPUDE1U/3334,mannitol_too late eluting,TP,light_blue
aPUDE1U/3216,mannitol,TP,green
aPUDE1U/5196,galactitol,TP,green
aPUDE1U/2341,maltotriose,TP,light_blue
aPUDE1U/336,maltotriose,TP,light_blue
aPUDE1U/5736,maltotriose,TP,light_blue
aPUDE1U/3434,raffinose,TP,green
aPUDE1U/4987,maltotetraose,TP,green
aPUDE1U/4697,maltotetraose,TP,green
aPUDE1U/3370,maltotetraose,TP,green
aPUDE1U/440,maltotetraose,TP,green
aPUDE1U/1234,maltitol,TP,green
aPUDE1U/1230,maltitol,TP,green
aPUDE1U/146,maltitol,TP,green
aPUDE1U/474,maltitol,TP,green
aPUDE1U/466,maltitol,TP,green
aPUDE1U/785,malonic acid,TP,light_blue
aPUDE1U/3412,malonic acid,TP,light_blue
aPUDE1U/3750,malic acid_peak cluster end,TP,light_blue
aPUDE1U/598,malic acid,TP,green
aPUDE1U/2721,malic acid a,TP,green
aPUDE1U/3098,malic acid,TP,green
aPUDE1U/2455,malic acid 01,TP,light_blue
aPUDE1U/2915,malic acid,TP,green
aPUDE1U/5277,malic acid_peak cluster,TP,green
aPUDE1U/5955,malic acid,TP,light_blue
aPUDE1U/2230,Lys-Ser,TP,light_blue
aPUDE1U/4557,Lys-Pro,TP,light_blue
aPUDE1U/3332,Lys-Lys,TP,light_blue
aPUDE1U/515,Lys-Ile,TP,light_blue
aPUDE1U/5971,Lys-Glu,TP,light_blue
aPUDE1U/3447,Lys-Asn,TP,light_blue
aPUDE1U/5454,Lys-Ala,TP,light_blue
aPUDE1U/5445,LPS 25:0,TP,light_blue
aPUDE1U/2249,LPS 24:1,TP,light_blue
aPUDE1U/1324,LPS 24:0,TP,light_blue
aPUDE1U/906,LPS 23:0,TP,light_blue
aPUDE1U/3345,LPS 22:1,TP,light_blue
aPUDE1U/303,LPS 22:0,TP,light_blue
aPUDE1U/3261,LPS 20:4,TP,light_blue
aPUDE1U/5121,LPS 20:3,TP,light_blue
aPUDE1U/3459,LPS 20:1,TP,light_blue
aPUDE1U/3309,LPS 20:0,TP,light_blue
aPUDE1U/3562,LPS 18:2,TP,light_blue
aPUDE1U/1321,LPS 18:1,TP,light_blue
aPUDE1U/3451,LPS 18:1,TP,light_blue
aPUDE1U/3346,LPS 18:0,TP,light_blue
aPUDE1U/3310,LPS 16:0,TP,light_blue
aPUDE1U/3311,LPI 20:4,TP,light_blue
aPUDE1U/3302,LPI 18:2,TP,light_blue
aPUDE1U/3329,LPI 18:1,TP,light_blue
aPUDE1U/5448,LPI 18:0,TP,light_blue
aPUDE1U/5479,LPI 16:0,TP,light_blue
aPUDE1U/5137,LPG O-16:1,TP,light_blue
aPUDE1U/882,LPG 18:2,TP,light_blue
aPUDE1U/3812,LPG 18:1,TP,light_blue
aPUDE1U/5500,LPG 18:0,TP,light_blue
aPUDE1U/3561,LPG 17:1,TP,light_blue
aPUDE1U/3243,LPG 16:0,TP,light_blue
aPUDE1U/307,LPE O-20:0 a,TP,light_blue
aPUDE1U/3297,LPE O-18:3,TP,light_blue
aPUDE1U/3131,LPE O-18:2,TP,light_blue
aPUDE1U/1661,LPE O-18:0,TP,light_blue
aPUDE1U/3298,LPE O-16:1,TP,light_blue
aPUDE1U/4211,LPE O-16:0,TP,light_blue
aPUDE1U/2707,LPE 22:6,TP,light_blue
aPUDE1U/3537,LPE 20:4,TP,light_blue
aPUDE1U/5350,LPE 18:2,TP,light_blue
aPUDE1U/4009,LPE 18:1,TP,light_blue
aPUDE1U/3774,LPE 18:1,TP,light_blue
aPUDE1U/2894,LPE 18:0 a,TP,light_blue
aPUDE1U/1942,LPE 16:1,TP,light_blue
aPUDE1U/1193,LPE 16:0,TP,light_blue
aPUDE1U/3481,LPE 15:0,TP,light_blue
aPUDE1U/4205,LPC P-16:0,TP,light_blue
aPUDE1U/3976,LPC O-16:0,TP,light_blue
aPUDE1U/3529,LPC 20:4,TP,light_blue
aPUDE1U/3927,LPC 18:2,TP,light_blue
aPUDE1U/3764,LPC 18:1,TP,light_blue
aPUDE1U/2792,LPC 18:0,TP,light_blue
aPUDE1U/3338,LPC 17:0,TP,light_blue
aPUDE1U/1465,LPC 16:1,TP,light_blue
aPUDE1U/5214,LPC 16:0,TP,light_blue
aPUDE1U/3123,LPC 15:0,TP,light_blue
aPUDE1U/291,LPC 14:0,TP,light_blue
aPUDE1U/3966,LPA O-18:0,TP,pink
aPUDE1U/5141,LPA 24:0,TP,light_blue
aPUDE1U/508,LPA 20:4,TP,light_blue
aPUDE1U/5142,LPA 18:2,TP,light_blue
aPUDE1U/5140,LPA 18:1,TP,light_blue
aPUDE1U/1322,LPA 18:1,TP,light_blue
aPUDE1U/1323,LPA 18:0 b,TP,light_blue
aPUDE1U/5139,LPA 18:0 a,TP,light_blue
aPUDE1U/3460,LPA 18:0,TP,light_blue
aPUDE1U/5444,LPA 16:0,TP,light_blue
aPUDE1U/4925,losartan carboxylic acid,TP,light_blue
aPUDE1U/493,losartan,TP,light_blue
aPUDE1U/966,lithocholylglycine,TP,yellow
aPUDE1U/4117,"lithocholic acid, glycine-",TP,yellow
aPUDE1U/3368,lithocholic acid sulfate,TP,light_blue
aPUDE1U/4310,levulinic acid,TP,light_blue
aPUDE1U/5840,levoglucosan,TP,light_blue
aPUDE1U/2382,Leu-Val,TP,light_blue
aPUDE1U/697,Leu-Thr,TP,light_blue
aPUDE1U/3925,Leu-Phe,TP,light_blue
aPUDE1U/3095,Leu-Leu-Leu,TP,light_blue
aPUDE1U/3709,Leu-Ile,TP,light_blue
aPUDE1U/4368,Leu-Gly-Leu,TP,light_blue
aPUDE1U/1048,Leu-Gln,TP,light_blue
aPUDE1U/3710,leucinic acid,TP,light_blue
aPUDE1U/1421,Leu-Asp,TP,light_blue
aPUDE1U/3957,Leu-Asn,TP,light_blue
aPUDE1U/3449,Leu-Arg,TP,light_blue
aPUDE1U/3799,leflunomide,TP,light_blue
aPUDE1U/3798,leflunomide,TP,light_blue
aPUDE1U/3336,laurylsulfuric acid,TP,green
aPUDE1U/5087,lauric acid sulfate,TP,green
aPUDE1U/3264,Lauric acid,TP,light_blue
aPUDE1U/332,lactulose,TP,light_blue
aPUDE1U/891,lactulose,TP,light_blue
aPUDE1U/2342,lactose,TP,light_blue
aPUDE1U/5483,lacto-N-biose,TP,light_blue
aPUDE1U/4600,lacto-N-biose,TP,light_blue
aPUDE1U/5029,lactobionic acid,TP,light_blue
aPUDE1U/475,lactic acid_broad overloaded peak,TP,light_blue
aPUDE1U/851,"quinoline-2,8-diol",TP,light_blue
aPUDE1U/528,jasmonate sulfate,TP,light_blue
aPUDE1U/3910,valsartan,TP,light_blue
aPUDE1U/4181,isovalerylglycine,TP,light_blue
aPUDE1U/3221,uridine,TP,light_blue
aPUDE1U/210,sulfocholic acid,TP,light_blue
aPUDE1U/5507,isorhamnetin,TP,light_blue
aPUDE1U/2610,isophthalic acid,TP,light_blue
aPUDE1U/4069,isonicotinylglycine,TP,pink
aPUDE1U/5047,isomaltose,TP,light_blue
aPUDE1U/3913,isoglutamine,TP,light_blue
aPUDE1U/3188,isoferulic acid 3-O-glucuronide,TP,light_blue
aPUDE1U/4792,isocitric acid,TP,yellow
aPUDE1U/1301,isocitric acid,TP,yellow
aPUDE1U/1157,isocholic acid,TP,green
aPUDE1U/1851,isocholic acid,TP,green
aPUDE1U/4983,vitamin C,TP,light_blue
aPUDE1U/2360,isethionic acid,TP,light_blue
aPUDE1U/632,irbesartan,TP,green
aPUDE1U/3067,irbesartan,TP,green
aPUDE1U/3208,iopromide,TP,green
aPUDE1U/1357,iopromide,TP,green
aPUDE1U/3902,iopamidol,TP,green
aPUDE1U/3892,Iopamidol,TP,green
aPUDE1U/3135,"inositol-2,4-diphosphate",TP,light_blue
aPUDE1U/3986,inosine 5-monophosphate,TP,light_blue
aPUDE1U/681,inosine,TP,green
aPUDE1U/5119,inosine,TP,green
aPUDE1U/4902,inodxyl glucuronide,TP,light_blue
aPUDE1U/5650,indoxyl sulfate,TP,green
aPUDE1U/5960,indoxyl sulfate,TP,green
aPUDE1U/4370,indoxyl sulfate,TP,yellow
aPUDE1U/5041,indoleacetyl glutamine,TP,light_blue
aPUDE1U/2771,indole-3-lactic acid,TP,light_blue
aPUDE1U/549,"indole-3-acetic acid, 2,3-dihydro-3-hydroxy-2-oxo-",TP,light_blue
aPUDE1U/3888,indole-3-acetate-2-sulfonate,TP,light_blue
aPUDE1U/5420,IMP,TP,light_blue
aPUDE1U/748,imidazolepropionic acid,TP,green
aPUDE1U/3861,imidazolepropionic acid,TP,green
aPUDE1U/3940,Ile-Tyr,TP,light_blue
aPUDE1U/3348,Ile-Trp,TP,light_blue
aPUDE1U/988,Ile-Pro-Ile,TP,light_blue
aPUDE1U/5426,Ile-Met,TP,light_blue
aPUDE1U/5071,Ile-Lys,TP,light_blue
aPUDE1U/3059,Ile-Ile,TP,light_blue
aPUDE1U/3939,Ile-Ile,TP,light_blue
aPUDE1U/2965,Ile-His,TP,light_blue
aPUDE1U/5062,ibuprofen-glucuronide b,TP,yellow
aPUDE1U/1287,ibuprofen-glucuronide,TP,yellow
aPUDE1U/4966,hypoxanthine_major,TP,yellow
aPUDE1U/4632,hypoxanthine,TP,yellow
aPUDE1U/3616,hypoxanthine,TP,yellow
aPUDE1U/945,hypotaurine,TP,pink
aPUDE1U/3173,hydroxytriamterene sulfate,TP,light_blue
aPUDE1U/3212,hydroxykynurenine,TP,light_blue
aPUDE1U/4826,hydroxydehydro nifedipine carboxylic acid,TP,light_blue
aPUDE1U/5060,hydroxydehydro nifedipine carboxylic acid,TP,light_blue
aPUDE1U/4610,hydroxycitric acid lactone,TP,light_blue
aPUDE1U/4793,homovanillic acid sulfate,TP,light_blue
aPUDE1U/2616,homovanillic acid sulfate,TP,light_blue
aPUDE1U/2619,homocitrulline,TP,light_blue
aPUDE1U/438,homocarnosine,TP,light_blue
aPUDE1U/1093,His-Val,TP,light_blue
aPUDE1U/3284,histidine,TP,light_blue
aPUDE1U/2512,histidine,TP,light_blue
aPUDE1U/726,His-Thr,TP,light_blue
aPUDE1U/3382,His-Pro,TP,light_blue
aPUDE1U/4026,His-Met,TP,light_blue
aPUDE1U/2643,His-Ile,TP,light_blue
aPUDE1U/3160,His-Gly,TP,light_blue
aPUDE1U/4258,His-Glu,TP,light_blue
aPUDE1U/1980,His-Asp,TP,light_blue
aPUDE1U/5510,His-Asn,TP,light_blue
aPUDE1U/954,hippuric acid_major,TP,green
aPUDE1U/1372,hippuric acid,TP,green
aPUDE1U/5347,hippuric acid,TP,green
aPUDE1U/1063,glucuronic acid,TP,pink
aPUDE1U/4903,hexose b,TP,light_blue
aPUDE1U/3432,hexose,TP,light_blue
aPUDE1U/333,hexanoylglycine,TP,light_blue
aPUDE1U/1112,hexadecanedioic acid,TP,light_blue
aPUDE1U/5459,hesperidin b,TP,light_blue
aPUDE1U/297,hesperidin,TP,light_blue
aPUDE1U/3880,HEPES buffer,TP,green
aPUDE1U/3879,HEPES buffer,TP,green
aPUDE1U/2593,harmol,TP,light_blue
aPUDE1U/4202,hannokinol_minor,TP,yellow
aPUDE1U/5364,hannokinol,TP,yellow
aPUDE1U/3993,hannokinol,TP,yellow
aPUDE1U/3324,gulonolactone,TP,green
aPUDE1U/426,gluconic acid,TP,green
aPUDE1U/5236,gulonic acid c,TP,light_blue
aPUDE1U/5719,gulonic acid,TP,light_blue
aPUDE1U/5268,guanosine,TP,green
aPUDE1U/2422,guanosine,TP,green
aPUDE1U/1310,guanine,TP,green
aPUDE1U/1309,guanine,TP,light_blue
aPUDE1U/4028,guanidinosuccinic acid,TP,light_blue
aPUDE1U/3670,guanidinopropionic acid,TP,light_blue
aPUDE1U/3981,gualenic acid,TP,light_blue
aPUDE1U/5378,guaiacol sulfate,TP,light_blue
aPUDE1U/4852,GMP,TP,light_blue
aPUDE1U/517,Gly-Val,TP,light_blue
aPUDE1U/4856,Gly-Tyr-Ala,TP,light_blue
aPUDE1U/4120,Gly-Thr,TP,light_blue
aPUDE1U/2518,Gly-Phe,TP,light_blue
aPUDE1U/5193,Gly-Met,TP,light_blue
aPUDE1U/1378,Gly-Lys,TP,light_blue
aPUDE1U/3258,Gly-His,TP,light_blue
aPUDE1U/3340,Gly-Gly-Val,TP,light_blue
aPUDE1U/4800,Gly-Gly-Gly-Gly-Gly-Gly,TP,light_blue
aPUDE1U/353,Gly-Gly,TP,light_blue
aPUDE1U/344,Gly-Gln,TP,light_blue
aPUDE1U/2572,glycochenodeoxycholic acid,TP,light_blue
aPUDE1U/903,glycolic acid,TP,light_blue
aPUDE1U/4360,glycocholic acid,TP,light_blue
aPUDE1U/2671,glycodeoxycholic acid 3-sulfate,TP,light_blue
aPUDE1U/4830,glycocholic acid,TP,light_blue
aPUDE1U/2776,glycocholic acid,TP,light_blue
aPUDE1U/5394,glycochenodeoxycholic acid,TP,green
aPUDE1U/3050,glycochenodeoxycholic acid,TP,green
aPUDE1U/3153,"glycine, 06:0 amide",TP,light_blue
aPUDE1U/3154,"glycine, 06:0 amide",TP,light_blue
aPUDE1U/4197,glycerol-phosphate_minor,TP,yellow
aPUDE1U/3025,glycerol-3-phosphate,TP,yellow
aPUDE1U/5045,glycero-3-phosphate,TP,yellow
aPUDE1U/4134,glycerol-2-phosphate,TP,yellow
aPUDE1U/2729,glyceric acid,TP,light_blue
aPUDE1U/1019,Gly-Asp,TP,light_blue
aPUDE1U/3155,Gly-Asn,TP,light_blue
aPUDE1U/3143,Gly-Arg,TP,light_blue
aPUDE1U/1399,Gly Leu Phe,TP,light_blue
aPUDE1U/3167,Glu-Val,TP,light_blue
aPUDE1U/761,Glu-Thr,TP,light_blue
aPUDE1U/3223,"glutathione, S-lactoyl-",TP,green
aPUDE1U/5322,"glutathione, S-lactoyl-",TP,green
aPUDE1U/3251,"glutathione, S-acetate",TP,light_blue
aPUDE1U/1123,"glutathione, S-2-succinyl",TP,light_blue
aPUDE1U/4124,"glutathione, S-(2-carboxypropyl)-",TP,light_blue
aPUDE1U/4745,"glutathione, reduced_minor 02",TP,light_blue
aPUDE1U/1305,"glutathione, reduced",TP,green
aPUDE1U/4787,"glutathione, reduced",TP,green
aPUDE1U/845,"glutathione, reduced",TP,green
aPUDE1U/5217,"glutathione, oxidized (here with cysteine- and cysteine-loss)",TP,green
aPUDE1U/1432,"glutathione, oxidized",TP,green
aPUDE1U/4152,"glutathione, oxidized",TP,green
aPUDE1U/1195,Glutaric acid,TP,yellow
aPUDE1U/5252,glutaric acid,TP,yellow
aPUDE1U/4668,glutaramic acid,TP,light_blue
aPUDE1U/5039,"glutamine, N-(2-sulfoethyl)-",TP,light_blue
aPUDE1U/458,glutamine,TP,yellow
aPUDE1U/2885,glutamine,TP,yellow
aPUDE1U/2322,glutamine,TP,green
aPUDE1U/445,glutamic acid,TP,light_blue
aPUDE1U/5128,Ser-Glu,TP,light_blue
aPUDE1U/4141,Glu-Gly-Glu,TP,light_blue
aPUDE1U/3146,Glu-Gly,TP,light_blue
aPUDE1U/1420,Glu-Glu,TP,light_blue
aPUDE1U/1065,glucuronic acid,TP,yellow
aPUDE1U/4647,glucuronic acid,TP,yellow
aPUDE1U/548,glucose,TP,light_blue
aPUDE1U/3252,hexose 6-phosphate,TP,yellow
aPUDE1U/4190,glucose-1-phosphate,TP,light_blue
aPUDE1U/4048,glucose 6-phosphate,TP,green
aPUDE1U/3257,glucose-6-phosphate major,TP,green
aPUDE1U/4949,glucosaminic acid,TP,light_blue
aPUDE1U/3102,glucosamine 6-phosphate ,TP,light_blue
aPUDE1U/4135,glucosamine 1-phosphate,TP,light_blue
aPUDE1U/3291,glucooctanoic-lactone,TP,light_blue
aPUDE1U/542,glucooctanoic gamma-lactone,TP,light_blue
aPUDE1U/4659,gluconolactone,TP,green
aPUDE1U/4328,gulonolactone,TP,yellow
aPUDE1U/2676,gulonic acid,TP,yellow
aPUDE1U/3857,tetraconazole,TP,yellow
aPUDE1U/773,gluconic acid,TP,yellow
aPUDE1U/4003,glucoheptonic acid,TP,light_blue
aPUDE1U/3369,glucaric acid,TP,light_blue
aPUDE1U/5386,Glu-Asp,TP,light_blue
aPUDE1U/5496,Glu-Asn,TP,light_blue
aPUDE1U/5213,Glu-Arg,TP,light_blue
aPUDE1U/2595,Gln-Val,TP,light_blue
aPUDE1U/1331,Gln-Thr,TP,light_blue
aPUDE1U/483,Gln-Pro,TP,light_blue
aPUDE1U/3930,Gln-Phe,TP,light_blue
aPUDE1U/3139,Gln-Lys,TP,light_blue
aPUDE1U/744,Gln-Ile,TP,light_blue
aPUDE1U/3108,Gln-Gly-Gln,TP,light_blue
aPUDE1U/525,Gln-Gly,TP,light_blue
aPUDE1U/5113,Gln-Glu,TP,light_blue
aPUDE1U/4957,Gln-Gln,TP,light_blue
aPUDE1U/749,Gln-Asp,TP,light_blue
aPUDE1U/2464,Gln-Asn,TP,light_blue
aPUDE1U/896,Gln-Ala,TP,light_blue
aPUDE1U/5003,glipizide,TP,light_blue
aPUDE1U/3232,gliclazide,TP,light_blue
aPUDE1U/292,Glcnac6P,TP,light_blue
aPUDE1U/446,ginkgolic acid,TP,light_blue
aPUDE1U/5506,gentisic acid a,TP,light_blue
aPUDE1U/3386,gentisic acid,TP,light_blue
aPUDE1U/4881,genistein-4'-glucuronide,TP,light_blue
aPUDE1U/3175,genistein,TP,light_blue
aPUDE1U/3299,GDP,TP,light_blue
aPUDE1U/4025,gamma-glutamylleucine,TP,light_blue
aPUDE1U/2699,gamma-Glu-Phe,TP,yellow
aPUDE1U/3919,gamma-Glu-Phe,TP,yellow
aPUDE1U/5305,gamma-Glu-Leu,TP,light_blue
aPUDE1U/2279,gamma-Glu-Gly,TP,yellow
aPUDE1U/674,gamma-Glu-Gly,TP,yellow
aPUDE1U/2605,gamma-Glu-Glu,TP,light_blue
aPUDE1U/4951,gamma-Glu-epsilon-Lys,TP,light_blue
aPUDE1U/5256,gamma-Glu-Ala,TP,light_blue
aPUDE1U/3276,gamma-Glu Met,TP,light_blue
aPUDE1U/4053,gamma-Glu Gln,TP,light_blue
aPUDE1U/4848,gallic acid,TP,yellow
aPUDE1U/3168,gallic acid,TP,green
aPUDE1U/4156,gallic acid,TP,green
aPUDE1U/2376,gallic acid,TP,yellow
aPUDE1U/2411,galacturonic acid,TP,light_blue
aPUDE1U/5908,hexose,TP,light_blue
aPUDE1U/473,galacto-N-biose,TP,green
aPUDE1U/4705,galacto-N-biose,TP,green
aPUDE1U/1023,galacto-N-biose,TP,yellow
aPUDE1U/4703,galacto-N-biose,TP,yellow
aPUDE1U/5226,galactitol b,TP,light_blue
aPUDE1U/1270,galactinol,TP,light_blue
aPUDE1U/1017,galactaric acid,TP,yellow
aPUDE1U/5437,galactaric acid,TP,yellow
aPUDE1U/3565,furosemide,TP,light_blue
aPUDE1U/1006,maleic acid,TP,light_blue
aPUDE1U/3979,fucose 1-phosphate,TP,green
aPUDE1U/5361,fucose 1-phosphate,TP,green
aPUDE1U/3968,Fucose 1-phosphate,TP,light_blue
aPUDE1U/3057,hexose 6-phosphate,TP,light_blue
aPUDE1U/3126,GAP,TP,yellow
aPUDE1U/3103,"fructose-1,6-bisphosphate",TP,yellow
aPUDE1U/5907,fructose,TP,green
aPUDE1U/3429,fructose,TP,green
aPUDE1U/4891,psicose,TP,yellow
aPUDE1U/5417,fructose,TP,green
aPUDE1U/883,fructose,TP,green
aPUDE1U/3612,flufenamic acid,TP,light_blue
aPUDE1U/4378,fludioxonil,TP,light_blue
aPUDE1U/4440,fluconazole,TP,green
aPUDE1U/3347,fluconazole,TP,green
aPUDE1U/3811,flucloxacillin,TP,yellow
aPUDE1U/3826,flucloxacillin,TP,yellow
aPUDE1U/268,flucloxacillin,TP,green
aPUDE1U/3827,flucloxacillin,TP,green
aPUDE1U/4616,fexofenadine_delta RTpred -31s,TP,light_blue
aPUDE1U/3089,fenofibric acid,TP,green
aPUDE1U/957,fenofibric acid,TP,green
aPUDE1U/3090,fenofibric acid,TP,green
aPUDE1U/3080,FAHFA 28:1,TP,light_blue
aPUDE1U/254,FAHFA 28:0,TP,light_blue
aPUDE1U/868,FAHFA 26:0,TP,light_blue
aPUDE1U/4728,FAHFA 25:0,TP,light_blue
aPUDE1U/4686,FAHFA 24:0,TP,light_blue
aPUDE1U/305,FAD,TP,light_blue
aPUDE1U/4663,etodolac_minor,TP,green
aPUDE1U/959,etodolac,TP,green
aPUDE1U/4442,ethylparaben,TP,light_blue
aPUDE1U/1356,ethyl 3-iodo-1H-indole-2-carboxylate,TP,light_blue
aPUDE1U/5750,ethyl 1H-indazole-5-carboxylate,TP,light_blue
aPUDE1U/2938,ethanol sulfate,TP,light_blue
aPUDE1U/1047,ethanesulfonic acid,TP,light_blue
aPUDE1U/4218,estrone 3-sulfate,TP,light_blue
aPUDE1U/5221,erythrose-4-phosphate,TP,yellow
aPUDE1U/936,erythrose 4-phosphate,TP,yellow
aPUDE1U/4819,erythrose 4-phosphate,TP,yellow
aPUDE1U/1409,erythrose,TP,light_blue
aPUDE1U/1377,succinic acid,TP,light_blue
aPUDE1U/2803,erythronic acid,TP,light_blue
aPUDE1U/5129,erythritol 4-phosphate,TP,light_blue
aPUDE1U/5227,ergothioneine,TP,light_blue
aPUDE1U/2267,hydroxycitric acid lactone,TP,light_blue
aPUDE1U/4594,enterolactone,TP,light_blue
aPUDE1U/5015,EDTA_minor,TP,light_blue
aPUDE1U/4960,EDTA b,TP,light_blue
aPUDE1U/2892,EDTA,TP,light_blue
aPUDE1U/5012,EDTA,TP,light_blue
aPUDE1U/3416,doxycycline,TP,light_blue
aPUDE1U/4861,doxifluridine,TP,light_blue
aPUDE1U/2299,dopamine-4-glucuronide,TP,light_blue
aPUDE1U/3884,dodecylbenzenesulfonic acid,TP,light_blue
aPUDE1U/2797,docusate,TP,pink
aPUDE1U/2715,disaccharide,TP,light_blue
aPUDE1U/3265,diprotin B,TP,light_blue
aPUDE1U/5303,diprotin B,TP,light_blue
aPUDE1U/2647,diphenylmethoxyacetic acid,TP,light_blue
aPUDE1U/3280,dimethyl-phosphate,TP,light_blue
aPUDE1U/3766,"dimethylarginine, symmetric",TP,yellow
aPUDE1U/3393,dimethylarginine,TP,yellow
aPUDE1U/713,dimethyl pyrophosphate,TP,light_blue
aPUDE1U/455,dihydroxyacetone phosphate,TP,light_blue
aPUDE1U/4247,dihydroferulic acid 4-sulfate,TP,light_blue
aPUDE1U/3377,dihydroferulic acid 4-glucuronide,TP,light_blue
aPUDE1U/729,dihydrocaffeic acid 3-glucuronide,TP,light_blue
aPUDE1U/1254,dihydrocaffeic acid,TP,yellow
aPUDE1U/470,dihydrocaffeic acid,TP,yellow
aPUDE1U/1020,digalacturonic acid,TP,light_blue
aPUDE1U/1121,diflunisal_minor b,TP,green
aPUDE1U/3293,diflunisal_minor b,TP,green
aPUDE1U/1898,diflunisal_minor,TP,yellow
aPUDE1U/1910,diflunisal_low abundant peak a,TP,yellow
aPUDE1U/3383,diflunisal,TP,green
aPUDE1U/2530,diflunisal,TP,green
aPUDE1U/5369,di-tert-butyl-phosphate,TP,light_blue
aPUDE1U/4203,di-tert-butyl-phosphate,TP,light_blue
aPUDE1U/5057,dihydrouracil,TP,green
aPUDE1U/5526,erythrose,TP,pink
aPUDE1U/591,DL-2-Hydroxyvaleric acid,TP,light_blue
aPUDE1U/402,chlorzoxazone,TP,light_blue
aPUDE1U/2323,aciclovir,TP,light_blue
aPUDE1U/974,actinoquinol,TP,light_blue
aPUDE1U/432,acyclovir,TP,light_blue
aPUDE1U/5319,adenine,TP,light_blue
aPUDE1U/5080,adenosine,TP,light_blue
aPUDE1U/2964,adenosine 5-monophosphate,TP,light_blue
aPUDE1U/924,adenosine 5'-phosphosulfate,TP,light_blue
aPUDE1U/4061,adenylosuccinic acid,TP,green
aPUDE1U/3132,adenylo-succinic acid,TP,green
aPUDE1U/3097,adenylyl-cytidine,TP,light_blue
aPUDE1U/1312,adipic acid,TP,light_blue
aPUDE1U/4227,ADP,TP,light_blue
aPUDE1U/3289,ADP glucose,TP,light_blue
aPUDE1U/308,ADP ribose,TP,light_blue
aPUDE1U/3288,ADP-ribose,TP,light_blue
aPUDE1U/2525,Ala-Ala,TP,light_blue
aPUDE1U/259,Ala-Ala-Ala,TP,light_blue
aPUDE1U/4110,Ala-Arg,TP,light_blue
aPUDE1U/2527,Ala-Asp,TP,yellow
aPUDE1U/469,Ala-Asp,TP,yellow
aPUDE1U/4890,Ala-Asp a,TP,yellow
aPUDE1U/1049,Ala-Gln,TP,light_blue
aPUDE1U/3634,Ala-Glu,TP,light_blue
aPUDE1U/3303,Ala-Gly,TP,light_blue
aPUDE1U/520,Ala-Leu,TP,light_blue
aPUDE1U/3244,alanyl-alanine,TP,light_blue
aPUDE1U/257,Ala-Phe,TP,light_blue
aPUDE1U/419,Ala-Ser,TP,light_blue
aPUDE1U/2869,Ala-Thr,TP,light_blue
aPUDE1U/3678,Ala-Tyr,TP,light_blue
aPUDE1U/1220,allantoin,TP,light_blue
aPUDE1U/2952,allopregnanolone sulfate,TP,light_blue
aPUDE1U/4367,allopurinol riboside,TP,light_blue
aPUDE1U/849,alpha-aminoadipic acid,TP,light_blue
aPUDE1U/662,alpha-cyano-4-hydroxycinnamate,TP,light_blue
aPUDE1U/536,aminooxyacetic acid,TP,light_blue
aPUDE1U/4044,ammelide,TP,light_blue
aPUDE1U/1687,AMP,TP,light_blue
aPUDE1U/3163,anacardic acid C15:3,TP,light_blue
aPUDE1U/4633,androsterone 3-glucuronide,TP,light_blue
aPUDE1U/4640,anserine,TP,green
aPUDE1U/4897,anserine,TP,green
aPUDE1U/4509,apigenin 7-sulfate,TP,light_blue
aPUDE1U/2401,apigenin-7-O-glucoside,TP,light_blue
aPUDE1U/490,arabinitol,TP,light_blue
aPUDE1U/3010,xylonic acid,TP,light_blue
aPUDE1U/5194,arabinonic acid,TP,light_blue
aPUDE1U/3840,arabinose,TP,light_blue
aPUDE1U/5125,Arg-Gln,TP,light_blue
aPUDE1U/1056,arginine,TP,green
aPUDE1U/2288,arginine,TP,green
aPUDE1U/5684,arginine,TP,yellow
aPUDE1U/1283,arginine,TP,green
aPUDE1U/5138,arginine,TP,green
aPUDE1U/3729,arginine,TP,yellow
aPUDE1U/4041,arginino-succinic acid,TP,light_blue
aPUDE1U/1948,Arg-Pro,TP,light_blue
aPUDE1U/3653,ascorbic acid,TP,light_blue
aPUDE1U/4961,Asn-Ala,TP,light_blue
aPUDE1U/2469,Asn-Asn,TP,light_blue
aPUDE1U/1235,Asn-Asp,TP,light_blue
aPUDE1U/266,Asn-Ile,TP,light_blue
aPUDE1U/3053,Asn-Met,TP,light_blue
aPUDE1U/4533,Asn-Pro,TP,light_blue
aPUDE1U/5075,Asn-Thr,TP,light_blue
aPUDE1U/3389,Asn-Val,TP,light_blue
aPUDE1U/1313,asparagine,TP,light_blue
aPUDE1U/4831,asparagine,TP,light_blue
aPUDE1U/4761,aspartic acid,TP,light_blue
aPUDE1U/3263,aspartylglycosamine,TP,light_blue
aPUDE1U/932,Asp-Asn,TP,light_blue
aPUDE1U/3218,Asp-Asp,TP,light_blue
aPUDE1U/2340,Asp-Glu,TP,light_blue
aPUDE1U/3471,Asp-Gly-Asp,TP,light_blue
aPUDE1U/3758,Asp-Leu,TP,light_blue
aPUDE1U/704,Asp-Lys,TP,light_blue
aPUDE1U/3543,Asp-Ser,TP,light_blue
aPUDE1U/199,Asp-Trp,TP,light_blue
aPUDE1U/3342,Asp-Val,TP,light_blue
aPUDE1U/4621,ATP,TP,light_blue
aPUDE1U/481,atractyligenin-2-glycoside,TP,light_blue
aPUDE1U/2728,azelaic acid_minor,TP,light_blue
aPUDE1U/4695,"barbituric acid, 5-salicylidene-2-thio-",TP,light_blue
aPUDE1U/3279,"benzene-1,2,4-triol",TP,pink
aPUDE1U/1202,benzenesulfonic acid,TP,other
aPUDE1U/1205,benzenesulfonic acid,TP,other
aPUDE1U/5462,"benzenesulfonic acid, 4-amino-5-methoxy-2-methyl-",TP,light_blue
aPUDE1U/261,"benzenesulfonic acid, decyl-",TP,light_blue
aPUDE1U/3174,benzo[e]indole-2-carboxylic acid,TP,light_blue
aPUDE1U/4673,benzothiazole-2-sulfonic acid,TP,light_blue
aPUDE1U/3149,benzoylmalic acid,TP,light_blue
aPUDE1U/5049,beta-1-6-galactobiose,TP,light_blue
aPUDE1U/3639,beta-Alanine,TP,light_blue
aPUDE1U/452,beta-cyano-alanine,TP,light_blue
aPUDE1U/554,beta-hydroxyisovaleric acid,TP,light_blue
aPUDE1U/2248,"beta-murocholic acid, alanine-",TP,light_blue
aPUDE1U/5066,beta-sitosteryl sulfate,TP,light_blue
aPUDE1U/5433,bilirubin,TP,light_blue
aPUDE1U/4319,"bis(2,4-di-tert-butylphenylphosphate",TP,light_blue
aPUDE1U/3961,bisdemethoxycurcumin,TP,light_blue
aPUDE1U/836,bis-ferulamidobutane,TP,light_blue
aPUDE1U/2678,C10-LAS,TP,green
aPUDE1U/454,caffeic acid,TP,light_blue
aPUDE1U/4068,caffeic acid hexoside,TP,light_blue
aPUDE1U/3960,caftaric acid,TP,light_blue
aPUDE1U/3437,cannabidiolic acid,TP,light_blue
aPUDE1U/243,canrenone,TP,light_blue
aPUDE1U/1115,canrenone,TP,light_blue
aPUDE1U/5289,capecitabine,TP,light_blue
aPUDE1U/3724,captopril,TP,light_blue
aPUDE1U/5274, chlorhexidine,TP,light_blue
aPUDE1U/5671, chlorhexidine,TP,light_blue
aPUDE1U/4356,carboxyibuprofen,TP,light_blue
aPUDE1U/3217,carcinine,TP,light_blue
aPUDE1U/3269,carmofur,TP,pink
aPUDE1U/5476,carnosine,TP,light_blue
aPUDE1U/3424,carzenide,TP,light_blue
aPUDE1U/4223,CDP,TP,light_blue
aPUDE1U/5216,CDP ethanolamine,TP,light_blue
aPUDE1U/3350,celecoxib,TP,light_blue
aPUDE1U/2433,celecoxib carboxylic acid,TP,light_blue
aPUDE1U/1062,cellobiose,TP,light_blue
aPUDE1U/5048,cellobiose,TP,light_blue
aPUDE1U/4874,cephalexin,TP,light_blue
aPUDE1U/4059,cerebril,TP,light_blue
aPUDE1U/2557,cetyl sulfate,TP,light_blue
aPUDE1U/2764,cGMP,TP,light_blue
aPUDE1U/3482,chloramphenicol,TP,pink
aPUDE1U/5285,chlorhexidine base,TP,light_blue
aPUDE1U/3068,chlorogenic acid,TP,light_blue
aPUDE1U/237,chlorogenic acid,TP,light_blue
aPUDE1U/2943,cholesterol sulfate,TP,light_blue
aPUDE1U/4654,cholic acid,TP,light_blue
aPUDE1U/328,"cholic acid, tyrosine-",TP,light_blue
aPUDE1U/3749,cimetidine,TP,light_blue
aPUDE1U/968,cinnamoylglycine,TP,light_blue
aPUDE1U/4040,cis-4-hydroxyproline,TP,light_blue
aPUDE1U/4536,cis-aconitic acid,TP,green
aPUDE1U/2562,cis-aconitic acid,TP,green
aPUDE1U/4282,cis-epoxysuccinic acid,TP,light_blue
aPUDE1U/220,cis-homoaconitic acid,TP,light_blue
aPUDE1U/5446,cis-tiliroside,TP,light_blue
aPUDE1U/4008,citicoline,TP,green
aPUDE1U/5224,citicoline,TP,green
aPUDE1U/3669,itaconic acid,TP,pink
aPUDE1U/4015,citramalic acid_major,TP,light_blue
aPUDE1U/1407,citramalic acid_peak cluster main peak,TP,light_blue
aPUDE1U/1354,citric acid,TP,light_blue
aPUDE1U/964,citric acid a,TP,light_blue
aPUDE1U/2853,citric acid b,TP,light_blue
aPUDE1U/963,citric acid c,TP,light_blue
aPUDE1U/2845,citric acid d,TP,light_blue
aPUDE1U/3725,citrulline,TP,green
aPUDE1U/4998,citrulline,TP,green
aPUDE1U/2388,coniochaetone K,TP,light_blue
aPUDE1U/1460,CMP,TP,light_blue
aPUDE1U/3977,CMP Neu5Ac,TP,light_blue
aPUDE1U/5082,CMPF,TP,green
aPUDE1U/5083,CMPF,TP,green
aPUDE1U/299,CoA,TP,green
aPUDE1U/4006,CoA,TP,green
aPUDE1U/3127,CoA 02:0,TP,light_blue
aPUDE1U/4002,CoA 06:0,TP,light_blue
aPUDE1U/4236,CoA 06:0,TP,light_blue
aPUDE1U/3294,CoA 16:1,TP,light_blue
aPUDE1U/3125,CoA 20:4,TP,light_blue
aPUDE1U/4004,"CoA, 18:2",TP,light_blue
aPUDE1U/5091,"CoA, 3'-dephospho-",TP,light_blue
aPUDE1U/5064,CoA 02:0,TP,light_blue
aPUDE1U/3328,codeine-6-glucuronide,TP,light_blue
aPUDE1U/4817,conocarpan,TP,light_blue
aPUDE1U/3091,cortisol,TP,light_blue
aPUDE1U/3109,cortisol 21-sulfate,TP,pink
aPUDE1U/716,creatine,TP,light_blue
aPUDE1U/4726,creatinine,TP,yellow
aPUDE1U/471,creatinine,TP,yellow
aPUDE1U/457,cyanuric acid,TP,light_blue
aPUDE1U/4850,cyclamic acid,TP,light_blue
aPUDE1U/312,cyclic ADP ribose,TP,light_blue
aPUDE1U/962,Cys-Gly,TP,light_blue
aPUDE1U/3158,cystathionine,TP,light_blue
aPUDE1U/4451,cysteic acid,TP,green
aPUDE1U/5387,cysteic acid,TP,green
aPUDE1U/4118,cysteine-S-sulfate,TP,light_blue
aPUDE1U/4400,cystine,TP,light_blue
aPUDE1U/4964,cytidine_minor,TP,light_blue
aPUDE1U/5136,"cytidine 2',3'-cyclic monophosphoric acid",TP,light_blue
aPUDE1U/3480,daidzein,TP,light_blue
aPUDE1U/3479,daidzein 4'-sulfate,TP,light_blue
aPUDE1U/2223,daidzein glucuronide,TP,light_blue
aPUDE1U/2349,dehydroascorbic acid,TP,green
aPUDE1U/5223,dehydroascorbic acid,TP,yellow
aPUDE1U/345,dehydroascorbic acid b,TP,green
aPUDE1U/415,dehydroascorbic acid dimer,TP,green
aPUDE1U/3366,dehydroascorbic acid dimer,TP,green
aPUDE1U/4990,deoxy-GMP,TP,light_blue
aPUDE1U/4238,deoxyuridine,TP,light_blue
aPUDE1U/5392,desmethylanethol trithione,TP,light_blue
aPUDE1U/3886,DHA,TP,light_blue
aPUDE1U/2814,dibutyl dithiophosphate,TP,light_blue
aPUDE1U/3111,dichloroacetic acid,TP,light_blue
aPUDE1U/923,dichlorphenamide,TP,light_blue
aPUDE1U/3242,diethyl 2-[(2-hydroxyanilino)methylidene]propanedioate,TP,light_blue
aPUDE1U/456,diethyl phosphate_to check delta RTpred -39s,TP,light_blue
aPUDE1U/5278,carglumic acid,TP,light_blue
aPUDE1U/2767,arabinose,TP,light_blue
aPUDE1U/1016,acetyl-beta-alanine,TP,light_blue
aPUDE1U/5043,acetyl CoA,TP,light_blue
aPUDE1U/453,aceturic acid,TP,light_blue
aPUDE1U/4853,acetazolamide,TP,light_blue
aPUDE1U/3390,acetaminophen sulfate_minor,TP,light_blue
aPUDE1U/488,acetaminophen sulfate,TP,light_blue
aPUDE1U/234,acerogenin G,TP,light_blue
aPUDE1U/2361,acenocoumarol,TP,light_blue
aPUDE1U/1394,Ac-Asp-Glu,TP,light_blue
aPUDE1U/676,5-aminonicotinic acid,TP,light_blue
aPUDE1U/5001,4-hydroxyvalproic acid,TP,light_blue
aPUDE1U/3052,4'-hydroxywarfarin,TP,light_blue
aPUDE1U/720,4-ketopimelic acid,TP,light_blue
aPUDE1U/5586,4-ketotetralin-1-carboxylic acid,TP,light_blue
aPUDE1U/1358,4-methoxymelilotic acid,TP,light_blue
aPUDE1U/918,4-methylcatechol,TP,light_blue
aPUDE1U/552,4-methylthio-2-hydroxybutyrate,TP,light_blue
aPUDE1U/1433,4-nitrocatechol,TP,light_blue
aPUDE1U/467,4-O-caffeoylquinic acid,TP,light_blue
aPUDE1U/2221,4-oxo-2-propylpentanoic acid,TP,light_blue
aPUDE1U/688,4-pyridoxic acid,TP,green
aPUDE1U/4608,4-pyridoxic acid,TP,green
aPUDE1U/482,4-pyridoxic acid,TP,yellow
aPUDE1U/686,4-pyridoxic acid b,TP,yellow
aPUDE1U/854,5-(4-methyl-5-oxo-2H-furan-3-yl)pentanoic acid,TP,light_blue
aPUDE1U/4929,5-(4-sulfophenyl)undecane,TP,light_blue
aPUDE1U/1059,"5-(methoxymethyl)pyridine-2,3-dicarboxylic acid_minor",TP,light_blue
aPUDE1U/4646,"5,6-dihydrouridine",TP,green
aPUDE1U/5280,55-56-1,TP,light_blue
aPUDE1U/2304,5-acetamido-2-hydroxybenzoic acid,TP,light_blue
aPUDE1U/4556,5-acetamido-4-oxohexanoic acid,TP,light_blue
aPUDE1U/5330,5-acetylamino-6-amino-3-methyluracil,TP,green
aPUDE1U/1430,5-acetylamino-6-amino-3-methyluracil,TP,green
aPUDE1U/5772,5-acetylamino-6-amino-3-methyluracil,TP,green
aPUDE1U/5124,5-acetylamino-6-formylamino-3-methyluracil,TP,green
aPUDE1U/4139,5-acetylamino-6-formylamino-3-methyluracil,TP,green
aPUDE1U/5615,5-acetamido-6-formamido-3-methyluracil,TP,yellow
aPUDE1U/3341,5-chloroisophthalic acid,TP,light_blue
aPUDE1U/211,5-dihydrotestosterone sulfate,TP,light_blue
aPUDE1U/3150,5-glutamyl-taurine,TP,light_blue
aPUDE1U/3177,5-Guanidinopentanoic acid,TP,light_blue
aPUDE1U/4723,5-HEPE,TP,light_blue
aPUDE1U/4643,5-HETE,TP,light_blue
aPUDE1U/3245,5-hydroxyferulic acid,TP,light_blue
aPUDE1U/3268,5-hydroxyrosiglitazone sulfate,TP,light_blue
aPUDE1U/4635,5-keto-gluconic acid,TP,green
aPUDE1U/3082,5keto-gluconic acid,TP,green
aPUDE1U/4870,5-ketogluconic acid,TP,yellow
aPUDE1U/3330,5-methoxysalicylic acid sulfate,TP,yellow
aPUDE1U/3113,5-methylorotic acid,TP,light_blue
aPUDE1U/4967,5-methylsalicylic acid,TP,light_blue
aPUDE1U/285,5-methyl-tetrahydrofolic acid,TP,light_blue
aPUDE1U/5052,5-methyluridine,TP,light_blue
aPUDE1U/3224,5-O-feruloylquinic acid,TP,light_blue
aPUDE1U/5203,5-oxoproline,TP,green
aPUDE1U/5492,5-oxoproline,TP,green
aPUDE1U/5497,"5-pregnan-3,17-diol-20-one 3-sulfate",TP,yellow
aPUDE1U/5568,"5-pregnan-3,17-diol-20-one 3-sulfate",TP,yellow
aPUDE1U/3456,5'-xanthylic acid,TP,light_blue
aPUDE1U/3120,6-hydroxyoctadec-4-enoic acid,TP,light_blue
aPUDE1U/4650,6-keto-PGF1Î±,TP,yellow
aPUDE1U/200,6-keto-PGF1Î±,TP,yellow
aPUDE1U/1300,6-mannobiose,TP,light_blue
aPUDE1U/1108,6-phosphogluconic acid,TP,light_blue
aPUDE1U/833,7-methylguanine,TP,light_blue
aPUDE1U/3093,7-methyluric acid,TP,green
aPUDE1U/2883,7-methyluric acid,TP,green
aPUDE1U/3929,"8,9,10-trihydroxy-6-octadecenoic acid",TP,light_blue
aPUDE1U/1207,8-5'-benzofuran-diferulic acid,TP,light_blue
aPUDE1U/3240,8-bromotheophylline,TP,light_blue
aPUDE1U/3200,8-chlorotheophylline,TP,light_blue
aPUDE1U/5482,"9,10-dihydroxy-12Z-octadecenoic acid",TP,light_blue
aPUDE1U/5016,"9,10-epoxystearic acid",TP,light_blue
aPUDE1U/4251,"9,10-epoxystearic acid",TP,light_blue
aPUDE1U/451,"9-oxooctadeca-2,4-dienoic acid",TP,light_blue
aPUDE1U/605,methylsuccinic acid,TP,light_blue
aPUDE1U/5464,5-methoxysalicylic acid sulfate,TP,yellow
aPUDE1U/500,5-methoxysalicylic acid sulfate,TP,yellow
aPUDE1U/698,4-hydroxyphenyllactic acid_broad peak,TP,yellow
aPUDE1U/3772,4-hydroxyphenyllactic acid,TP,yellow
aPUDE1U/3775,4-hydroxyphenyllactic acid,TP,yellow
aPUDE1U/484,4-hydroxyphenyl sulfate_to check,TP,light_blue
aPUDE1U/3235,4-hydroxyphenyl sulfate,TP,green
aPUDE1U/4927,4-hydroxyphenoxyacetic acid,TP,light_blue
aPUDE1U/2157,4-hydroxyhippuric acid,TP,light_blue
aPUDE1U/3552,4-hydroxyhippuric acid,TP,light_blue
aPUDE1U/1353,4'-hydroxydiclofenac,TP,light_blue
aPUDE1U/3271,4-hydroxycinnamic acid sulfate,TP,light_blue
aPUDE1U/732,4-hydroxycinnamate sulfate,TP,light_blue
aPUDE1U/2667,4-hydroxychlorothalonil,TP,light_blue
aPUDE1U/2585,4-hydroxybenzoic acid-4-O-sulphate,TP,light_blue
aPUDE1U/5514,4-guanidinobutyric acid,TP,light_blue
aPUDE1U/2836,4-dodecylbenzenesulfonic acid,TP,light_blue
aPUDE1U/5477,4-cyanotetrahydro-2H-pyran-4-carboxylic acid,TP,light_blue
aPUDE1U/3787,4-bromo-6-chloropyridazin-3(2H)-one,TP,light_blue
aPUDE1U/3286,4-bromo-3-fluorophenylacetic acid,TP,light_blue
aPUDE1U/2217,mesalazine,TP,light_blue
aPUDE1U/926,4-aminonicotinic acid,TP,light_blue
aPUDE1U/5059,4-aminohippuric acid,TP,light_blue
aPUDE1U/4676,4-amino-5-hydroxypentanoic acid,TP,light_blue
aPUDE1U/4985,"4-amino-5-(4-chlorophenyl)-4H-1,2,4-triazole-3-thiol",TP,light_blue
aPUDE1U/5549,4-allylpyrocatechol,TP,light_blue
aPUDE1U/5509,4-acetamidobutanoic acid,TP,green
aPUDE1U/5208,"4,6-dinitro-o-cresol",TP,light_blue
aPUDE1U/5097,"4,4'-sulfonyl-bisphenol",TP,light_blue
aPUDE1U/5488,4-(cyclohexyloxy)-4-oxobutanoic acid,TP,light_blue
aPUDE1U/5149,4-(3-bromo-4-fluorophenyl)thiazol-2-ylamine,TP,light_blue
aPUDE1U/5621,4-(2-hydroxyethyl)piperazine-1-ethanesulfonic acid,TP,green
aPUDE1U/3121,4-((2-hydroxy-1-naphthyl)azo)naphthalene-sulphonic acid,TP,light_blue
aPUDE1U/5808,3-ureidopropionic acid_to check,TP,light_blue
aPUDE1U/832,3-sulfopropanoic acid,TP,light_blue
aPUDE1U/2348,3-quinolinecarboxylic acid,TP,light_blue
aPUDE1U/3220,3-phosphoglyceric acid,TP,light_blue
aPUDE1U/208,3-phosphoglyceric acid,unlabeled,light_blue
aPUDE1U/298,3-phosphoglyceric acid,unlabeled,light_blue
aPUDE1U/505,3-phenyllactic acid,unlabeled,light_blue
aPUDE1U/4140,"3-oxo-3-[[3,4,5-trihydroxy-6-[[7-hydroxy-4-[(Z)-5-hydroxy-3-methylpent-3-enyl]-4a,8,8-trimethyl-3-methylidene-2,4,5,6,7,8a-hexahydro-1H-naphthalen-2-yl]oxy]oxan-2-yl]methoxy]propanoic acid",unlabeled,light_blue
aPUDE1U/3156,3-O-feruloylquinic acid,unlabeled,light_blue
aPUDE1U/2398,3-methylxanthine,unlabeled,light_blue
aPUDE1U/560,3-methylhistidine,unlabeled,light_blue
aPUDE1U/3400,3-methylglutaconic acid,unlabeled,light_blue
aPUDE1U/5099,3-methylcrotonylglycine,unlabeled,light_blue
aPUDE1U/3539,3-methylaspartic acid_minor,unlabeled,light_blue
aPUDE1U/3233,3-methyladenine,unlabeled,light_blue
aPUDE1U/5489,3-methyl-2-oxovaleric acid,unlabeled,light_blue
aPUDE1U/5579,3-methyl-2-oxovaleric acid,unlabeled,light_blue
aPUDE1U/5343,3-methoxyoxolane-3-carboxylic acid,unlabeled,light_blue
aPUDE1U/2317,3-methoxycatechol,unlabeled,light_blue
aPUDE1U/5969,3-methoxycatechol,unlabeled,light_blue
aPUDE1U/2901,3-methoxybenzoic acid,unlabeled,light_blue
aPUDE1U/3590,3-isopropylbenzenesulfonic acid,unlabeled,light_blue
aPUDE1U/1442,3-hydroxyvalproic acid,unlabeled,light_blue
aPUDE1U/1189,3-hydroxysebacic acid,unlabeled,light_blue
aPUDE1U/530,3-hydroxysebacic acid,unlabeled,light_blue
aPUDE1U/3598,3-Hydroxypyridine sulfate,unlabeled,light_blue
aPUDE1U/4225,3-hydroxypyridine,unlabeled,light_blue
aPUDE1U/273,3-hydroxypropane-1-sulfonic acid,unlabeled,light_blue
aPUDE1U/656,3-hydroxypicolinic acid,unlabeled,light_blue
aPUDE1U/1237,3-hydroxypicolinic acid,unlabeled,light_blue
aPUDE1U/4954,3-hydroxyphenylacetic acid sulfate,unlabeled,light_blue
aPUDE1U/5660,3-hydroxyoctanoic acid,unlabeled,light_blue
aPUDE1U/5177,3-hydroxymethylglutaric acid,unlabeled,light_blue
aPUDE1U/3757,3-hydroxymethyl mefenamic acid_derivative (open search),unlabeled,light_blue
aPUDE1U/526,3-hydroxykynurenine,unlabeled,light_blue
aPUDE1U/872,3-hydroxykynurenine,unlabeled,light_blue
aPUDE1U/3362,3-hydroxykynurenine,unlabeled,light_blue
aPUDE1U/2878,3-hydroxyisovaleric acid,unlabeled,light_blue
aPUDE1U/2416,3-hydroxyhippuric acid,unlabeled,green
aPUDE1U/1081,3-hydroxycotinine glucuronide,unlabeled,light_blue
aPUDE1U/1221,3-hydroxycaproic acid,unlabeled,light_blue
aPUDE1U/1232,malonic acid,unlabeled,light_blue
aPUDE1U/5245,3-hydroxybutyric acid,unlabeled,light_blue
aPUDE1U/3702,3-hydroxybenzoic acid-3-O-sulphate,unlabeled,light_blue
aPUDE1U/658,3-hydroxybenzoic acid_minor,unlabeled,light_blue
aPUDE1U/464,3-hydroxybenzoic acid sulfate,unlabeled,light_blue
aPUDE1U/5195,3-hydroxybenzoic acid sulfate,unlabeled,light_blue
aPUDE1U/3599,3-hydroxybenzoic acid,unlabeled,light_blue
aPUDE1U/2621,3-hydroxybenzoic acid,unlabeled,light_blue
aPUDE1U/2314,3-hydroxybenzaldehyde,unlabeled,light_blue
aPUDE1U/2937,3-hydroxybenzaldehyde,unlabeled,light_blue
aPUDE1U/3391,mesalazine,unlabeled,light_blue
aPUDE1U/2216,3-hydroxyanthranilic acid,unlabeled,light_blue
aPUDE1U/4846,"3-hydroxy-4,9-dimethyl-10-oxo-10-deca-6,8-dienoic acid-glycoside",unlabeled,green
aPUDE1U/556,3-hydroxy-3-methylglutaric acid,unlabeled,light_blue
aPUDE1U/3970,"3'-hydroxy-3,5,4'-trimethoxystilbene",unlabeled,light_blue
aPUDE1U/1146,3-hydroxy-2-methylpyridine a,unlabeled,light_blue
aPUDE1U/1137,3-hydroxy-2-methylpyridine,unlabeled,light_blue
aPUDE1U/1143,3-hydroxy-2-methylpyridine,unlabeled,light_blue
aPUDE1U/4372,3-hydroxy-2-methylpropanoic acid,unlabeled,light_blue
aPUDE1U/3922,3-hydroxy-2-methyl-4-pyrone sulfate,unlabeled,light_blue
aPUDE1U/522,3-hydroxy-2-methyl-4-pyrone sulfate,unlabeled,light_blue
aPUDE1U/519,3-hydroxy-2-methyl-4-pyrone sulfate,unlabeled,light_blue
aPUDE1U/462,3-hydroxy-1-propanesulfonic acid_to check,unlabeled,light_blue
aPUDE1U/1328,3-hydroxy-1-propanesulfonic acid,unlabeled,green
aPUDE1U/3839,3-hexenedioic acid,unlabeled,light_blue
aPUDE1U/878,3-guanidinopropanoic acid,unlabeled,light_blue
aPUDE1U/3070,3-formyl-2-hydroxybenzoic acid,unlabeled,green
aPUDE1U/2940,3-dodecylsulfonylpropanoic acid,unlabeled,light_blue
aPUDE1U/5657,3-deoxytetronic acid,unlabeled,light_blue
aPUDE1U/3210,3-deoxy-glycero-galacto-2-nonulosonic acid,unlabeled,light_blue
aPUDE1U/3980,3'-cytidine monophosphate,unlabeled,light_blue
aPUDE1U/4498,3-coumaric acid,unlabeled,light_blue
aPUDE1U/4184,3-bromo-5-chloro-2-fluorobenzoic acid,unlabeled,light_blue
aPUDE1U/3138,3-bromo-4-chloropentafluorobutyric acid,unlabeled,light_blue
aPUDE1U/3779,"3-bromo-2,4,5-trifluorobenzoic acid",unlabeled,light_blue
aPUDE1U/3604,3-aminopyrazine-2-carboxylic acid,unlabeled,light_blue
aPUDE1U/3352,3-amino-5-hydroxybenzoic acid,unlabeled,light_blue
aPUDE1U/4358,"3-amino-5H-pyrimido[5,4-b]indol-4-one",unlabeled,green
aPUDE1U/2577,3-amino-4-hydroxybenzoic acid,unlabeled,light_blue
aPUDE1U/3495,3-amino-3-(3-chlorophenyl)propanoic acid,unlabeled,light_blue
aPUDE1U/3918,"3,7-dihydroxycholan-24-oic acid",unlabeled,light_blue
aPUDE1U/3194,"3,5-dimethoxyphenol",unlabeled,light_blue
aPUDE1U/5538,"3,5-dihydroxydecanoic acid",unlabeled,light_blue
aPUDE1U/2574,"3,5-dichlorosalicylic acid",unlabeled,light_blue
aPUDE1U/2491,"3,5-dichloro-2-hydroxybenzenesulfonic acid",unlabeled,light_blue
aPUDE1U/2215,"3,5-dibromo-4-hydroxybenzamide",unlabeled,light_blue
aPUDE1U/4165,"3,4-dihydroxyphenylacetic acid",unlabeled,light_blue
aPUDE1U/3195,"3,4-dihydroxyhydrocinnamic acid",unlabeled,light_blue
aPUDE1U/3196,"3,4-dihydroxyhydrocinnamic acid",unlabeled,light_blue
aPUDE1U/678,"3,4-dihydroxycinnamate",unlabeled,light_blue
aPUDE1U/472,"3,4-dihydroxyacetophenone",unlabeled,light_blue
aPUDE1U/863,"3,4-dihydro-5-hydroxycarbostyril",unlabeled,light_blue
aPUDE1U/3708,"3,4,7,7-tetrahydro-4-hydroxy-isoindole-1,3-dione",unlabeled,light_blue
aPUDE1U/3214,"3,3'-iminodipropionic acid",unlabeled,green
aPUDE1U/3247,"3,10-dihydroxy-4,9-dimethyldodec-6-enedioic acid",unlabeled,light_blue
aPUDE1U/3322,"3,10-dihydroxy-4,9-dimethyldodec-6-enedioic acid",unlabeled,light_blue
aPUDE1U/3092,3-(cysteine-S-yl)acetaminophen,unlabeled,light_blue
aPUDE1U/5370,3-(cyclohexylamino)-2-hydroxy-1-propanesulfonic acid,unlabeled,green
aPUDE1U/5957,3-(3-sulfooxyphenyl)propanoic acid,unlabeled,light_blue
aPUDE1U/2992,3-(3-sulfooxyphenyl)propanoic acid,unlabeled,light_blue
aPUDE1U/3084,"3-(2,6-dioxotetrahydro-2H-pyran-3-yl)propanoic acid",unlabeled,green
aPUDE1U/601,3-(1-pyrazolyl)-alanine,unlabeled,light_blue
aPUDE1U/5058,2-thenoylglycine,unlabeled,light_blue
aPUDE1U/5762,2-succinocysteine,unlabeled,light_blue
aPUDE1U/3475,2-pyrocatechuic acid,unlabeled,light_blue
aPUDE1U/2118,2-propene-1-sulfonic acid,unlabeled,light_blue
aPUDE1U/315,2-phosphoglyceric acid,unlabeled,light_blue
aPUDE1U/4046,"2-oxooxazolo[4,5-b]pyridine",unlabeled,light_blue
aPUDE1U/2724,2-oxoheptanedioic acid,unlabeled,light_blue
aPUDE1U/2521,2-oxoheptanedioic acid,unlabeled,light_blue
aPUDE1U/2708,2-oxindole-3-acetate,unlabeled,light_blue
aPUDE1U/4099,"2-O-glucosyl-7-methoxy-1,4(2H)-benzoxazin-3-one",unlabeled,light_blue
aPUDE1U/571,2-oct-7-enylpentanedioic acid,unlabeled,light_blue
aPUDE1U/5408,2-naphthyl sulfate,unlabeled,light_blue
aPUDE1U/3747,"2-naphthalenesulfonic acid, 7-(acetylamino)-4-hydroxy-",unlabeled,green
aPUDE1U/3307,2-naphthalenesulfonic acid b,unlabeled,light_blue
aPUDE1U/3241,2-naphthalenesulfonic acid,unlabeled,light_blue
aPUDE1U/2406,2-methylglutaric acid,unlabeled,light_blue
aPUDE1U/929,2-methyl-4-pentenoic acid,unlabeled,light_blue
aPUDE1U/994,2-methyl-4-pentenoic acid,unlabeled,light_blue
aPUDE1U/700,2-methoxyhydroquinone,unlabeled,light_blue
aPUDE1U/4422,2-methoxy-5 (6)epoxy-tetrahydrocaryophyllene,unlabeled,light_blue
aPUDE1U/5349,2-mercaptobenzothiazole,unlabeled,light_blue
aPUDE1U/3100,2-mercaptobenzothiazole,unlabeled,light_blue
aPUDE1U/3304,2-hydroxyphenylacetic acid,unlabeled,light_blue
aPUDE1U/1125,2-hydroxyphenylacetic acid,unlabeled,light_blue
aPUDE1U/489,2-hydroxyisovaleric acid_to check,unlabeled,light_blue
aPUDE1U/5244,2-hydroxyglutaric acid_minor,unlabeled,light_blue
aPUDE1U/3881,2-hydroxyglutaric acid,unlabeled,light_blue
aPUDE1U/3672,2-hydroxyglutaric acid,unlabeled,light_blue
aPUDE1U/441,2-hydroxybutyric acid_broad peak,unlabeled,light_blue
aPUDE1U/5940,2-hydroxybutyric acid,unlabeled,light_blue
aPUDE1U/1541,"2-hydroxybenzene-1,3-dicarboxylic acid",unlabeled,light_blue
aPUDE1U/3191,2-hydroxy-5-sulfonicotinic acid,unlabeled,green
aPUDE1U/4642,2-hydroxy-5-nitrobenzaldehyde,unlabeled,light_blue
aPUDE1U/2680,2-hydroxy-3-methylbutyric acid,unlabeled,light_blue
aPUDE1U/4922,2-hydroxy-3-methoxybenzoic acid,unlabeled,light_blue
aPUDE1U/4651,2-hydroxy-3-isopropylsuccinic acid,unlabeled,green
aPUDE1U/5857,"2-hydroxy-3,4-dihydro-1,4-benzoxazin-3-one",unlabeled,light_blue
aPUDE1U/3161,2-hydroxy palmitic acid,unlabeled,light_blue
aPUDE1U/4576,2-furoylglycine,unlabeled,light_blue
aPUDE1U/590,2-furoylglycine,unlabeled,light_blue
aPUDE1U/5966,2-ethylhexyl phthalic acid,unlabeled,light_blue
aPUDE1U/1445,2'-deoxyguanosine,unlabeled,light_blue
aPUDE1U/1572,2'-deoxycytidine 5'-monophosphate,unlabeled,light_blue
aPUDE1U/3189,2'-deoxycytidine,unlabeled,light_blue
aPUDE1U/4855,2'-deoxyadenosine 5'-monophosphate,unlabeled,light_blue
aPUDE1U/3912,2-chlorophenoxyacetic acid,unlabeled,light_blue
aPUDE1U/3379,2-benzylsuccinic acid,unlabeled,light_blue
aPUDE1U/4569,ribose 1-phosphate,unlabeled,light_blue
aPUDE1U/5212,urocanic acid,unlabeled,light_blue
aPUDE1U/4924,2-amino-6-chloro-4-pyrimidinone,unlabeled,light_blue
aPUDE1U/2318,2-amino-5-methoxyphenol,unlabeled,light_blue
aPUDE1U/3582,2-acetamidophenol,unlabeled,light_blue
aPUDE1U/3321,2-acetamidophenol,unlabeled,light_blue
aPUDE1U/1008,2-acetamido-3-(4-methoxyphenyl)propanoic acid,unlabeled,light_blue
aPUDE1U/3319,"2-[3-[2-(1,3-benzodioxol-5-yl)-7-methoxy-1-benzofuran-5-yl]-3-hydroxypropoxy]-6-(hydroxymethyl)oxane-3,4,5-triol",unlabeled,green
aPUDE1U/5956,"2,7-dimethyl-8-[3,4,5-trihydroxy]-6-(hydroxymethyl)oxan-2-yl]-oxyocta-4,6-dienoic acid",unlabeled,light_blue
aPUDE1U/1423,"2,6-di-tert-butyl-4-nitrophenol",unlabeled,light_blue
aPUDE1U/2963,"2,6-di-tert-butyl-4-(3,5-di-tert-butyl-4-hydroxybenzylidene)-2,5-cyclohexadien-1-one",unlabeled,light_blue
aPUDE1U/5151,"2,6-dimethylbenzene-1-sulfonic acid",unlabeled,light_blue
aPUDE1U/3206,"2,6-dihydroxyquinoline",unlabeled,light_blue
aPUDE1U/5240,"2,6-dihydroxybenzoic acid",unlabeled,light_blue
aPUDE1U/1228,"2,5-furandicarboxylic acid",unlabeled,light_blue
aPUDE1U/3237,"2,5-dihydroxybenzoic acid",unlabeled,light_blue
aPUDE1U/706,"2,5-dihydroxybenzenesulfonic acid",unlabeled,light_blue
aPUDE1U/3485,"2,5-dichlorobenzoic acid",unlabeled,light_blue
aPUDE1U/3753,"2,4-dinitrophenol",unlabeled,light_blue
aPUDE1U/3306,"2,4-dihydroxycinnamic acid",unlabeled,green
aPUDE1U/5321,"2',4-dihydroxychalcone",unlabeled,green
aPUDE1U/3064,"2,4-dichlorobenzoic acid",unlabeled,light_blue
aPUDE1U/4733,"2,4-dichloro-6-fluorobenzoic acid",unlabeled,light_blue
aPUDE1U/683,"2,4-dichloro-3-cyano-5-fluorobenzoic acid b",unlabeled,light_blue
aPUDE1U/5315,"2,4,5-trihydroxybenzoic acid",unlabeled,green
aPUDE1U/3270,"2,4,5-trihydroxybenzoic acid",unlabeled,light_blue
aPUDE1U/1355,"2,4,5-trihydroxybenzoic acid",unlabeled,light_blue
aPUDE1U/846,"2,3-dimethylbenzenesulfonic acid",unlabeled,light_blue
aPUDE1U/3776,"2,3-dihydroxyisovaleric acid",unlabeled,light_blue
aPUDE1U/2551,"2,3-dihydroxy-2-methylbutanoic acid a",unlabeled,light_blue
aPUDE1U/411,"2,3-dihydro-1-benzofuran-7-sulfonic acid",unlabeled,light_blue
aPUDE1U/2272,"2,3-diaminopropanoic acid",unlabeled,light_blue
aPUDE1U/1282,"2',3'-cCMP",unlabeled,light_blue
aPUDE1U/4460,"2,3-bisphosphoglyceric acid",unlabeled,light_blue
aPUDE1U/4480,"2,2'-methylenebis(4-methyl-6-tert-butylphenol)",unlabeled,light_blue
aPUDE1U/3943,"2,2-dimethylsuccinic acid",unlabeled,light_blue
aPUDE1U/518,"2,2-dimethylglutaric acid",unlabeled,light_blue
aPUDE1U/2993,2-(N-morpholino)ethanesulfonic acid,unlabeled,light_blue
aPUDE1U/788,2-(N-morpholino)ethanesulfonic acid,unlabeled,light_blue
aPUDE1U/3105,2-(N-morpholino)ethanesulfonic acid,unlabeled,light_blue
aPUDE1U/3106,2-(N-morpholino)ethanesulfonic acid,unlabeled,light_blue
aPUDE1U/1306,2-(N-morpholino)ethanesulfonic acid,unlabeled,light_blue
aPUDE1U/301,2-(methylamino)ethanesulfonic acid a,unlabeled,green
aPUDE1U/3203,2-(methylamino)ethanesulfonic acid,unlabeled,green
aPUDE1U/302,2-(methylamino)ethanesulfonic acid,unlabeled,green
aPUDE1U/5498,isatinic acid,unlabeled,light_blue
aPUDE1U/2831,2-(dimethylamino)ethyl sulfate,unlabeled,light_blue
aPUDE1U/4721,2-(difluoromethoxy)pyridin-4-ol,unlabeled,green
aPUDE1U/4189,"2-(5-benzyl-3,6-dioxopiperazin-2-yl)acetic acid",unlabeled,light_blue
aPUDE1U/3677,2'-(4-methylumbelliferyl)-sialic acid,unlabeled,light_blue
aPUDE1U/5200,2-(3-fluoro-4-iodophenyl)acetic acid,unlabeled,light_blue
aPUDE1U/4605,2-(2-methoxyethoxy)propanoic acid,unlabeled,light_blue
aPUDE1U/2353,2-(2-methoxyethoxy)propanoic Acid,unlabeled,light_blue
aPUDE1U/1404,2-(2-carboxyethylsulfanyl)benzoic acid,unlabeled,light_blue
aPUDE1U/3446,2-((3-sulfooxybenzoyl)amino)acetic acid,unlabeled,green
aPUDE1U/4022,1-salicylate glucuronide,unlabeled,light_blue
aPUDE1U/5246,1-octanesulfonic acid,unlabeled,light_blue
aPUDE1U/3874,1-octanesulfonic acid,unlabeled,light_blue
aPUDE1U/558,1-methylxanthine_peak flank,unlabeled,light_blue
aPUDE1U/551,1-methylxanthine,unlabeled,light_blue
aPUDE1U/3717,1-methyluric acid,unlabeled,light_blue
aPUDE1U/5106,1-methyluric acid,unlabeled,light_blue
aPUDE1U/2777,1-methylguanosine,unlabeled,light_blue
aPUDE1U/1114,1-methylguanine,unlabeled,light_blue
aPUDE1U/5034,1-methyladenosine,unlabeled,light_blue
aPUDE1U/3094,1H-indazol-6-ol,unlabeled,light_blue
aPUDE1U/937,1-dodecanesulfonic acid,unlabeled,light_blue
aPUDE1U/4058,1-dodecanesulfonic acid,unlabeled,light_blue
aPUDE1U/2731,1-deoxyglucitol,unlabeled,light_blue
aPUDE1U/956,1-aminobenzimidazole-2-sulfonic acid,unlabeled,green
aPUDE1U/436,12-oxophytodienoic acid,unlabeled,light_blue
aPUDE1U/671,11-nor-9-tetrahydrocannabinol-9-carboxylic acid glucuronide,unlabeled,light_blue
aPUDE1U/2311,11Î²-PGF2Î±,unlabeled,light_blue
aPUDE1U/5893,1_glutamic acid-d5_ISTD,unlabeled,light_blue
aPUDE1U/4629,"1-[2-(2,5-dimethylphenoxy)ethyl]-3-indolecarboxylic acid",unlabeled,light_blue
aPUDE1U/1391,"1,7-dimethyluric acid",unlabeled,light_blue
aPUDE1U/5302,"1,7-dimethyluric acid",unlabeled,light_blue
aPUDE1U/685,"1,7-dimethyluric acid",unlabeled,light_blue
aPUDE1U/4196,"1,7-bis(4-hydroxyphenyl)heptane-3,5-diol",unlabeled,light_blue
aPUDE1U/5174,"1,4-dihydro-2H-3,1-benzoxazin-2-one",unlabeled,light_blue
aPUDE1U/2590,"1,4-bis(2-methylpropoxy)-1,4-dioxobutane-2-sulfonic acid",unlabeled,light_blue
aPUDE1U/3066,"1,3-dicaffeoylquinic acid",unlabeled,green
aPUDE1U/4932,"1,3,7-trimethyluric acid",unlabeled,green
aPUDE1U/3315,thiotriazinone,unlabeled,light_blue
aPUDE1U/967,thiotriazinone,unlabeled,light_blue
aPUDE1U/3182,"1,2,3-propanetricarboxylic acid",unlabeled,light_blue
aPUDE1U/4867,[(2-aminoethyl)sulfanyl]sulfonic acid,unlabeled,light_blue
aPUDE1U/4614,"[(1,3-benzodioxol-5-ylcarbonyl)amino]acetic acid",unlabeled,light_blue
aPUDE1U/5222,(4-fluorophenyl)(2-(4-methoxyphenyl)-1H-imidazol-4-yl)methanone,unlabeled,light_blue
aPUDE1U/3778,(4-bromo-2-formylphenoxy)acetic acid,unlabeled,light_blue
aPUDE1U/5143,(4-aminophenyl)phosphonic acid,unlabeled,green
aPUDE1U/4459,(2-ethylhexyl)phosphonic acid mono-2-ethylhexyl ester,unlabeled,green
aPUDE1U/2570,(2-allyl-phenoxy)-acetic acid,unlabeled,light_blue
aPUDE1U/628,xylose,unlabeled,green
aPUDE1U/824,"isoquinoline-2,8-diol",unlabeled,pink
aPUDE1U/5102,itaconic acid,unlabeled,pink
aPUDE1U/3452,"indole-3-acetic acid, 2-sulfonate",unlabeled,pink
aPUDE1U/3065,indoleacrylic acid,unlabeled,pink
aPUDE1U/4797,indoxyl sulfate_with chemical noise ions,unlabeled,light_blue
aPUDE1U/4231,inosine,unlabeled,green
aPUDE1U/304,isopentenyl pyrophosphate,unlabeled,green
aPUDE1U/3557,isovaleryl-glutamic acid,unlabeled,green
aPUDE1U/3642,lactic acid,unlabeled,light_blue
aPUDE1U/4829,lactucopicrin,unlabeled,pink
aPUDE1U/2519,"lithocholylglycine, minor broad peak",unlabeled,green
aPUDE1U/5399,"lithocholylglycine, minor broad peak b",unlabeled,green
aPUDE1U/3316,malonic acid,unlabeled,green
aPUDE1U/2775,malonic acid,unlabeled,light_blue
aPUDE1U/4560,methylmalonic acid,unlabeled,pink
aPUDE1U/4137,N-(2-sulfoethyl)-glutamine,unlabeled,light_blue
aPUDE1U/3072,N-(4-acetylphenyl)methanesulfonamide,unlabeled,pink
aPUDE1U/2538,N-acetylalanine,unlabeled,light_blue
aPUDE1U/5093,N-acetyl-D-galactosamine 4-sulfate,unlabeled,green
aPUDE1U/4417,lactic acid,unlabeled,light_blue
aPUDE1U/816,lactic acid,unlabeled,light_blue
aPUDE1U/5286,laurylsulfuric acid,unlabeled,green
aPUDE1U/262,laurylsulfuric acid,unlabeled,pink
aPUDE1U/3818,laurylsulfuric acid,unlabeled,light_blue
aPUDE1U/3086,laurylsulfuric acid,unlabeled,light_blue
aPUDE1U/3371,zalcitabine,unlabeled,green
aPUDE1U/2453,3-[3-(sulfooxy)phenyl]propanoic acid,unlabeled,green
aPUDE1U/1084,3-(octylsulfanyl)propanoic acid,unlabeled,green
aPUDE1U/5273,arthrobactin,unlabeled,green
aPUDE1U/5968,2-(2-naphthyloxy)propanoic acid,unlabeled,green
aPUDE1U/3858,tetraconazole,unlabeled,green
aPUDE1U/5380,"4-(methylthio)-6-oxo-1,6-dihydro-5-pyrimidinecarbonitrile",unlabeled,green
aPUDE1U/5178,Pro-Glu,unlabeled,green
aPUDE1U/3058,tetraconazole,unlabeled,green
aPUDE1U/3891,vanillic acid glucoside,unlabeled,green
aPUDE1U/3462,"1,4-piperazinediethanesulfonic acid",unlabeled,green
aPUDE1U/2726,3-furoic acid,unlabeled,green
aPUDE1U/2926,myo-inositol,unlabeled,green
aPUDE1U/4078,urolithin A_major peak,unlabeled,green
aPUDE1U/3953,theophylline,unlabeled,green
aPUDE1U/5033,urolithin B,unlabeled,green
aPUDE1U/4300,trifluoroacetic acid,unlabeled,green
aPUDE1U/2947,trans-3-hydroxycotinine glucuronide_RI shift a,unlabeled,light_blue
aPUDE1U/2802,succinic acid,unlabeled,green
aPUDE1U/5065,sinapic acid,unlabeled,light_blue
aPUDE1U/4757,"quinoline-2,8-diol",unlabeled,green
aPUDE1U/3361,"quinoline-2,8-diol",unlabeled,green
aPUDE1U/4631,psicose,unlabeled,light_blue
aPUDE1U/1188,psicose,unlabeled,light_blue
aPUDE1U/5495,phosphoric acid,unlabeled,green
aPUDE1U/709,phenobarbital,unlabeled,green
aPUDE1U/496,p-cresol sulfate_to check,unlabeled,light_blue
aPUDE1U/930,orotic acid,unlabeled,green
aPUDE1U/2891,uracil,unlabeled,pink
aPUDE1U/3184,salicyluric acid,unlabeled,green
aPUDE1U/3699,nonyl sulfate,unlabeled,green
aPUDE1U/1201,NP-022920,unlabeled,pink
aPUDE1U/5405,NP-022920_sulfate glycoside,unlabeled,green
aPUDE1U/3360,oxybenzone,unlabeled,green
aPUDE1U/5311,oxypurinol,unlabeled,light_blue
aPUDE1U/3998,pantoyltaurine,unlabeled,light_blue
aPUDE1U/3453,pantoyl-taurine,unlabeled,green
aPUDE1U/4095,picolinic acid,unlabeled,green
aPUDE1U/2578,pyrophosphoric acid,unlabeled,green
aPUDE1U/4396,quinic acid_peak cluster 01,unlabeled,light_blue
aPUDE1U/3586,quinic acid,unlabeled,light_blue
aPUDE1U/3496,quinic acid,unlabeled,light_blue
aPUDE1U/238,quinic acid_major,unlabeled,light_blue
aPUDE1U/443,quinic acid,unlabeled,light_blue
aPUDE1U/3885,ribulose,unlabeled,green
aPUDE1U/803,saccharinyl-acetic acid,unlabeled,green
aPUDE1U/240,salicylic acid,unlabeled,pink
aPUDE1U/3603,salicylic acid,unlabeled,light_blue
aPUDE1U/679,salicylsulfuric acid,unlabeled,light_blue
aPUDE1U/5352,secologanin,unlabeled,green
aPUDE1U/2356,sinapic acid 4-O-sulfate,unlabeled,light_blue
aPUDE1U/546,ST 24:2;O3;S,unlabeled,light_blue
aPUDE1U/1012,succinic acid,unlabeled,green
aPUDE1U/4872,sulfociprofloxacin a,unlabeled,pink
aPUDE1U/3339,sulfociprofloxacin b,unlabeled,light_blue
aPUDE1U/3181,sulfodeoxycholic acid,unlabeled,green
aPUDE1U/2351,tachioside,unlabeled,green
aPUDE1U/276,"taurine, N-carbamoylmethyl-",unlabeled,green
aPUDE1U/3777,taurolithocholic acid sulfate,unlabeled,green
aPUDE1U/3201,taurolithocholic acid sulfate_peak cluster 01,unlabeled,pink
aPUDE1U/5334,taurolithocholic acid sulfate,unlabeled,pink
aPUDE1U/3101,taurolithocholic acid_broad peak,unlabeled,light_blue
aPUDE1U/5965,tetradecane-7-sulfonic acid_major,unlabeled,light_blue
aPUDE1U/4641,turanose,unlabeled,green
aPUDE1U/4822,uracil,unlabeled,green
aPUDE1U/5958,ureidoisobutyric acid,unlabeled,green
aPUDE1U/4955,pyrocatechol,unlabeled,pink
aPUDE1U/3295,pyrocatechol,unlabeled,light_blue
aPUDE1U/1369,galactitol,unlabeled,green
aPUDE1U/1402,imidazoleacetic acid,unlabeled,pink
aPUDE1U/5484,hydroxykynurenine,unlabeled,light_blue
aPUDE1U/5962,hydrochlorothiazide,unlabeled,green
aPUDE1U/2889,homovanillic acid sulfate,unlabeled,pink
aPUDE1U/5165,histamine,unlabeled,pink
aPUDE1U/4453,harmol,unlabeled,green
aPUDE1U/3435,gulonolactone,unlabeled,green
aPUDE1U/535,glyceric acid,unlabeled,light_blue
aPUDE1U/5356,glyceric acid,unlabeled,pink
aPUDE1U/5486,glyceraldehyde,unlabeled,green
aPUDE1U/3871,"glutathione, reduced",unlabeled,light_blue
aPUDE1U/3712,glutaric acid,unlabeled,light_blue
aPUDE1U/2520,Glu-Leu,unlabeled,pink
aPUDE1U/5275,glucose,unlabeled,pink
aPUDE1U/5098,genistein,unlabeled,green
aPUDE1U/2780,gallic acid,unlabeled,green
aPUDE1U/3116,formyl-methionine,unlabeled,green
aPUDE1U/5228,formyl-methionine,unlabeled,green
aPUDE1U/3472,ferulic acid 4-sulfate,unlabeled,light_blue
aPUDE1U/940,ferulic acid 4-sulfate,unlabeled,light_blue
aPUDE1U/3198,ferulic acid 4-sulfate,unlabeled,light_blue
aPUDE1U/2480,etodolac,unlabeled,green
aPUDE1U/3225,etodolac,unlabeled,green
aPUDE1U/3357,etodolac,unlabeled,green
aPUDE1U/4553,etodolac,unlabeled,green
aPUDE1U/4076,dodecylbenzenesulfonic acid,unlabeled,green
aPUDE1U/5505,dimethylglycine,unlabeled,pink
aPUDE1U/5400,dihydrophaseic acid,unlabeled,pink
aPUDE1U/4871,y_3-O-Galloylshikimic acid_delta RTpred -34s,unlabeled,none
aPUDE1U/3948,yy_ in source to ethyl 4-O-(4-carboxy-3-hydroxy-3-methylbutanoyl)-,FP,none
aPUDE1U/206,yy_ in-source to 2-hydroxy-5-oxopyrrolidine-2-carboxylic acid,FP,none
aPUDE1U/4994,yy_(2-Aminophenyl)(oxo)acetic acid,FP,none
aPUDE1U/3606,"yy_(2-Ethyl-2,3-dihydroxybutanoyl)oxy)methyl)phenyl)-2-hydroxy-5-oxopyrrolidine-2-carboxylic acid",FP,none
aPUDE1U/448,yy_(3-Hydroxypropyl)sulfamic acid_delta RTpred -40s,FP,none
aPUDE1U/4388,"yy_1,1-Dioxo-1,2-thiazolidine-3-carboxylic acid",FP,none
aPUDE1U/3134,"yy_1,1-Dioxo-1,2-thiazolidine-3-carboxylic acid",FP,none
aPUDE1U/5823,"yy_1,2,3-trimethylbenzene (Desaturation, Oxidation, Oxidation, Glucuronide Conjugation, Methylation)",FP,none
aPUDE1U/3078,"yy_1,2,3-trimethylbenzene (Oxidation, Sulfation)",FP,none
aPUDE1U/689,"yy_1,3-propanediyl disalicylate_delta RTpred -48s",FP,none
aPUDE1U/3185,"yy_1,6-Digalloylglucose",FP,none
aPUDE1U/417,yy_119.035_126,FP,none
aPUDE1U/540,yy_130.051_37,FP,none
aPUDE1U/532,yy_147.066_38,FP,none
aPUDE1U/431,yy_171.041_74,FP,none
aPUDE1U/4970,yy_188.002_15.8,FP,none
aPUDE1U/3033,yy_198.799_55.2,FP,none
aPUDE1U/3364,"yy_1-amino-3,3-difluorocyclobutane-1-carboxylic acid",FP,none
aPUDE1U/588,"yy_2-(3,8-dihydroxy-8-(hydroxymethyl)-3-methyl-2-oxodecahydroazulen-5-yl)propan-2-yl hexopyranoside",FP,none
aPUDE1U/5423,yy_2-(4-Hydroxyphenyl)propanoic acid,FP,none
aPUDE1U/300,yy_2-(Propane-1-sulfonamido)benzoic acid,FP,none
aPUDE1U/1766,"yy_2,3-Dihydroxy-2-methylpropanoic acid",FP,none
aPUDE1U/2386,"yy_2,3-dihydroxyisovaleric acid",FP,none
aPUDE1U/3323,"yy_2,6-dihydroxybenzoic acid",FP,none
aPUDE1U/2790,"yy_2,6-di-tert-butyl-4-methoxyphenol",FP,none
aPUDE1U/4348,yy_203.997_22.9,FP,none
aPUDE1U/5581,yy_203.997_22.9,FP,none
aPUDE1U/818,yy_217.018_14.3,FP,none
aPUDE1U/5117,yy_232.995_13,FP,none
aPUDE1U/815,yy_239.002_11.4,FP,none
aPUDE1U/1389,yy_249.150_14.1,FP,none
aPUDE1U/5261,yy_250.020_13.5,FP,none
aPUDE1U/2558,yy_2-Amino-6-chloro-4-pyrimidinone,FP,none
aPUDE1U/544,yy_2-deoxy-ribose,FP,none
aPUDE1U/2581,yy_2-furancarboxylic acid,FP,none
aPUDE1U/2456,yy_2-Hydroxy-6-methylpyridine-4-carboxylic acid,FP,none
aPUDE1U/3142,yy_2-hydroxypyridine sulfate_too late,FP,none
aPUDE1U/813,yy_2-Ketobutyric acid,FP,none
aPUDE1U/290,yy_2-methylcitrate_peak cluster,FP,none
aPUDE1U/4287,yy_2-methylcitric acid_peak cluster,FP,none
aPUDE1U/5255,yy_2-oxothiazolidine-4-carboxylic acid,FP,none
aPUDE1U/1280,yy_2-Phenylethyl 2-O-.beta.-D-xylopyranosyl-.beta.-D-glucopyranoside,FP,none
aPUDE1U/513,yy_2-Propene-1-sulfonic acid_delta RTpred +34s,FP,none
aPUDE1U/5377,"yy_3,10-Dihydroxy-4,9-dimethyldodec-6-enedioic acid",FP,none
aPUDE1U/4693,yy_3'-AMP_or CMP,FP,none
aPUDE1U/2987,yy_3-Furoic acid,FP,none
aPUDE1U/2899,yy_3-Furoic acid,FP,none
aPUDE1U/5170,"yy_3-Hydroxy-2,3,4-trimethyl-5-oxooxolane-2-carboxylic acid",FP,none
aPUDE1U/3275,yy_3-hydroxy-2-methyl-4-pyrone sulfate,FP,none
aPUDE1U/1406,yy_3-hydroxy-2-methyl-4-pyrone sulfate,FP,none
aPUDE1U/5333,yy_3-Hydroxy-2-methylbenzoic acid,FP,none
aPUDE1U/2451,yy_3-methoxy-4-hydroxyphenylglycol sulfate,FP,none
aPUDE1U/2452,yy_3-methoxy-4-hydroxyphenylglycol sulfate major,FP,none
aPUDE1U/4624,yy_3-Sulfopropanoic acid,FP,none
aPUDE1U/3809,yy_3-Sulfopropanoic acid,FP,none
aPUDE1U/5148,yy_3-sulfopropanoic acid,FP,none
aPUDE1U/5180,yy_3-ureidopropionic acid,FP,none
aPUDE1U/1102,yy_4-(Bromomethyl)benzoic acid_to check,FP,none
aPUDE1U/3373,"yy_4,5-Dihydroxy-1,3-benzenedisulfonic acid",FP,none
aPUDE1U/3614,yy_4-nitrophenol_many alternative structures,FP,none
aPUDE1U/2222,yy_4-Pyridoxate,FP,none
aPUDE1U/435,yy_4-pyridoxic acid_delta RTpred +21s,FP,none
aPUDE1U/5088,yy_5-acetylamino-6-amino-3-methyluracil,FP,none
aPUDE1U/4666,yy_5-Amino-1-(2-fluorophenyl)-1H-pyrazole-4-carboxylic acid,FP,none
aPUDE1U/852,"yy_5-hydroxy-3,4-dihydro-2(1H)-quinolinone",FP,none
aPUDE1U/5463,"yy_6-Hydroxycyclohexane-1,2,3,4,5-pentone",FP,none
aPUDE1U/2488,yy_6-hydroxykynurenic acid,FP,none
aPUDE1U/514,yy_7-ketodeoxycholic acid_delta RTpred +36s,FP,none
aPUDE1U/3426,yy_9-hydroxytraumatic acid,FP,none
aPUDE1U/3300,yy_acamprosate,FP,none
aPUDE1U/1639,yy_acamprosate_delta RTpred -40s,FP,none
aPUDE1U/527,yy_acesulfame_delta RTpred +28s,FP,none
aPUDE1U/3806,yy_acesulfame_delta RTpred +40s,FP,none
aPUDE1U/933,yy_acetaminophen metabolite,FP,none
aPUDE1U/3260,yy_acetylisoniazid delta RTpred +38s,FP,none
aPUDE1U/3804,"yy_acrolein derivative_(Hydration, Nitro Reduction, Oxidation, Sulfation)",FP,none
aPUDE1U/1119,yy_allocholic acid_delta RTpred +43s,FP,none
aPUDE1U/4504,"yy_aniline (Hydration, Oxidative Deamination to Ketone, Glycine Conjugation, Sulfation)",FP,none
aPUDE1U/501,yy_aniline metabolite,FP,none
aPUDE1U/2218,yy_arabinonic acid_peak cluster,FP,none
aPUDE1U/5079,yy_aspartic acid_predRT -32s,FP,none
aPUDE1U/509,yy_atenolol metabolite,FP,none
aPUDE1U/3071,yy_atranorin,FP,none
aPUDE1U/511,yy_benzylacetate_deltaRT pred -96s,FP,none
aPUDE1U/3079,yy_beta-alanine,FP,none
aPUDE1U/4981,yy_beta-Hydroxybutyric acid_delta RTpred +39s,FP,none
aPUDE1U/3248,yy_C11-LAS_low abundant peak,FP,none
aPUDE1U/2998,yy_C14-SAS,FP,none
aPUDE1U/3272,yy_chloramphenicol glucuronide,FP,none
aPUDE1U/3497,yy_chlorogenic acid_too late,FP,none
aPUDE1U/1120,yy_cholic acid,FP,none
aPUDE1U/2751,yy_citramalic acid_peak cluster,FP,none
aPUDE1U/555,yy_citric acid_delta RTpred +38s,FP,none
aPUDE1U/429,yy_conduritol b epoxide_delta RTpred +66s,FP,none
aPUDE1U/4501,yy_Creatinine_delta RTpred -57s,FP,none
aPUDE1U/3395,yy_cresol sulfate_very minor and late RI,FP,none
aPUDE1U/21,yy_CUDA* (internal standard),FP,none
aPUDE1U/5688,yy_cumene metabolite,FP,none
aPUDE1U/2675,yy_deoxytetronic acid,FP,none
aPUDE1U/420,yy_dichloroethane metabolite,FP,none
aPUDE1U/559,yy_dihydrobutanoic acid_peak cluster,FP,none
aPUDE1U/516,yy_disaccharide_in source,FP,none
aPUDE1U/4991,yy_epoxytricarballylic acid,FP,none
aPUDE1U/5229,"yy_ethyl 3,5-dihydroxybenzoate_too late RI",FP,none
aPUDE1U/2847,yy_ethyl acetate metabolite,FP,none
aPUDE1U/506,yy_ethylene glycol metabolite,FP,none
aPUDE1U/1032,yy_fexofenadine_deltaRT pred -38s,FP,none
aPUDE1U/1098,yy_Firoin,FP,none
aPUDE1U/3354,yy_fumaric acid,FP,none
aPUDE1U/207,yy_galactinol,FP,none
aPUDE1U/5260,yy_galactinol,FP,none
aPUDE1U/2236,yy_galactonic acid_last peak of peak cluster,FP,none
aPUDE1U/3144,yy_galactosamine 1-phosphate,FP,none
aPUDE1U/2437,yy_galacturonic acid,FP,none
aPUDE1U/4338,yy_Glu-Asp,FP,none
aPUDE1U/712,yy_glucoheptonic acid,FP,none
aPUDE1U/2550,yy_gluconic acid,FP,none
aPUDE1U/4711,"yy_gluconic acid, delta-lactone",FP,none
aPUDE1U/1030,yy_gluconic acid_peak cluster,FP,none
aPUDE1U/692,yy_gluconolactone,FP,none
aPUDE1U/691,yy_gluconolactone,FP,none
aPUDE1U/3104,"yy_glutathione, reduced_minor_14s RT diff",FP,none
aPUDE1U/1009,yy_Glyceraldehyde_delta RT -45s,FP,none
aPUDE1U/4273,yy_glycodeoxycholic acid_delta RTpred -30s,FP,none
aPUDE1U/5905,yy_gulonolactone_RT pred -51s,FP,none
aPUDE1U/433,yy_hematoxylin_delta RTpred +38s,FP,none
aPUDE1U/4034,yy_hippuric acid,FP,none
aPUDE1U/4849,yy_hippuric acid_RT authentic standard 46s,FP,none
aPUDE1U/3202,yy_homovanillic acid 4-sulfate,FP,none
aPUDE1U/5202,yy_homovanillic acid sulfate_maybe too late,FP,none
aPUDE1U/823,yy_homovanillic acid sulfate_too late,FP,none
aPUDE1U/414,yy_hydroxyferulic acid_to check,FP,none
aPUDE1U/428,"yy_ibuprofen glucuronide, oxidized",FP,none
aPUDE1U/897,yy_Ile-Asp_low abundant and late,FP,none
aPUDE1U/5680,yy_in source,FP,none
aPUDE1U/407,yy_in source,FP,none
aPUDE1U/5342,yy_in source degr to phosphoric acid,FP,none
aPUDE1U/5890,yy_in source to aminophenol,FP,none
aPUDE1U/5182,yy_in source to aspartyl,FP,none
aPUDE1U/5271,yy_in source to chloroanilino-derivative,FP,none
aPUDE1U/3619,yy_in source to hydroxy-benzaldehyde,FP,none
aPUDE1U/1459,yy_in-source to Phosphoric acid,FP,none
aPUDE1U/4788,yy_isocitric acid_peak cluster,FP,none
aPUDE1U/5695,yy_isoglutamine,FP,none
aPUDE1U/5455,yy_isomaltotetraose,FP,none
aPUDE1U/477,yy_isopropylmalic acid_b,FP,none
aPUDE1U/3267,yy_isopropylmalic acid_noisy baseline,FP,none
aPUDE1U/491,yy_isopropylmalic acid_peak 1 in peak cluster,FP,none
aPUDE1U/476,yy_isopropylmalic acid_peak cluster,FP,none
aPUDE1U/1652,yy_isopropylmalic acid_peak cluster,FP,none
aPUDE1U/3607,yy_jaboticabin acid,FP,none
aPUDE1U/3207,yy_lactic acid_too early,FP,none
aPUDE1U/2434,"yy_low abundant_possibly 4-Methyl-6-oxo-1,6-dihydro-2-pyrimidinylcyanamide",FP,none
aPUDE1U/335,yy_maleic acid,FP,none
aPUDE1U/654,yy_malic acid_peak cluster,FP,none
aPUDE1U/4467,yy_malic acid_peak cluster,FP,none
aPUDE1U/2688,yy_mandelic acid sulfate,FP,none
aPUDE1U/576,yy_Mandelic acid sulfate_MSMS not convincing,FP,none
aPUDE1U/2809,"yy_Mefenamic acid (Dealkylated, Dehydration, Reduction, Sulfation)",FP,none
aPUDE1U/4986,yy_Melibiose,FP,none
aPUDE1U/5911,yy_N-acetyl-D-galactosamine 4-sulfate_peak flank,FP,none
aPUDE1U/2523,yy_N-Acetyl-D-galactosaminitol,FP,none
aPUDE1U/3335,yy_N-acetyl-glucosamine,FP,none
aPUDE1U/524,yy_N-acetylvaline,FP,none
aPUDE1U/478,yy_N-acetyl-valine_to check,FP,none
aPUDE1U/3061,yy_N-acryloyl-aspartic acid,FP,none
aPUDE1U/423,yy_nonafluorohexylphosphonic acid_delta RTpred -103s,FP,none
aPUDE1U/4882,yy_NP-017053,FP,none
aPUDE1U/3344,yy_NP-022920_delta RTpred 38s,FP,none
aPUDE1U/545,yy_NP-024242,FP,none
aPUDE1U/575,yy_Ornidazoledelta RTpred -78s,FP,none
aPUDE1U/690,yy_oxoproline_RT 66s to authentic standard,FP,none
aPUDE1U/693,yy_pantothenic acid_authentic standard at 47s,FP,none
aPUDE1U/694,yy_pantothenic acid_authentic standard at 47s,FP,none
aPUDE1U/695,yy_pantothenic acid_authentic standard at 47s,FP,none
aPUDE1U/4958,yy_p-cresol sulfate_to check,FP,none
aPUDE1U/5898,yy_pentose_deltaRTpred +47s,FP,none
aPUDE1U/5652,yy_phenylacetylglycine_delta RTpred +32s,FP,none
aPUDE1U/594,yy_phosphate,FP,none
aPUDE1U/486,yy_Probenazole,FP,none
aPUDE1U/5541,yy_Psicose_delta RTpred 27s and lots of isomers,FP,none
aPUDE1U/4920,yy_pyrocatechol,FP,none
aPUDE1U/5362,yy_ribose,FP,none
aPUDE1U/4590,yy_ribose,FP,none
aPUDE1U/319,yy_ribose 1-phosphate,FP,none
aPUDE1U/5258,yy_sinapic acid sulfate_delta predRT -35s,FP,none
aPUDE1U/4087,yy_ST 24:1;O4;S,FP,none
aPUDE1U/2430,yy_succinic acid,FP,none
aPUDE1U/4622,yy_sulfo-jasmonate,FP,none
aPUDE1U/3151,yy_taurine,FP,none
aPUDE1U/4818,yy_Taurocholic acid peak cluster,FP,none
aPUDE1U/543,yy_taurodeoxycholic acid,FP,none
aPUDE1U/5902,yy_taurosteine,FP,none
aPUDE1U/5853,yy_tetraconazole derivative,FP,none
aPUDE1U/2704,yy_tetradecane-7-sulfonic acid,FP,none
aPUDE1U/4667,yy_tetradecane-7-sulfonic acid minor,FP,none
aPUDE1U/2946,yy_tetradecane-7-sulfonic acid too late,FP,none
aPUDE1U/1554,yy_tetradecane-7-sulfonic acid too late,FP,none
aPUDE1U/5735,yy_tetrahydrofuran metabolite,FP,none
aPUDE1U/1318,yy_thiamine,FP,none
aPUDE1U/437,yy_threonic acid,FP,none
aPUDE1U/503,yy_trimethyluric acid_delta RTpred +36s,FP,none
aPUDE1U/2921,yy_unknown,FP,none
aPUDE1U/5248,yy_vitamin C or glycyrrhizic acid,FP,none
aPUDE1U/479,yy_Vitamin C_delta RTpred -35s,FP,none
aPUDE1U/2371,yy_vitamin C_too early,FP,none
aPUDE1U/3278,yy_xanthine,FP,none
aPUDE1U/3583,yy_xanthine isomer,FP,none
aPUDE1U/5053,yy_xylose,FP,none
aPUDE1U/425,yy_xylose_delta RTpred +55s,FP,none
aPUDE1U/5610,yy_xylose_delta RTpred +59s,FP,none
aPUDE1U/5328,6-Fluoro-indol-4-amine,unlabeled,yellow
aPUDE1U/3956,4-hydroxypyridine-3-sulfonic Acid,unlabeled,light_blue
aPUDE1U/430,4-morpholinopropanesulfonic acid,unlabeled,yellow
aPUDE1U/4708,4-morpholinopropanesulfonic acid,unlabeled,yellow
aPUDE1U/1172,4-pyridoxic acid,unlabeled,yellow
aPUDE1U/309,"5,6-dihydrouridine",unlabeled,green
aPUDE1U/3846,5-[(chloroacetyl)amino]-2-hydroxybenzoic acid,unlabeled,light_blue
aPUDE1U/3847,5-[(chloroacetyl)amino]-2-hydroxybenzoic acid,unlabeled,light_blue
aPUDE1U/3843,5-[(chloroacetyl)amino]-2-hydroxybenzoic acid,unlabeled,light_blue
aPUDE1U/3399,5-amino-2-hydroxybenzenesulfonic acid,unlabeled,light_blue
aPUDE1U/4710,"5-bromo-4-chloro-4,5,5-trifluoropentanoic acid",unlabeled,light_blue
aPUDE1U/3266,5-bromopyridine-3-sulfonic acid,unlabeled,light_blue
aPUDE1U/2569,5-fluoro-1H-indazole-3-carboxylic acid,unlabeled,light_blue
aPUDE1U/4720,"5-hydroxy-3,4-dihydro-2(1H)-quinolinone",unlabeled,light_blue
aPUDE1U/3254,6-amino-4-hydroxy-2-naphthalenesulfonic acid,unlabeled,light_blue
aPUDE1U/955,6-amino-5-bromopyridine-3-sulfonic acid,unlabeled,yellow
aPUDE1U/3313,6-amino-5-bromopyridine-3-sulfonic acid,unlabeled,yellow
aPUDE1U/3314,"6-bromo-3-chloropyrazolo[1,5-a]pyrimidine-2-carboxylic acid",unlabeled,light_blue
aPUDE1U/356,6-bromoindole-3-carboxaldehyde,unlabeled,light_blue
aPUDE1U/3051,6-hydroxy-2-methylindole,unlabeled,light_blue
aPUDE1U/5288,6-hydroxy-indole-3-carboxylic acid,unlabeled,light_blue
aPUDE1U/3205,6-hydroxykynurenic acid,unlabeled,light_blue
aPUDE1U/927,6-methoxypurine,unlabeled,light_blue
aPUDE1U/1291,6-phosphogluconic acid,unlabeled,light_blue
aPUDE1U/3282,8-bromotheophylline,unlabeled,light_blue
aPUDE1U/3110,acamprosate,unlabeled,light_blue
aPUDE1U/3301,acamprosate,unlabeled,light_blue
aPUDE1U/3147,8-oxononanoic acid,unlabeled,light_blue
aPUDE1U/4016,acylcarnitine DC5:0,unlabeled,light_blue
aPUDE1U/5234,alanine,unlabeled,light_blue
aPUDE1U/4979,amercide,unlabeled,light_blue
aPUDE1U/2529,aminomalonic acid,unlabeled,light_blue
aPUDE1U/2381,arabinonic acid,unlabeled,light_blue
aPUDE1U/349,arginine,unlabeled,light_blue
aPUDE1U/911,ascorbic acid 2-phosphate,unlabeled,light_blue
aPUDE1U/4342,aspartic acid_to check,unlabeled,light_blue
aPUDE1U/3423,azathioprine,unlabeled,light_blue
aPUDE1U/3645,beta-alanine_minor,unlabeled,light_blue
aPUDE1U/680,bilirubin,unlabeled,light_blue
aPUDE1U/5450,biochanin A 7-O-.beta.-D-apiofuranosyl-(1->5)-.beta.-D-apiofuranosyl-(1->6)-.beta.-D-glucopyranoside,unlabeled,pink
aPUDE1U/2522,biochanin A 7-O-.beta.-D-apiofuranosyl-(1->5)-.beta.-D-apiofuranosyl-(1->6)-.beta.-D-glucopyranoside,unlabeled,pink
aPUDE1U/4674,cephalexin,unlabeled,light_blue
aPUDE1U/232,chenodeoxycholic acid,unlabeled,light_blue
aPUDE1U/209,chlorohexidine_b,unlabeled,pink
aPUDE1U/5925,chlorohexidine,unlabeled,pink
aPUDE1U/3077,"cholan-24-oic acid, 12-hydroxy-3-oxo-",unlabeled,green
aPUDE1U/2270,dehydroascorbic acid,unlabeled,yellow
aPUDE1U/3157,dehydroascorbic acid,unlabeled,yellow
aPUDE1U/3691,deoxycholic acid 3-sulfate,unlabeled,green
aPUDE1U/3018,deoxycholic acid 3-sulfate,unlabeled,light_blue
aPUDE1U/5922,dicamba,unlabeled,pink
aPUDE1U/5883,dehydroascorbic acid dimer,unlabeled,green
aPUDE1U/3646,citramalic acid,unlabeled,light_blue
aPUDE1U/4575,diethyl 2-[(2-hydroxyanilino)methylidene]propanedioate,unlabeled,light_blue
aPUDE1U/2507,citric acid_overload mountain,unlabeled,pink
aPUDE1U/4558,citric acid_overload mountain a,unlabeled,light_blue
aPUDE1U/5681,zz_no real peak,unlabeled,none
aPUDE1U/4323,zz_Uric acid_peak mountain,unlabeled,none
aPUDE1U/5964,"1,4-xylobiose",unlabeled,none
aPUDE1U/2515,12-hydroxyjasmonate sulfate,unlabeled,none
aPUDE1U/2665,2-(2-hydroxyethoxy)phenol,unlabeled,none
aPUDE1U/1383,2-chlorophenol-sulfate,unlabeled,none
aPUDE1U/2933,2-methoxyethanol sulfate,unlabeled,none
aPUDE1U/523,2-methoxyethanol sulfate_to check,unlabeled,none
aPUDE1U/596,"3,6,9-trioxaundecanedioic acid",unlabeled,none
aPUDE1U/397,4'-O-demethyl pantoprazole sulfide,unlabeled,none
aPUDE1U/2988,6'-sialyl-lactose,unlabeled,none
aPUDE1U/925,6'-sialyl-N-acetyllactosamine,unlabeled,none
aPUDE1U/2285,achatin-1,unlabeled,none
aPUDE1U/499,ascorbate-glycoside,unlabeled,none
aPUDE1U/3596,"cinnamic acid, glycosyl-",unlabeled,none
aPUDE1U/3365,diethylene glycol monoethyl ether sulfate,unlabeled,none
aPUDE1U/343,enicoflavine,unlabeled,none
aPUDE1U/2747,galactose,unlabeled,none
aPUDE1U/1064,galacturonic acid,unlabeled,none
aPUDE1U/311,GDP glucose,unlabeled,none
aPUDE1U/154,Gly Pro,unlabeled,none
aPUDE1U/1258,gulonolactone,unlabeled,none
aPUDE1U/492,hexahydrohippurate,unlabeled,none
aPUDE1U/5313,His-Gln,unlabeled,none
aPUDE1U/221,hydroxytyrosol glucuronide,unlabeled,none
aPUDE1U/3213,LPC 18:2,unlabeled,none
aPUDE1U/2739,LTB4,unlabeled,none
aPUDE1U/143,manninotriose,unlabeled,none
aPUDE1U/3199,manninotriose,unlabeled,none
aPUDE1U/418,NCGC00381445-01,unlabeled,none
aPUDE1U/5175,NP-017929,unlabeled,none
aPUDE1U/4883,NP-022519,unlabeled,none
aPUDE1U/622,NP-022920,unlabeled,none
aPUDE1U/557,ornithine,unlabeled,none
aPUDE1U/3396,PC 18:0_20:3,unlabeled,none
aPUDE1U/3273,PG 16:0_18:2,unlabeled,none
aPUDE1U/2260,PG 18:1_18:2,unlabeled,none
aPUDE1U/550,Phe-Pro,unlabeled,none
aPUDE1U/4389,sulfosuccinic acid,unlabeled,none
aPUDE1U/541,triflimide,unlabeled,none
aPUDE1U/537,yy_179.056_59,FP,none
aPUDE1U/460,yy_1799412-23-9_no delta RTpred,FP,none
aPUDE1U/434,yy_2-hydroxy-3-(1-methyl-1H-pyrazol-4-yl)propanoic acid,FP,none
aPUDE1U/487,yy_quinic acid_peak cluster,FP,none
aPUDE1U/2723,trifluoroacetic acid,unlabeled,light_blue
aPUDE1U/3137,Glu-Gly-Glu,unlabeled,light_blue
aPUDE1U/3204,tridecanedioic acid,unlabeled,light_blue
aPUDE1U/5435,tetradecane-7-sulfonic acid,unlabeled,green
aPUDE1U/3855,taurocholic acid_peak cluster,unlabeled,light_blue
aPUDE1U/3229,taurocholic acid_minor,unlabeled,light_blue
aPUDE1U/316,tartaric acid_minor,unlabeled,light_blue
aPUDE1U/600,sulfocholic acid a,unlabeled,green
aPUDE1U/3054,sulfocholic acid,unlabeled,green
aPUDE1U/4290,succinic acid,unlabeled,green
aPUDE1U/3581,PI 16:0_20:4,unlabeled,light_blue
aPUDE1U/609,"phloretic acid, sulfate",unlabeled,green
aPUDE1U/3141,phenol sulfate,unlabeled,green
aPUDE1U/5521,PE 20:4_18:0,unlabeled,pink
aPUDE1U/4618,PC 14:0_16:0,unlabeled,pink
aPUDE1U/3611,sulfonyldiacetic acid_very broad peak,unlabeled,pink
aPUDE1U/1,,unlabeled,none
aPUDE1U/2,,unlabeled,none
aPUDE1U/3,,unlabeled,none
aPUDE1U/4,,unlabeled,none
aPUDE1U/5,,unlabeled,none
aPUDE1U/7,,unlabeled,none
aPUDE1U/8,,unlabeled,none
aPUDE1U/9,,unlabeled,none
aPUDE1U/10,,unlabeled,none
aPUDE1U/11,,unlabeled,none
aPUDE1U/12,,unlabeled,none
aPUDE1U/13,,unlabeled,none
aPUDE1U/14,,unlabeled,none
aPUDE1U/15,,unlabeled,none
aPUDE1U/16,,unlabeled,none
aPUDE1U/17,,unlabeled,none
aPUDE1U/18,,unlabeled,none
aPUDE1U/19,,unlabeled,none
aPUDE1U/20,,unlabeled,none
aPUDE1U/23,,unlabeled,none
aPUDE1U/24,,unlabeled,none
aPUDE1U/25,,unlabeled,none
aPUDE1U/26,,unlabeled,none
aPUDE1U/27,,unlabeled,none
aPUDE1U/28,,unlabeled,none
aPUDE1U/29,,unlabeled,none
aPUDE1U/30,,unlabeled,none
aPUDE1U/31,,unlabeled,none
aPUDE1U/32,,unlabeled,none
aPUDE1U/33,,unlabeled,none
aPUDE1U/34,,unlabeled,none
aPUDE1U/35,,unlabeled,none
aPUDE1U/36,,unlabeled,none
aPUDE1U/37,,unlabeled,none
aPUDE1U/38,,unlabeled,none
aPUDE1U/39,,unlabeled,none
aPUDE1U/40,,unlabeled,none
aPUDE1U/41,,unlabeled,none
aPUDE1U/42,,unlabeled,none
aPUDE1U/43,,unlabeled,none
aPUDE1U/44,,unlabeled,none
aPUDE1U/45,,unlabeled,none
aPUDE1U/46,,unlabeled,none
aPUDE1U/47,,unlabeled,none
aPUDE1U/48,,unlabeled,none
aPUDE1U/49,,unlabeled,none
aPUDE1U/50,,unlabeled,none
aPUDE1U/51,,unlabeled,none
aPUDE1U/52,,unlabeled,none
aPUDE1U/53,,unlabeled,none
aPUDE1U/54,,unlabeled,none
aPUDE1U/55,,unlabeled,none
aPUDE1U/56,,unlabeled,none
aPUDE1U/57,,unlabeled,none
aPUDE1U/58,,unlabeled,none
aPUDE1U/59,,unlabeled,none
aPUDE1U/60,,unlabeled,none
aPUDE1U/61,,unlabeled,none
aPUDE1U/62,,unlabeled,none
aPUDE1U/63,,unlabeled,none
aPUDE1U/64,,unlabeled,none
aPUDE1U/65,,unlabeled,none
aPUDE1U/66,,unlabeled,none
aPUDE1U/67,,unlabeled,none
aPUDE1U/68,,unlabeled,none
aPUDE1U/69,,unlabeled,none
aPUDE1U/70,,unlabeled,none
aPUDE1U/71,,unlabeled,none
aPUDE1U/72,,unlabeled,none
aPUDE1U/73,,unlabeled,none
aPUDE1U/74,,unlabeled,none
aPUDE1U/75,,unlabeled,none
aPUDE1U/76,,unlabeled,none
aPUDE1U/77,,unlabeled,none
aPUDE1U/78,,unlabeled,none
aPUDE1U/79,,unlabeled,none
aPUDE1U/80,,unlabeled,none
aPUDE1U/81,,unlabeled,none
aPUDE1U/82,,unlabeled,none
aPUDE1U/83,,unlabeled,none
aPUDE1U/84,,unlabeled,none
aPUDE1U/85,,unlabeled,none
aPUDE1U/86,,unlabeled,none
aPUDE1U/87,,unlabeled,none
aPUDE1U/88,,unlabeled,none
aPUDE1U/89,,unlabeled,none
aPUDE1U/90,,unlabeled,none
aPUDE1U/91,,unlabeled,none
aPUDE1U/92,,unlabeled,none
aPUDE1U/93,,unlabeled,none
aPUDE1U/94,,unlabeled,none
aPUDE1U/95,,unlabeled,none
aPUDE1U/96,,unlabeled,none
aPUDE1U/97,,unlabeled,none
aPUDE1U/98,,unlabeled,none
aPUDE1U/99,,unlabeled,none
aPUDE1U/100,,unlabeled,none
aPUDE1U/101,,unlabeled,none
aPUDE1U/102,,unlabeled,none
aPUDE1U/103,,unlabeled,none
aPUDE1U/104,,unlabeled,none
aPUDE1U/105,,unlabeled,none
aPUDE1U/106,,unlabeled,none
aPUDE1U/107,,unlabeled,none
aPUDE1U/108,,unlabeled,none
aPUDE1U/109,,unlabeled,none
aPUDE1U/110,,unlabeled,none
aPUDE1U/111,,unlabeled,none
aPUDE1U/112,,unlabeled,none
aPUDE1U/113,,unlabeled,none
aPUDE1U/114,,unlabeled,none
aPUDE1U/115,,unlabeled,none
aPUDE1U/116,,unlabeled,none
aPUDE1U/117,,unlabeled,none
aPUDE1U/118,,unlabeled,none
aPUDE1U/119,,unlabeled,none
aPUDE1U/120,,unlabeled,none
aPUDE1U/121,,unlabeled,none
aPUDE1U/122,,unlabeled,none
aPUDE1U/123,,unlabeled,none
aPUDE1U/124,,unlabeled,none
aPUDE1U/125,,unlabeled,none
aPUDE1U/126,,unlabeled,none
aPUDE1U/127,,unlabeled,none
aPUDE1U/128,,unlabeled,none
aPUDE1U/129,,unlabeled,none
aPUDE1U/130,,unlabeled,none
aPUDE1U/131,,unlabeled,none
aPUDE1U/132,,unlabeled,none
aPUDE1U/133,,unlabeled,none
aPUDE1U/134,,unlabeled,none
aPUDE1U/135,,unlabeled,none
aPUDE1U/136,,unlabeled,none
aPUDE1U/137,,unlabeled,none
aPUDE1U/138,,unlabeled,none
aPUDE1U/139,,unlabeled,none
aPUDE1U/140,,unlabeled,none
aPUDE1U/141,,unlabeled,none
aPUDE1U/142,,unlabeled,none
aPUDE1U/144,,unlabeled,none
aPUDE1U/145,,unlabeled,none
aPUDE1U/147,,unlabeled,none
aPUDE1U/148,,unlabeled,none
aPUDE1U/149,,unlabeled,none
aPUDE1U/150,,unlabeled,none
aPUDE1U/151,,unlabeled,none
aPUDE1U/152,,unlabeled,none
aPUDE1U/153,,unlabeled,none
aPUDE1U/155,,unlabeled,none
aPUDE1U/156,,unlabeled,none
aPUDE1U/157,,unlabeled,none
aPUDE1U/158,,unlabeled,none
aPUDE1U/159,,unlabeled,none
aPUDE1U/160,,unlabeled,none
aPUDE1U/161,,unlabeled,none
aPUDE1U/162,,unlabeled,none
aPUDE1U/163,,unlabeled,none
aPUDE1U/164,,unlabeled,none
aPUDE1U/165,,unlabeled,none
aPUDE1U/166,,unlabeled,none
aPUDE1U/167,,unlabeled,none
aPUDE1U/168,,unlabeled,none
aPUDE1U/169,,unlabeled,none
aPUDE1U/170,,unlabeled,none
aPUDE1U/171,,unlabeled,none
aPUDE1U/172,,unlabeled,none
aPUDE1U/173,,unlabeled,none
aPUDE1U/174,,unlabeled,none
aPUDE1U/175,,unlabeled,none
aPUDE1U/176,,unlabeled,none
aPUDE1U/177,,unlabeled,none
aPUDE1U/178,,unlabeled,none
aPUDE1U/179,,unlabeled,none
aPUDE1U/180,,unlabeled,none
aPUDE1U/181,,unlabeled,none
aPUDE1U/182,,unlabeled,none
aPUDE1U/183,,unlabeled,none
aPUDE1U/184,,unlabeled,none
aPUDE1U/185,,unlabeled,none
aPUDE1U/186,,unlabeled,none
aPUDE1U/187,,unlabeled,none
aPUDE1U/188,,unlabeled,none
aPUDE1U/189,,unlabeled,none
aPUDE1U/190,,unlabeled,none
aPUDE1U/191,,unlabeled,none
aPUDE1U/192,,unlabeled,none
aPUDE1U/193,,unlabeled,none
aPUDE1U/194,,unlabeled,none
aPUDE1U/195,,unlabeled,none
aPUDE1U/196,,unlabeled,none
aPUDE1U/197,,unlabeled,none
aPUDE1U/198,,unlabeled,none
aPUDE1U/201,,unlabeled,none
aPUDE1U/203,,unlabeled,none
aPUDE1U/204,,unlabeled,none
aPUDE1U/205,,unlabeled,none
aPUDE1U/213,,unlabeled,none
aPUDE1U/214,,unlabeled,none
aPUDE1U/215,,unlabeled,none
aPUDE1U/216,,unlabeled,none
aPUDE1U/217,,unlabeled,none
aPUDE1U/218,,unlabeled,none
aPUDE1U/219,,unlabeled,none
aPUDE1U/222,,unlabeled,none
aPUDE1U/223,,unlabeled,none
aPUDE1U/224,,unlabeled,none
aPUDE1U/225,,unlabeled,none
aPUDE1U/226,,unlabeled,none
aPUDE1U/227,,unlabeled,none
aPUDE1U/228,,unlabeled,none
aPUDE1U/229,,unlabeled,none
aPUDE1U/230,,unlabeled,none
aPUDE1U/231,,unlabeled,none
aPUDE1U/233,,unlabeled,none
aPUDE1U/235,,unlabeled,none
aPUDE1U/236,,unlabeled,none
aPUDE1U/239,,unlabeled,none
aPUDE1U/241,,unlabeled,none
aPUDE1U/242,,unlabeled,none
aPUDE1U/245,,unlabeled,none
aPUDE1U/247,,unlabeled,none
aPUDE1U/249,,unlabeled,none
aPUDE1U/250,,unlabeled,none
aPUDE1U/251,,unlabeled,none
aPUDE1U/252,,unlabeled,none
aPUDE1U/253,,unlabeled,none
aPUDE1U/260,,unlabeled,none
aPUDE1U/263,,unlabeled,none
aPUDE1U/264,,unlabeled,none
aPUDE1U/265,,unlabeled,none
aPUDE1U/267,,unlabeled,none
aPUDE1U/269,,unlabeled,none
aPUDE1U/270,,unlabeled,none
aPUDE1U/271,,unlabeled,none
aPUDE1U/272,,unlabeled,none
aPUDE1U/274,,unlabeled,none
aPUDE1U/275,,unlabeled,none
aPUDE1U/277,,unlabeled,none
aPUDE1U/278,,unlabeled,none
aPUDE1U/279,,unlabeled,none
aPUDE1U/280,,unlabeled,none
aPUDE1U/281,,unlabeled,none
aPUDE1U/282,,unlabeled,none
aPUDE1U/283,,unlabeled,none
aPUDE1U/284,,unlabeled,none
aPUDE1U/287,,unlabeled,none
aPUDE1U/288,,unlabeled,none
aPUDE1U/289,,unlabeled,none
aPUDE1U/293,,unlabeled,none
aPUDE1U/294,,unlabeled,none
aPUDE1U/295,,unlabeled,none
aPUDE1U/296,,unlabeled,none
aPUDE1U/306,,unlabeled,none
aPUDE1U/313,,unlabeled,none
aPUDE1U/314,,unlabeled,none
aPUDE1U/317,,unlabeled,none
aPUDE1U/318,,unlabeled,none
aPUDE1U/321,,unlabeled,none
aPUDE1U/322,,unlabeled,none
aPUDE1U/323,,unlabeled,none
aPUDE1U/324,,unlabeled,none
aPUDE1U/325,,unlabeled,none
aPUDE1U/326,,unlabeled,none
aPUDE1U/327,,unlabeled,none
aPUDE1U/329,,unlabeled,none
aPUDE1U/330,,unlabeled,none
aPUDE1U/337,,unlabeled,none
aPUDE1U/338,,unlabeled,none
aPUDE1U/339,,unlabeled,none
aPUDE1U/340,,unlabeled,none
aPUDE1U/341,,unlabeled,none
aPUDE1U/346,,unlabeled,none
aPUDE1U/347,,unlabeled,none
aPUDE1U/348,,unlabeled,none
aPUDE1U/351,,unlabeled,none
aPUDE1U/354,,unlabeled,none
aPUDE1U/355,,unlabeled,none
aPUDE1U/357,,unlabeled,none
aPUDE1U/358,,unlabeled,none
aPUDE1U/359,,unlabeled,none
aPUDE1U/360,,unlabeled,none
aPUDE1U/361,,unlabeled,none
aPUDE1U/362,,unlabeled,none
aPUDE1U/363,,unlabeled,none
aPUDE1U/364,,unlabeled,none
aPUDE1U/365,,unlabeled,none
aPUDE1U/367,,unlabeled,none
aPUDE1U/368,,unlabeled,none
aPUDE1U/369,,unlabeled,none
aPUDE1U/370,,unlabeled,none
aPUDE1U/371,,unlabeled,none
aPUDE1U/372,,unlabeled,none
aPUDE1U/373,,unlabeled,none
aPUDE1U/374,,unlabeled,none
aPUDE1U/375,,unlabeled,none
aPUDE1U/376,,unlabeled,none
aPUDE1U/377,,unlabeled,none
aPUDE1U/378,,unlabeled,none
aPUDE1U/379,,unlabeled,none
aPUDE1U/380,,unlabeled,none
aPUDE1U/381,,unlabeled,none
aPUDE1U/382,,unlabeled,none
aPUDE1U/383,,unlabeled,none
aPUDE1U/384,,unlabeled,none
aPUDE1U/385,,unlabeled,none
aPUDE1U/386,,unlabeled,none
aPUDE1U/387,,unlabeled,none
aPUDE1U/388,,unlabeled,none
aPUDE1U/389,,unlabeled,none
aPUDE1U/390,,unlabeled,none
aPUDE1U/391,,unlabeled,none
aPUDE1U/392,,unlabeled,none
aPUDE1U/393,,unlabeled,none
aPUDE1U/394,,unlabeled,none
aPUDE1U/395,,unlabeled,none
aPUDE1U/396,,unlabeled,none
aPUDE1U/398,,unlabeled,none
aPUDE1U/399,,unlabeled,none
aPUDE1U/400,,unlabeled,none
aPUDE1U/401,,unlabeled,none
aPUDE1U/403,,unlabeled,none
aPUDE1U/404,,unlabeled,none
aPUDE1U/405,,unlabeled,none
aPUDE1U/406,,unlabeled,none
aPUDE1U/408,,unlabeled,none
aPUDE1U/409,,unlabeled,none
aPUDE1U/410,,unlabeled,none
aPUDE1U/412,,unlabeled,none
aPUDE1U/421,,unlabeled,none
aPUDE1U/424,,unlabeled,none
aPUDE1U/427,,unlabeled,none
aPUDE1U/533,,unlabeled,none
aPUDE1U/561,,unlabeled,none
aPUDE1U/562,,unlabeled,none
aPUDE1U/563,,unlabeled,none
aPUDE1U/564,,unlabeled,none
aPUDE1U/565,,unlabeled,none
aPUDE1U/566,,unlabeled,none
aPUDE1U/567,,unlabeled,none
aPUDE1U/568,,unlabeled,none
aPUDE1U/569,,unlabeled,none
aPUDE1U/570,,unlabeled,none
aPUDE1U/572,,unlabeled,none
aPUDE1U/573,,unlabeled,none
aPUDE1U/574,,unlabeled,none
aPUDE1U/577,,unlabeled,none
aPUDE1U/578,,unlabeled,none
aPUDE1U/579,,unlabeled,none
aPUDE1U/580,,unlabeled,none
aPUDE1U/581,,unlabeled,none
aPUDE1U/582,,unlabeled,none
aPUDE1U/583,,unlabeled,none
aPUDE1U/586,,unlabeled,none
aPUDE1U/587,,unlabeled,none
aPUDE1U/589,,unlabeled,none
aPUDE1U/592,,unlabeled,none
aPUDE1U/593,,unlabeled,none
aPUDE1U/597,,unlabeled,none
aPUDE1U/602,,unlabeled,none
aPUDE1U/603,,unlabeled,none
aPUDE1U/604,,unlabeled,none
aPUDE1U/606,,unlabeled,none
aPUDE1U/607,,unlabeled,none
aPUDE1U/608,,unlabeled,none
aPUDE1U/610,,unlabeled,none
aPUDE1U/611,,unlabeled,none
aPUDE1U/612,,unlabeled,none
aPUDE1U/613,,unlabeled,none
aPUDE1U/614,,unlabeled,none
aPUDE1U/615,,unlabeled,none
aPUDE1U/616,,unlabeled,none
aPUDE1U/617,,unlabeled,none
aPUDE1U/619,,unlabeled,none
aPUDE1U/620,,unlabeled,none
aPUDE1U/621,,unlabeled,none
aPUDE1U/623,,unlabeled,none
aPUDE1U/624,,unlabeled,none
aPUDE1U/625,,unlabeled,none
aPUDE1U/626,,unlabeled,none
aPUDE1U/627,,unlabeled,none
aPUDE1U/629,,unlabeled,none
aPUDE1U/630,,unlabeled,none
aPUDE1U/631,,unlabeled,none
aPUDE1U/633,,unlabeled,none
aPUDE1U/634,,unlabeled,none
aPUDE1U/635,,unlabeled,none
aPUDE1U/636,,unlabeled,none
aPUDE1U/638,,unlabeled,none
aPUDE1U/639,,unlabeled,none
aPUDE1U/640,,unlabeled,none
aPUDE1U/641,,unlabeled,none
aPUDE1U/642,,unlabeled,none
aPUDE1U/643,,unlabeled,none
aPUDE1U/644,,unlabeled,none
aPUDE1U/646,,unlabeled,none
aPUDE1U/647,,unlabeled,none
aPUDE1U/648,,unlabeled,none
aPUDE1U/649,,unlabeled,none
aPUDE1U/650,,unlabeled,none
aPUDE1U/651,,unlabeled,none
aPUDE1U/652,,unlabeled,none
aPUDE1U/653,,unlabeled,none
aPUDE1U/655,,unlabeled,none
aPUDE1U/657,,unlabeled,none
aPUDE1U/659,,unlabeled,none
aPUDE1U/660,,unlabeled,none
aPUDE1U/661,,unlabeled,none
aPUDE1U/663,,unlabeled,none
aPUDE1U/664,,unlabeled,none
aPUDE1U/666,,unlabeled,none
aPUDE1U/667,,unlabeled,none
aPUDE1U/669,,unlabeled,none
aPUDE1U/670,,unlabeled,none
aPUDE1U/672,,unlabeled,none
aPUDE1U/673,,unlabeled,none
aPUDE1U/675,,unlabeled,none
aPUDE1U/677,,unlabeled,none
aPUDE1U/682,,unlabeled,none
aPUDE1U/684,,unlabeled,none
aPUDE1U/687,,unlabeled,none
aPUDE1U/696,,unlabeled,none
aPUDE1U/699,,unlabeled,none
aPUDE1U/701,,unlabeled,none
aPUDE1U/702,,unlabeled,none
aPUDE1U/703,,unlabeled,none
aPUDE1U/705,,unlabeled,none
aPUDE1U/707,,unlabeled,none
aPUDE1U/708,,unlabeled,none
aPUDE1U/714,,unlabeled,none
aPUDE1U/715,,unlabeled,none
aPUDE1U/717,,unlabeled,none
aPUDE1U/718,,unlabeled,none
aPUDE1U/719,,unlabeled,none
aPUDE1U/722,,unlabeled,none
aPUDE1U/723,,unlabeled,none
aPUDE1U/724,,unlabeled,none
aPUDE1U/725,,unlabeled,none
aPUDE1U/727,,unlabeled,none
aPUDE1U/728,,unlabeled,none
aPUDE1U/730,,unlabeled,none
aPUDE1U/731,,unlabeled,none
aPUDE1U/733,,unlabeled,none
aPUDE1U/734,,unlabeled,none
aPUDE1U/736,,unlabeled,none
aPUDE1U/737,,unlabeled,none
aPUDE1U/738,,unlabeled,none
aPUDE1U/739,,unlabeled,none
aPUDE1U/740,,unlabeled,none
aPUDE1U/741,,unlabeled,none
aPUDE1U/742,,unlabeled,none
aPUDE1U/743,,unlabeled,none
aPUDE1U/745,,unlabeled,none
aPUDE1U/746,,unlabeled,none
aPUDE1U/747,,unlabeled,none
aPUDE1U/750,,unlabeled,none
aPUDE1U/751,,unlabeled,none
aPUDE1U/752,,unlabeled,none
aPUDE1U/753,,unlabeled,none
aPUDE1U/754,,unlabeled,none
aPUDE1U/755,,unlabeled,none
aPUDE1U/756,,unlabeled,none
aPUDE1U/757,,unlabeled,none
aPUDE1U/758,,unlabeled,none
aPUDE1U/759,,unlabeled,none
aPUDE1U/760,,unlabeled,none
aPUDE1U/762,,unlabeled,none
aPUDE1U/763,,unlabeled,none
aPUDE1U/764,,unlabeled,none
aPUDE1U/765,,unlabeled,none
aPUDE1U/766,,unlabeled,none
aPUDE1U/767,,unlabeled,none
aPUDE1U/768,,unlabeled,none
aPUDE1U/769,,unlabeled,none
aPUDE1U/770,,unlabeled,none
aPUDE1U/771,,unlabeled,none
aPUDE1U/772,,unlabeled,none
aPUDE1U/774,,unlabeled,none
aPUDE1U/777,,unlabeled,none
aPUDE1U/778,,unlabeled,none
aPUDE1U/779,,unlabeled,none
aPUDE1U/780,,unlabeled,none
aPUDE1U/781,,unlabeled,none
aPUDE1U/782,,unlabeled,none
aPUDE1U/783,,unlabeled,none
aPUDE1U/784,,unlabeled,none
aPUDE1U/786,,unlabeled,none
aPUDE1U/787,,unlabeled,none
aPUDE1U/789,,unlabeled,none
aPUDE1U/790,,unlabeled,none
aPUDE1U/791,,unlabeled,none
aPUDE1U/792,,unlabeled,none
aPUDE1U/794,,unlabeled,none
aPUDE1U/795,,unlabeled,none
aPUDE1U/796,,unlabeled,none
aPUDE1U/797,,unlabeled,none
aPUDE1U/798,,unlabeled,none
aPUDE1U/799,,unlabeled,none
aPUDE1U/800,,unlabeled,none
aPUDE1U/801,,unlabeled,none
aPUDE1U/802,,unlabeled,none
aPUDE1U/804,,unlabeled,none
aPUDE1U/805,,unlabeled,none
aPUDE1U/806,,unlabeled,none
aPUDE1U/808,,unlabeled,none
aPUDE1U/810,,unlabeled,none
aPUDE1U/812,,unlabeled,none
aPUDE1U/819,,unlabeled,none
aPUDE1U/820,,unlabeled,none
aPUDE1U/821,,unlabeled,none
aPUDE1U/825,,unlabeled,none
aPUDE1U/826,,unlabeled,none
aPUDE1U/827,,unlabeled,none
aPUDE1U/828,,unlabeled,none
aPUDE1U/829,,unlabeled,none
aPUDE1U/830,,unlabeled,none
aPUDE1U/831,,unlabeled,none
aPUDE1U/834,,unlabeled,none
aPUDE1U/835,,unlabeled,none
aPUDE1U/837,,unlabeled,none
aPUDE1U/838,,unlabeled,none
aPUDE1U/839,,unlabeled,none
aPUDE1U/841,,unlabeled,none
aPUDE1U/843,,unlabeled,none
aPUDE1U/844,,unlabeled,none
aPUDE1U/847,,unlabeled,none
aPUDE1U/848,,unlabeled,none
aPUDE1U/850,,unlabeled,none
aPUDE1U/853,,unlabeled,none
aPUDE1U/855,,unlabeled,none
aPUDE1U/856,,unlabeled,none
aPUDE1U/857,,unlabeled,none
aPUDE1U/858,,unlabeled,none
aPUDE1U/859,,unlabeled,none
aPUDE1U/860,,unlabeled,none
aPUDE1U/861,,unlabeled,none
aPUDE1U/862,,unlabeled,none
aPUDE1U/864,,unlabeled,none
aPUDE1U/865,,unlabeled,none
aPUDE1U/866,,unlabeled,none
aPUDE1U/867,,unlabeled,none
aPUDE1U/870,,unlabeled,none
aPUDE1U/873,,unlabeled,none
aPUDE1U/874,,unlabeled,none
aPUDE1U/875,,unlabeled,none
aPUDE1U/876,,unlabeled,none
aPUDE1U/877,,unlabeled,none
aPUDE1U/880,,unlabeled,none
aPUDE1U/884,,unlabeled,none
aPUDE1U/885,,unlabeled,none
aPUDE1U/887,,unlabeled,none
aPUDE1U/888,,unlabeled,none
aPUDE1U/889,,unlabeled,none
aPUDE1U/890,,unlabeled,none
aPUDE1U/892,,unlabeled,none
aPUDE1U/893,,unlabeled,none
aPUDE1U/894,,unlabeled,none
aPUDE1U/895,,unlabeled,none
aPUDE1U/898,,unlabeled,none
aPUDE1U/899,,unlabeled,none
aPUDE1U/900,,unlabeled,none
aPUDE1U/901,,unlabeled,none
aPUDE1U/902,,unlabeled,none
aPUDE1U/904,,unlabeled,none
aPUDE1U/907,,unlabeled,none
aPUDE1U/908,,unlabeled,none
aPUDE1U/909,,unlabeled,none
aPUDE1U/910,,unlabeled,none
aPUDE1U/914,,unlabeled,none
aPUDE1U/916,,unlabeled,none
aPUDE1U/917,,unlabeled,none
aPUDE1U/922,,unlabeled,none
aPUDE1U/928,,unlabeled,none
aPUDE1U/931,,unlabeled,none
aPUDE1U/935,,unlabeled,none
aPUDE1U/939,,unlabeled,none
aPUDE1U/941,,unlabeled,none
aPUDE1U/942,,unlabeled,none
aPUDE1U/943,,unlabeled,none
aPUDE1U/944,,unlabeled,none
aPUDE1U/946,,unlabeled,none
aPUDE1U/947,,unlabeled,none
aPUDE1U/948,,unlabeled,none
aPUDE1U/949,,unlabeled,none
aPUDE1U/950,,unlabeled,none
aPUDE1U/951,,unlabeled,none
aPUDE1U/952,,unlabeled,none
aPUDE1U/953,,unlabeled,none
aPUDE1U/958,,unlabeled,none
aPUDE1U/960,,unlabeled,none
aPUDE1U/965,,unlabeled,none
aPUDE1U/969,,unlabeled,none
aPUDE1U/971,,unlabeled,none
aPUDE1U/972,,unlabeled,none
aPUDE1U/975,,unlabeled,none
aPUDE1U/976,,unlabeled,none
aPUDE1U/977,,unlabeled,none
aPUDE1U/978,,unlabeled,none
aPUDE1U/979,,unlabeled,none
aPUDE1U/980,,unlabeled,none
aPUDE1U/982,,unlabeled,none
aPUDE1U/983,,unlabeled,none
aPUDE1U/984,,unlabeled,none
aPUDE1U/985,,unlabeled,none
aPUDE1U/986,,unlabeled,none
aPUDE1U/987,,unlabeled,none
aPUDE1U/989,,unlabeled,none
aPUDE1U/991,,unlabeled,none
aPUDE1U/992,,unlabeled,none
aPUDE1U/993,,unlabeled,none
aPUDE1U/995,,unlabeled,none
aPUDE1U/996,,unlabeled,none
aPUDE1U/997,,unlabeled,none
aPUDE1U/998,,unlabeled,none
aPUDE1U/999,,unlabeled,none
aPUDE1U/1000,,unlabeled,none
aPUDE1U/1001,,unlabeled,none
aPUDE1U/1002,,unlabeled,none
aPUDE1U/1003,,unlabeled,none
aPUDE1U/1004,,unlabeled,none
aPUDE1U/1005,,unlabeled,none
aPUDE1U/1007,,unlabeled,none
aPUDE1U/1010,,unlabeled,none
aPUDE1U/1011,,unlabeled,none
aPUDE1U/1013,,unlabeled,none
aPUDE1U/1014,,unlabeled,none
aPUDE1U/1015,,unlabeled,none
aPUDE1U/1018,,unlabeled,none
aPUDE1U/1022,,unlabeled,none
aPUDE1U/1024,,unlabeled,none
aPUDE1U/1025,,unlabeled,none
aPUDE1U/1027,,unlabeled,none
aPUDE1U/1028,,unlabeled,none
aPUDE1U/1029,,unlabeled,none
aPUDE1U/1031,,unlabeled,none
aPUDE1U/1033,,unlabeled,none
aPUDE1U/1034,,unlabeled,none
aPUDE1U/1035,,unlabeled,none
aPUDE1U/1036,,unlabeled,none
aPUDE1U/1037,,unlabeled,none
aPUDE1U/1038,,unlabeled,none
aPUDE1U/1040,,unlabeled,none
aPUDE1U/1041,,unlabeled,none
aPUDE1U/1042,,unlabeled,none
aPUDE1U/1043,,unlabeled,none
aPUDE1U/1044,,unlabeled,none
aPUDE1U/1045,,unlabeled,none
aPUDE1U/1046,,unlabeled,none
aPUDE1U/1050,,unlabeled,none
aPUDE1U/1051,,unlabeled,none
aPUDE1U/1052,,unlabeled,none
aPUDE1U/1053,,unlabeled,none
aPUDE1U/1054,,unlabeled,none
aPUDE1U/1055,,unlabeled,none
aPUDE1U/1057,,unlabeled,none
aPUDE1U/1058,,unlabeled,none
aPUDE1U/1060,,unlabeled,none
aPUDE1U/1061,,unlabeled,none
aPUDE1U/1066,,unlabeled,none
aPUDE1U/1067,,unlabeled,none
aPUDE1U/1068,,unlabeled,none
aPUDE1U/1069,,unlabeled,none
aPUDE1U/1070,,unlabeled,none
aPUDE1U/1071,,unlabeled,none
aPUDE1U/1072,,unlabeled,none
aPUDE1U/1073,,unlabeled,none
aPUDE1U/1074,,unlabeled,none
aPUDE1U/1075,,unlabeled,none
aPUDE1U/1077,,unlabeled,none
aPUDE1U/1078,,unlabeled,none
aPUDE1U/1079,,unlabeled,none
aPUDE1U/1080,,unlabeled,none
aPUDE1U/1082,,unlabeled,none
aPUDE1U/1083,,unlabeled,none
aPUDE1U/1085,,unlabeled,none
aPUDE1U/1086,,unlabeled,none
aPUDE1U/1087,,unlabeled,none
aPUDE1U/1088,,unlabeled,none
aPUDE1U/1089,,unlabeled,none
aPUDE1U/1090,,unlabeled,none
aPUDE1U/1091,,unlabeled,none
aPUDE1U/1092,,unlabeled,none
aPUDE1U/1094,,unlabeled,none
aPUDE1U/1095,,unlabeled,none
aPUDE1U/1096,,unlabeled,none
aPUDE1U/1099,,unlabeled,none
aPUDE1U/1100,,unlabeled,none
aPUDE1U/1101,,unlabeled,none
aPUDE1U/1103,,unlabeled,none
aPUDE1U/1104,,unlabeled,none
aPUDE1U/1105,,unlabeled,none
aPUDE1U/1106,,unlabeled,none
aPUDE1U/1107,,unlabeled,none
aPUDE1U/1109,,unlabeled,none
aPUDE1U/1111,,unlabeled,none
aPUDE1U/1113,,unlabeled,none
aPUDE1U/1116,,unlabeled,none
aPUDE1U/1117,,unlabeled,none
aPUDE1U/1118,,unlabeled,none
aPUDE1U/1122,,unlabeled,none
aPUDE1U/1124,,unlabeled,none
aPUDE1U/1126,,unlabeled,none
aPUDE1U/1127,,unlabeled,none
aPUDE1U/1128,,unlabeled,none
aPUDE1U/1129,,unlabeled,none
aPUDE1U/1130,,unlabeled,none
aPUDE1U/1131,,unlabeled,none
aPUDE1U/1132,,unlabeled,none
aPUDE1U/1133,,unlabeled,none
aPUDE1U/1135,,unlabeled,none
aPUDE1U/1136,,unlabeled,none
aPUDE1U/1138,,unlabeled,none
aPUDE1U/1139,,unlabeled,none
aPUDE1U/1140,,unlabeled,none
aPUDE1U/1141,,unlabeled,none
aPUDE1U/1142,,unlabeled,none
aPUDE1U/1144,,unlabeled,none
aPUDE1U/1145,,unlabeled,none
aPUDE1U/1147,,unlabeled,none
aPUDE1U/1148,,unlabeled,none
aPUDE1U/1149,,unlabeled,none
aPUDE1U/1150,,unlabeled,none
aPUDE1U/1151,,unlabeled,none
aPUDE1U/1152,,unlabeled,none
aPUDE1U/1153,,unlabeled,none
aPUDE1U/1154,,unlabeled,none
aPUDE1U/1155,,unlabeled,none
aPUDE1U/1156,,unlabeled,none
aPUDE1U/1160,,unlabeled,none
aPUDE1U/1161,,unlabeled,none
aPUDE1U/1162,,unlabeled,none
aPUDE1U/1163,,unlabeled,none
aPUDE1U/1164,,unlabeled,none
aPUDE1U/1166,,unlabeled,none
aPUDE1U/1167,,unlabeled,none
aPUDE1U/1168,,unlabeled,none
aPUDE1U/1169,,unlabeled,none
aPUDE1U/1170,,unlabeled,none
aPUDE1U/1171,,unlabeled,none
aPUDE1U/1173,,unlabeled,none
aPUDE1U/1174,,unlabeled,none
aPUDE1U/1176,,unlabeled,none
aPUDE1U/1177,,unlabeled,none
aPUDE1U/1178,,unlabeled,none
aPUDE1U/1179,,unlabeled,none
aPUDE1U/1181,,unlabeled,none
aPUDE1U/1182,,unlabeled,none
aPUDE1U/1183,,unlabeled,none
aPUDE1U/1184,,unlabeled,none
aPUDE1U/1185,,unlabeled,none
aPUDE1U/1186,,unlabeled,none
aPUDE1U/1187,,unlabeled,none
aPUDE1U/1191,,unlabeled,none
aPUDE1U/1192,,unlabeled,none
aPUDE1U/1194,,unlabeled,none
aPUDE1U/1196,,unlabeled,none
aPUDE1U/1197,,unlabeled,none
aPUDE1U/1199,,unlabeled,none
aPUDE1U/1200,,unlabeled,none
aPUDE1U/1203,,unlabeled,none
aPUDE1U/1204,,unlabeled,none
aPUDE1U/1206,,unlabeled,none
aPUDE1U/1208,,unlabeled,none
aPUDE1U/1209,,unlabeled,none
aPUDE1U/1210,,unlabeled,none
aPUDE1U/1211,,unlabeled,none
aPUDE1U/1212,,unlabeled,none
aPUDE1U/1213,,unlabeled,none
aPUDE1U/1214,,unlabeled,none
aPUDE1U/1215,,unlabeled,none
aPUDE1U/1216,,unlabeled,none
aPUDE1U/1217,,unlabeled,none
aPUDE1U/1219,,unlabeled,none
aPUDE1U/1222,,unlabeled,none
aPUDE1U/1223,,unlabeled,none
aPUDE1U/1224,,unlabeled,none
aPUDE1U/1225,,unlabeled,none
aPUDE1U/1226,,unlabeled,none
aPUDE1U/1227,,unlabeled,none
aPUDE1U/1229,,unlabeled,none
aPUDE1U/1231,,unlabeled,none
aPUDE1U/1233,,unlabeled,none
aPUDE1U/1236,,unlabeled,none
aPUDE1U/1239,,unlabeled,none
aPUDE1U/1240,,unlabeled,none
aPUDE1U/1241,,unlabeled,none
aPUDE1U/1242,,unlabeled,none
aPUDE1U/1243,,unlabeled,none
aPUDE1U/1244,,unlabeled,none
aPUDE1U/1245,,unlabeled,none
aPUDE1U/1246,,unlabeled,none
aPUDE1U/1247,,unlabeled,none
aPUDE1U/1248,,unlabeled,none
aPUDE1U/1249,,unlabeled,none
aPUDE1U/1250,,unlabeled,none
aPUDE1U/1251,,unlabeled,none
aPUDE1U/1252,,unlabeled,none
aPUDE1U/1253,,unlabeled,none
aPUDE1U/1255,,unlabeled,none
aPUDE1U/1256,,unlabeled,none
aPUDE1U/1257,,unlabeled,none
aPUDE1U/1259,,unlabeled,none
aPUDE1U/1260,,unlabeled,none
aPUDE1U/1261,,unlabeled,none
aPUDE1U/1262,,unlabeled,none
aPUDE1U/1263,,unlabeled,none
aPUDE1U/1265,,unlabeled,none
aPUDE1U/1266,,unlabeled,none
aPUDE1U/1268,,unlabeled,none
aPUDE1U/1269,,unlabeled,none
aPUDE1U/1272,,unlabeled,none
aPUDE1U/1273,,unlabeled,none
aPUDE1U/1274,,unlabeled,none
aPUDE1U/1275,,unlabeled,none
aPUDE1U/1276,,unlabeled,none
aPUDE1U/1277,,unlabeled,none
aPUDE1U/1278,,unlabeled,none
aPUDE1U/1279,,unlabeled,none
aPUDE1U/1281,,unlabeled,none
aPUDE1U/1284,,unlabeled,none
aPUDE1U/1285,,unlabeled,none
aPUDE1U/1286,,unlabeled,none
aPUDE1U/1289,,unlabeled,none
aPUDE1U/1290,,unlabeled,none
aPUDE1U/1292,,unlabeled,none
aPUDE1U/1293,,unlabeled,none
aPUDE1U/1294,,unlabeled,none
aPUDE1U/1295,,unlabeled,none
aPUDE1U/1296,,unlabeled,none
aPUDE1U/1297,,unlabeled,none
aPUDE1U/1303,,unlabeled,none
aPUDE1U/1304,,unlabeled,none
aPUDE1U/1307,,unlabeled,none
aPUDE1U/1308,,unlabeled,none
aPUDE1U/1315,,unlabeled,none
aPUDE1U/1316,,unlabeled,none
aPUDE1U/1319,,unlabeled,none
aPUDE1U/1320,,unlabeled,none
aPUDE1U/1325,,unlabeled,none
aPUDE1U/1326,,unlabeled,none
aPUDE1U/1327,,unlabeled,none
aPUDE1U/1329,,unlabeled,none
aPUDE1U/1330,,unlabeled,none
aPUDE1U/1332,,unlabeled,none
aPUDE1U/1333,,unlabeled,none
aPUDE1U/1335,,unlabeled,none
aPUDE1U/1336,,unlabeled,none
aPUDE1U/1337,,unlabeled,none
aPUDE1U/1338,,unlabeled,none
aPUDE1U/1339,,unlabeled,none
aPUDE1U/1343,,unlabeled,none
aPUDE1U/1344,,unlabeled,none
aPUDE1U/1345,,unlabeled,none
aPUDE1U/1346,,unlabeled,none
aPUDE1U/1347,,unlabeled,none
aPUDE1U/1348,,unlabeled,none
aPUDE1U/1349,,unlabeled,none
aPUDE1U/1351,,unlabeled,none
aPUDE1U/1359,,unlabeled,none
aPUDE1U/1360,,unlabeled,none
aPUDE1U/1361,,unlabeled,none
aPUDE1U/1362,,unlabeled,none
aPUDE1U/1363,,unlabeled,none
aPUDE1U/1364,,unlabeled,none
aPUDE1U/1365,,unlabeled,none
aPUDE1U/1366,,unlabeled,none
aPUDE1U/1367,,unlabeled,none
aPUDE1U/1368,,unlabeled,none
aPUDE1U/1370,,unlabeled,none
aPUDE1U/1371,,unlabeled,none
aPUDE1U/1373,,unlabeled,none
aPUDE1U/1374,,unlabeled,none
aPUDE1U/1375,,unlabeled,none
aPUDE1U/1380,,unlabeled,none
aPUDE1U/1382,,unlabeled,none
aPUDE1U/1385,,unlabeled,none
aPUDE1U/1386,,unlabeled,none
aPUDE1U/1387,,unlabeled,none
aPUDE1U/1390,,unlabeled,none
aPUDE1U/1392,,unlabeled,none
aPUDE1U/1393,,unlabeled,none
aPUDE1U/1395,,unlabeled,none
aPUDE1U/1396,,unlabeled,none
aPUDE1U/1397,,unlabeled,none
aPUDE1U/1398,,unlabeled,none
aPUDE1U/1400,,unlabeled,none
aPUDE1U/1408,,unlabeled,none
aPUDE1U/1410,,unlabeled,none
aPUDE1U/1411,,unlabeled,none
aPUDE1U/1412,,unlabeled,none
aPUDE1U/1413,,unlabeled,none
aPUDE1U/1414,,unlabeled,none
aPUDE1U/1415,,unlabeled,none
aPUDE1U/1416,,unlabeled,none
aPUDE1U/1417,,unlabeled,none
aPUDE1U/1418,,unlabeled,none
aPUDE1U/1426,,unlabeled,none
aPUDE1U/1427,,unlabeled,none
aPUDE1U/1428,,unlabeled,none
aPUDE1U/1429,,unlabeled,none
aPUDE1U/1431,,unlabeled,none
aPUDE1U/1434,,unlabeled,none
aPUDE1U/1435,,unlabeled,none
aPUDE1U/1436,,unlabeled,none
aPUDE1U/1437,,unlabeled,none
aPUDE1U/1438,,unlabeled,none
aPUDE1U/1439,,unlabeled,none
aPUDE1U/1440,,unlabeled,none
aPUDE1U/1444,,unlabeled,none
aPUDE1U/1446,,unlabeled,none
aPUDE1U/1448,,unlabeled,none
aPUDE1U/1449,,unlabeled,none
aPUDE1U/1451,,unlabeled,none
aPUDE1U/1452,,unlabeled,none
aPUDE1U/1453,,unlabeled,none
aPUDE1U/1454,,unlabeled,none
aPUDE1U/1455,,unlabeled,none
aPUDE1U/1457,,unlabeled,none
aPUDE1U/1461,,unlabeled,none
aPUDE1U/1462,,unlabeled,none
aPUDE1U/1463,,unlabeled,none
aPUDE1U/1464,,unlabeled,none
aPUDE1U/1466,,unlabeled,none
aPUDE1U/1469,,unlabeled,none
aPUDE1U/1470,,unlabeled,none
aPUDE1U/1471,,unlabeled,none
aPUDE1U/1472,,unlabeled,none
aPUDE1U/1473,,unlabeled,none
aPUDE1U/1474,,unlabeled,none
aPUDE1U/1475,,unlabeled,none
aPUDE1U/1476,,unlabeled,none
aPUDE1U/1477,,unlabeled,none
aPUDE1U/1478,,unlabeled,none
aPUDE1U/1479,,unlabeled,none
aPUDE1U/1480,,unlabeled,none
aPUDE1U/1481,,unlabeled,none
aPUDE1U/1482,,unlabeled,none
aPUDE1U/1483,,unlabeled,none
aPUDE1U/1484,,unlabeled,none
aPUDE1U/1485,,unlabeled,none
aPUDE1U/1486,,unlabeled,none
aPUDE1U/1487,,unlabeled,none
aPUDE1U/1488,,unlabeled,none
aPUDE1U/1489,,unlabeled,none
aPUDE1U/1490,,unlabeled,none
aPUDE1U/1491,,unlabeled,none
aPUDE1U/1492,,unlabeled,none
aPUDE1U/1493,,unlabeled,none
aPUDE1U/1494,,unlabeled,none
aPUDE1U/1495,,unlabeled,none
aPUDE1U/1496,,unlabeled,none
aPUDE1U/1497,,unlabeled,none
aPUDE1U/1498,,unlabeled,none
aPUDE1U/1499,,unlabeled,none
aPUDE1U/1500,,unlabeled,none
aPUDE1U/1501,,unlabeled,none
aPUDE1U/1502,,unlabeled,none
aPUDE1U/1503,,unlabeled,none
aPUDE1U/1504,,unlabeled,none
aPUDE1U/1505,,unlabeled,none
aPUDE1U/1506,,unlabeled,none
aPUDE1U/1507,,unlabeled,none
aPUDE1U/1508,,unlabeled,none
aPUDE1U/1509,,unlabeled,none
aPUDE1U/1510,,unlabeled,none
aPUDE1U/1511,,unlabeled,none
aPUDE1U/1512,,unlabeled,none
aPUDE1U/1513,,unlabeled,none
aPUDE1U/1514,,unlabeled,none
aPUDE1U/1515,,unlabeled,none
aPUDE1U/1516,,unlabeled,none
aPUDE1U/1517,,unlabeled,none
aPUDE1U/1518,,unlabeled,none
aPUDE1U/1519,,unlabeled,none
aPUDE1U/1520,,unlabeled,none
aPUDE1U/1521,,unlabeled,none
aPUDE1U/1522,,unlabeled,none
aPUDE1U/1523,,unlabeled,none
aPUDE1U/1524,,unlabeled,none
aPUDE1U/1525,,unlabeled,none
aPUDE1U/1526,,unlabeled,none
aPUDE1U/1527,,unlabeled,none
aPUDE1U/1528,,unlabeled,none
aPUDE1U/1529,,unlabeled,none
aPUDE1U/1530,,unlabeled,none
aPUDE1U/1531,,unlabeled,none
aPUDE1U/1532,,unlabeled,none
aPUDE1U/1533,,unlabeled,none
aPUDE1U/1534,,unlabeled,none
aPUDE1U/1535,,unlabeled,none
aPUDE1U/1536,,unlabeled,none
aPUDE1U/1537,,unlabeled,none
aPUDE1U/1538,,unlabeled,none
aPUDE1U/1539,,unlabeled,none
aPUDE1U/1540,,unlabeled,none
aPUDE1U/1542,,unlabeled,none
aPUDE1U/1543,,unlabeled,none
aPUDE1U/1544,,unlabeled,none
aPUDE1U/1545,,unlabeled,none
aPUDE1U/1546,,unlabeled,none
aPUDE1U/1547,,unlabeled,none
aPUDE1U/1548,,unlabeled,none
aPUDE1U/1549,,unlabeled,none
aPUDE1U/1550,,unlabeled,none
aPUDE1U/1551,,unlabeled,none
aPUDE1U/1552,,unlabeled,none
aPUDE1U/1553,,unlabeled,none
aPUDE1U/1555,,unlabeled,none
aPUDE1U/1556,,unlabeled,none
aPUDE1U/1557,,unlabeled,none
aPUDE1U/1558,,unlabeled,none
aPUDE1U/1559,,unlabeled,none
aPUDE1U/1560,,unlabeled,none
aPUDE1U/1561,,unlabeled,none
aPUDE1U/1562,,unlabeled,none
aPUDE1U/1563,,unlabeled,none
aPUDE1U/1564,,unlabeled,none
aPUDE1U/1565,,unlabeled,none
aPUDE1U/1566,,unlabeled,none
aPUDE1U/1567,,unlabeled,none
aPUDE1U/1568,,unlabeled,none
aPUDE1U/1569,,unlabeled,none
aPUDE1U/1570,,unlabeled,none
aPUDE1U/1571,,unlabeled,none
aPUDE1U/1573,,unlabeled,none
aPUDE1U/1574,,unlabeled,none
aPUDE1U/1575,,unlabeled,none
aPUDE1U/1576,,unlabeled,none
aPUDE1U/1577,,unlabeled,none
aPUDE1U/1578,,unlabeled,none
aPUDE1U/1579,,unlabeled,none
aPUDE1U/1580,,unlabeled,none
aPUDE1U/1581,,unlabeled,none
aPUDE1U/1582,,unlabeled,none
aPUDE1U/1584,,unlabeled,none
aPUDE1U/1585,,unlabeled,none
aPUDE1U/1586,,unlabeled,none
aPUDE1U/1587,,unlabeled,none
aPUDE1U/1588,,unlabeled,none
aPUDE1U/1589,,unlabeled,none
aPUDE1U/1590,,unlabeled,none
aPUDE1U/1591,,unlabeled,none
aPUDE1U/1592,,unlabeled,none
aPUDE1U/1593,,unlabeled,none
aPUDE1U/1594,,unlabeled,none
aPUDE1U/1595,,unlabeled,none
aPUDE1U/1596,,unlabeled,none
aPUDE1U/1597,,unlabeled,none
aPUDE1U/1598,,unlabeled,none
aPUDE1U/1599,,unlabeled,none
aPUDE1U/1600,,unlabeled,none
aPUDE1U/1601,,unlabeled,none
aPUDE1U/1602,,unlabeled,none
aPUDE1U/1603,,unlabeled,none
aPUDE1U/1604,,unlabeled,none
aPUDE1U/1605,,unlabeled,none
aPUDE1U/1606,,unlabeled,none
aPUDE1U/1607,,unlabeled,none
aPUDE1U/1608,,unlabeled,none
aPUDE1U/1609,,unlabeled,none
aPUDE1U/1610,,unlabeled,none
aPUDE1U/1611,,unlabeled,none
aPUDE1U/1612,,unlabeled,none
aPUDE1U/1613,,unlabeled,none
aPUDE1U/1614,,unlabeled,none
aPUDE1U/1615,,unlabeled,none
aPUDE1U/1616,,unlabeled,none
aPUDE1U/1617,,unlabeled,none
aPUDE1U/1618,,unlabeled,none
aPUDE1U/1619,,unlabeled,none
aPUDE1U/1620,,unlabeled,none
aPUDE1U/1621,,unlabeled,none
aPUDE1U/1622,,unlabeled,none
aPUDE1U/1623,,unlabeled,none
aPUDE1U/1624,,unlabeled,none
aPUDE1U/1625,,unlabeled,none
aPUDE1U/1626,,unlabeled,none
aPUDE1U/1627,,unlabeled,none
aPUDE1U/1628,,unlabeled,none
aPUDE1U/1629,,unlabeled,none
aPUDE1U/1630,,unlabeled,none
aPUDE1U/1631,,unlabeled,none
aPUDE1U/1632,,unlabeled,none
aPUDE1U/1633,,unlabeled,none
aPUDE1U/1634,,unlabeled,none
aPUDE1U/1635,,unlabeled,none
aPUDE1U/1636,,unlabeled,none
aPUDE1U/1637,,unlabeled,none
aPUDE1U/1638,,unlabeled,none
aPUDE1U/1640,,unlabeled,none
aPUDE1U/1641,,unlabeled,none
aPUDE1U/1642,,unlabeled,none
aPUDE1U/1643,,unlabeled,none
aPUDE1U/1644,,unlabeled,none
aPUDE1U/1645,,unlabeled,none
aPUDE1U/1646,,unlabeled,none
aPUDE1U/1647,,unlabeled,none
aPUDE1U/1648,,unlabeled,none
aPUDE1U/1649,,unlabeled,none
aPUDE1U/1650,,unlabeled,none
aPUDE1U/1651,,unlabeled,none
aPUDE1U/1653,,unlabeled,none
aPUDE1U/1654,,unlabeled,none
aPUDE1U/1655,,unlabeled,none
aPUDE1U/1656,,unlabeled,none
aPUDE1U/1657,,unlabeled,none
aPUDE1U/1658,,unlabeled,none
aPUDE1U/1659,,unlabeled,none
aPUDE1U/1660,,unlabeled,none
aPUDE1U/1662,,unlabeled,none
aPUDE1U/1663,,unlabeled,none
aPUDE1U/1664,,unlabeled,none
aPUDE1U/1665,,unlabeled,none
aPUDE1U/1666,,unlabeled,none
aPUDE1U/1667,,unlabeled,none
aPUDE1U/1668,,unlabeled,none
aPUDE1U/1669,,unlabeled,none
aPUDE1U/1670,,unlabeled,none
aPUDE1U/1671,,unlabeled,none
aPUDE1U/1672,,unlabeled,none
aPUDE1U/1673,,unlabeled,none
aPUDE1U/1674,,unlabeled,none
aPUDE1U/1675,,unlabeled,none
aPUDE1U/1676,,unlabeled,none
aPUDE1U/1677,,unlabeled,none
aPUDE1U/1678,,unlabeled,none
aPUDE1U/1679,,unlabeled,none
aPUDE1U/1680,,unlabeled,none
aPUDE1U/1681,,unlabeled,none
aPUDE1U/1682,,unlabeled,none
aPUDE1U/1683,,unlabeled,none
aPUDE1U/1684,,unlabeled,none
aPUDE1U/1685,,unlabeled,none
aPUDE1U/1686,,unlabeled,none
aPUDE1U/1688,,unlabeled,none
aPUDE1U/1689,,unlabeled,none
aPUDE1U/1690,,unlabeled,none
aPUDE1U/1691,,unlabeled,none
aPUDE1U/1692,,unlabeled,none
aPUDE1U/1693,,unlabeled,none
aPUDE1U/1694,,unlabeled,none
aPUDE1U/1695,,unlabeled,none
aPUDE1U/1696,,unlabeled,none
aPUDE1U/1697,,unlabeled,none
aPUDE1U/1698,,unlabeled,none
aPUDE1U/1699,,unlabeled,none
aPUDE1U/1700,,unlabeled,none
aPUDE1U/1701,,unlabeled,none
aPUDE1U/1702,,unlabeled,none
aPUDE1U/1703,,unlabeled,none
aPUDE1U/1704,,unlabeled,none
aPUDE1U/1705,,unlabeled,none
aPUDE1U/1706,,unlabeled,none
aPUDE1U/1707,,unlabeled,none
aPUDE1U/1708,,unlabeled,none
aPUDE1U/1709,,unlabeled,none
aPUDE1U/1710,,unlabeled,none
aPUDE1U/1711,,unlabeled,none
aPUDE1U/1712,,unlabeled,none
aPUDE1U/1713,,unlabeled,none
aPUDE1U/1714,,unlabeled,none
aPUDE1U/1715,,unlabeled,none
aPUDE1U/1716,,unlabeled,none
aPUDE1U/1717,,unlabeled,none
aPUDE1U/1718,,unlabeled,none
aPUDE1U/1719,,unlabeled,none
aPUDE1U/1720,,unlabeled,none
aPUDE1U/1721,,unlabeled,none
aPUDE1U/1722,,unlabeled,none
aPUDE1U/1723,,unlabeled,none
aPUDE1U/1724,,unlabeled,none
aPUDE1U/1725,,unlabeled,none
aPUDE1U/1726,,unlabeled,none
aPUDE1U/1727,,unlabeled,none
aPUDE1U/1728,,unlabeled,none
aPUDE1U/1729,,unlabeled,none
aPUDE1U/1730,,unlabeled,none
aPUDE1U/1731,,unlabeled,none
aPUDE1U/1732,,unlabeled,none
aPUDE1U/1733,,unlabeled,none
aPUDE1U/1734,,unlabeled,none
aPUDE1U/1735,,unlabeled,none
aPUDE1U/1736,,unlabeled,none
aPUDE1U/1737,,unlabeled,none
aPUDE1U/1738,,unlabeled,none
aPUDE1U/1739,,unlabeled,none
aPUDE1U/1740,,unlabeled,none
aPUDE1U/1741,,unlabeled,none
aPUDE1U/1742,,unlabeled,none
aPUDE1U/1743,,unlabeled,none
aPUDE1U/1744,,unlabeled,none
aPUDE1U/1745,,unlabeled,none
aPUDE1U/1746,,unlabeled,none
aPUDE1U/1747,,unlabeled,none
aPUDE1U/1748,,unlabeled,none
aPUDE1U/1749,,unlabeled,none
aPUDE1U/1750,,unlabeled,none
aPUDE1U/1751,,unlabeled,none
aPUDE1U/1752,,unlabeled,none
aPUDE1U/1753,,unlabeled,none
aPUDE1U/1754,,unlabeled,none
aPUDE1U/1755,,unlabeled,none
aPUDE1U/1756,,unlabeled,none
aPUDE1U/1757,,unlabeled,none
aPUDE1U/1758,,unlabeled,none
aPUDE1U/1759,,unlabeled,none
aPUDE1U/1760,,unlabeled,none
aPUDE1U/1761,,unlabeled,none
aPUDE1U/1762,,unlabeled,none
aPUDE1U/1763,,unlabeled,none
aPUDE1U/1764,,unlabeled,none
aPUDE1U/1765,,unlabeled,none
aPUDE1U/1767,,unlabeled,none
aPUDE1U/1768,,unlabeled,none
aPUDE1U/1769,,unlabeled,none
aPUDE1U/1770,,unlabeled,none
aPUDE1U/1771,,unlabeled,none
aPUDE1U/1772,,unlabeled,none
aPUDE1U/1773,,unlabeled,none
aPUDE1U/1774,,unlabeled,none
aPUDE1U/1775,,unlabeled,none
aPUDE1U/1776,,unlabeled,none
aPUDE1U/1777,,unlabeled,none
aPUDE1U/1778,,unlabeled,none
aPUDE1U/1779,,unlabeled,none
aPUDE1U/1780,,unlabeled,none
aPUDE1U/1781,,unlabeled,none
aPUDE1U/1782,,unlabeled,none
aPUDE1U/1783,,unlabeled,none
aPUDE1U/1784,,unlabeled,none
aPUDE1U/1785,,unlabeled,none
aPUDE1U/1786,,unlabeled,none
aPUDE1U/1787,,unlabeled,none
aPUDE1U/1788,,unlabeled,none
aPUDE1U/1789,,unlabeled,none
aPUDE1U/1790,,unlabeled,none
aPUDE1U/1791,,unlabeled,none
aPUDE1U/1792,,unlabeled,none
aPUDE1U/1793,,unlabeled,none
aPUDE1U/1794,,unlabeled,none
aPUDE1U/1795,,unlabeled,none
aPUDE1U/1796,,unlabeled,none
aPUDE1U/1797,,unlabeled,none
aPUDE1U/1798,,unlabeled,none
aPUDE1U/1799,,unlabeled,none
aPUDE1U/1800,,unlabeled,none
aPUDE1U/1801,,unlabeled,none
aPUDE1U/1802,,unlabeled,none
aPUDE1U/1803,,unlabeled,none
aPUDE1U/1804,,unlabeled,none
aPUDE1U/1805,,unlabeled,none
aPUDE1U/1806,,unlabeled,none
aPUDE1U/1807,,unlabeled,none
aPUDE1U/1808,,unlabeled,none
aPUDE1U/1809,,unlabeled,none
aPUDE1U/1810,,unlabeled,none
aPUDE1U/1811,,unlabeled,none
aPUDE1U/1812,,unlabeled,none
aPUDE1U/1813,,unlabeled,none
aPUDE1U/1814,,unlabeled,none
aPUDE1U/1815,,unlabeled,none
aPUDE1U/1816,,unlabeled,none
aPUDE1U/1817,,unlabeled,none
aPUDE1U/1818,,unlabeled,none
aPUDE1U/1819,,unlabeled,none
aPUDE1U/1820,,unlabeled,none
aPUDE1U/1821,,unlabeled,none
aPUDE1U/1822,,unlabeled,none
aPUDE1U/1823,,unlabeled,none
aPUDE1U/1824,,unlabeled,none
aPUDE1U/1825,,unlabeled,none
aPUDE1U/1826,,unlabeled,none
aPUDE1U/1827,,unlabeled,none
aPUDE1U/1828,,unlabeled,none
aPUDE1U/1829,,unlabeled,none
aPUDE1U/1830,,unlabeled,none
aPUDE1U/1831,,unlabeled,none
aPUDE1U/1832,,unlabeled,none
aPUDE1U/1833,,unlabeled,none
aPUDE1U/1834,,unlabeled,none
aPUDE1U/1835,,unlabeled,none
aPUDE1U/1836,,unlabeled,none
aPUDE1U/1837,,unlabeled,none
aPUDE1U/1838,,unlabeled,none
aPUDE1U/1839,,unlabeled,none
aPUDE1U/1840,,unlabeled,none
aPUDE1U/1841,,unlabeled,none
aPUDE1U/1842,,unlabeled,none
aPUDE1U/1843,,unlabeled,none
aPUDE1U/1844,,unlabeled,none
aPUDE1U/1845,,unlabeled,none
aPUDE1U/1846,,unlabeled,none
aPUDE1U/1847,,unlabeled,none
aPUDE1U/1848,,unlabeled,none
aPUDE1U/1849,,unlabeled,none
aPUDE1U/1850,,unlabeled,none
aPUDE1U/1852,,unlabeled,none
aPUDE1U/1853,,unlabeled,none
aPUDE1U/1854,,unlabeled,none
aPUDE1U/1855,,unlabeled,none
aPUDE1U/1856,,unlabeled,none
aPUDE1U/1857,,unlabeled,none
aPUDE1U/1858,,unlabeled,none
aPUDE1U/1859,,unlabeled,none
aPUDE1U/1860,,unlabeled,none
aPUDE1U/1861,,unlabeled,none
aPUDE1U/1862,,unlabeled,none
aPUDE1U/1863,,unlabeled,none
aPUDE1U/1864,,unlabeled,none
aPUDE1U/1865,,unlabeled,none
aPUDE1U/1866,,unlabeled,none
aPUDE1U/1867,,unlabeled,none
aPUDE1U/1868,,unlabeled,none
aPUDE1U/1869,,unlabeled,none
aPUDE1U/1870,,unlabeled,none
aPUDE1U/1871,,unlabeled,none
aPUDE1U/1872,,unlabeled,none
aPUDE1U/1873,,unlabeled,none
aPUDE1U/1874,,unlabeled,none
aPUDE1U/1875,,unlabeled,none
aPUDE1U/1876,,unlabeled,none
aPUDE1U/1877,,unlabeled,none
aPUDE1U/1878,,unlabeled,none
aPUDE1U/1879,,unlabeled,none
aPUDE1U/1880,,unlabeled,none
aPUDE1U/1881,,unlabeled,none
aPUDE1U/1882,,unlabeled,none
aPUDE1U/1883,,unlabeled,none
aPUDE1U/1884,,unlabeled,none
aPUDE1U/1885,,unlabeled,none
aPUDE1U/1886,,unlabeled,none
aPUDE1U/1887,,unlabeled,none
aPUDE1U/1888,,unlabeled,none
aPUDE1U/1889,,unlabeled,none
aPUDE1U/1890,,unlabeled,none
aPUDE1U/1891,,unlabeled,none
aPUDE1U/1893,,unlabeled,none
aPUDE1U/1894,,unlabeled,none
aPUDE1U/1895,,unlabeled,none
aPUDE1U/1896,,unlabeled,none
aPUDE1U/1897,,unlabeled,none
aPUDE1U/1899,,unlabeled,none
aPUDE1U/1900,,unlabeled,none
aPUDE1U/1901,,unlabeled,none
aPUDE1U/1902,,unlabeled,none
aPUDE1U/1904,,unlabeled,none
aPUDE1U/1905,,unlabeled,none
aPUDE1U/1906,,unlabeled,none
aPUDE1U/1907,,unlabeled,none
aPUDE1U/1908,,unlabeled,none
aPUDE1U/1909,,unlabeled,none
aPUDE1U/1911,,unlabeled,none
aPUDE1U/1912,,unlabeled,none
aPUDE1U/1913,,unlabeled,none
aPUDE1U/1914,,unlabeled,none
aPUDE1U/1915,,unlabeled,none
aPUDE1U/1916,,unlabeled,none
aPUDE1U/1917,,unlabeled,none
aPUDE1U/1918,,unlabeled,none
aPUDE1U/1919,,unlabeled,none
aPUDE1U/1920,,unlabeled,none
aPUDE1U/1921,,unlabeled,none
aPUDE1U/1922,,unlabeled,none
aPUDE1U/1923,,unlabeled,none
aPUDE1U/1924,,unlabeled,none
aPUDE1U/1925,,unlabeled,none
aPUDE1U/1926,,unlabeled,none
aPUDE1U/1927,,unlabeled,none
aPUDE1U/1928,,unlabeled,none
aPUDE1U/1929,,unlabeled,none
aPUDE1U/1930,,unlabeled,none
aPUDE1U/1931,,unlabeled,none
aPUDE1U/1932,,unlabeled,none
aPUDE1U/1933,,unlabeled,none
aPUDE1U/1934,,unlabeled,none
aPUDE1U/1935,,unlabeled,none
aPUDE1U/1936,,unlabeled,none
aPUDE1U/1937,,unlabeled,none
aPUDE1U/1938,,unlabeled,none
aPUDE1U/1939,,unlabeled,none
aPUDE1U/1940,,unlabeled,none
aPUDE1U/1941,,unlabeled,none
aPUDE1U/1943,,unlabeled,none
aPUDE1U/1944,,unlabeled,none
aPUDE1U/1945,,unlabeled,none
aPUDE1U/1946,,unlabeled,none
aPUDE1U/1947,,unlabeled,none
aPUDE1U/1949,,unlabeled,none
aPUDE1U/1950,,unlabeled,none
aPUDE1U/1951,,unlabeled,none
aPUDE1U/1952,,unlabeled,none
aPUDE1U/1953,,unlabeled,none
aPUDE1U/1954,,unlabeled,none
aPUDE1U/1955,,unlabeled,none
aPUDE1U/1956,,unlabeled,none
aPUDE1U/1957,,unlabeled,none
aPUDE1U/1958,,unlabeled,none
aPUDE1U/1959,,unlabeled,none
aPUDE1U/1960,,unlabeled,none
aPUDE1U/1961,,unlabeled,none
aPUDE1U/1962,,unlabeled,none
aPUDE1U/1963,,unlabeled,none
aPUDE1U/1964,,unlabeled,none
aPUDE1U/1965,,unlabeled,none
aPUDE1U/1966,,unlabeled,none
aPUDE1U/1967,,unlabeled,none
aPUDE1U/1968,,unlabeled,none
aPUDE1U/1969,,unlabeled,none
aPUDE1U/1970,,unlabeled,none
aPUDE1U/1971,,unlabeled,none
aPUDE1U/1972,,unlabeled,none
aPUDE1U/1973,,unlabeled,none
aPUDE1U/1974,,unlabeled,none
aPUDE1U/1975,,unlabeled,none
aPUDE1U/1976,,unlabeled,none
aPUDE1U/1977,,unlabeled,none
aPUDE1U/1979,,unlabeled,none
aPUDE1U/1981,,unlabeled,none
aPUDE1U/1982,,unlabeled,none
aPUDE1U/1983,,unlabeled,none
aPUDE1U/1984,,unlabeled,none
aPUDE1U/1985,,unlabeled,none
aPUDE1U/1986,,unlabeled,none
aPUDE1U/1987,,unlabeled,none
aPUDE1U/1988,,unlabeled,none
aPUDE1U/1989,,unlabeled,none
aPUDE1U/1990,,unlabeled,none
aPUDE1U/1991,,unlabeled,none
aPUDE1U/1992,,unlabeled,none
aPUDE1U/1993,,unlabeled,none
aPUDE1U/1994,,unlabeled,none
aPUDE1U/1995,,unlabeled,none
aPUDE1U/1996,,unlabeled,none
aPUDE1U/1997,,unlabeled,none
aPUDE1U/1998,,unlabeled,none
aPUDE1U/1999,,unlabeled,none
aPUDE1U/2000,,unlabeled,none
aPUDE1U/2001,,unlabeled,none
aPUDE1U/2002,,unlabeled,none
aPUDE1U/2003,,unlabeled,none
aPUDE1U/2004,,unlabeled,none
aPUDE1U/2005,,unlabeled,none
aPUDE1U/2006,,unlabeled,none
aPUDE1U/2007,,unlabeled,none
aPUDE1U/2008,,unlabeled,none
aPUDE1U/2009,,unlabeled,none
aPUDE1U/2010,,unlabeled,none
aPUDE1U/2011,,unlabeled,none
aPUDE1U/2012,,unlabeled,none
aPUDE1U/2013,,unlabeled,none
aPUDE1U/2014,,unlabeled,none
aPUDE1U/2015,,unlabeled,none
aPUDE1U/2016,,unlabeled,none
aPUDE1U/2017,,unlabeled,none
aPUDE1U/2018,,unlabeled,none
aPUDE1U/2019,,unlabeled,none
aPUDE1U/2020,,unlabeled,none
aPUDE1U/2021,,unlabeled,none
aPUDE1U/2022,,unlabeled,none
aPUDE1U/2023,,unlabeled,none
aPUDE1U/2024,,unlabeled,none
aPUDE1U/2025,,unlabeled,none
aPUDE1U/2026,,unlabeled,none
aPUDE1U/2027,,unlabeled,none
aPUDE1U/2028,,unlabeled,none
aPUDE1U/2029,,unlabeled,none
aPUDE1U/2030,,unlabeled,none
aPUDE1U/2031,,unlabeled,none
aPUDE1U/2032,,unlabeled,none
aPUDE1U/2033,,unlabeled,none
aPUDE1U/2034,,unlabeled,none
aPUDE1U/2035,,unlabeled,none
aPUDE1U/2036,,unlabeled,none
aPUDE1U/2037,,unlabeled,none
aPUDE1U/2038,,unlabeled,none
aPUDE1U/2039,,unlabeled,none
aPUDE1U/2040,,unlabeled,none
aPUDE1U/2041,,unlabeled,none
aPUDE1U/2042,,unlabeled,none
aPUDE1U/2043,,unlabeled,none
aPUDE1U/2044,,unlabeled,none
aPUDE1U/2045,,unlabeled,none
aPUDE1U/2046,,unlabeled,none
aPUDE1U/2047,,unlabeled,none
aPUDE1U/2048,,unlabeled,none
aPUDE1U/2049,,unlabeled,none
aPUDE1U/2050,,unlabeled,none
aPUDE1U/2051,,unlabeled,none
aPUDE1U/2052,,unlabeled,none
aPUDE1U/2053,,unlabeled,none
aPUDE1U/2054,,unlabeled,none
aPUDE1U/2055,,unlabeled,none
aPUDE1U/2056,,unlabeled,none
aPUDE1U/2057,,unlabeled,none
aPUDE1U/2058,,unlabeled,none
aPUDE1U/2059,,unlabeled,none
aPUDE1U/2060,,unlabeled,none
aPUDE1U/2061,,unlabeled,none
aPUDE1U/2062,,unlabeled,none
aPUDE1U/2063,,unlabeled,none
aPUDE1U/2064,,unlabeled,none
aPUDE1U/2065,,unlabeled,none
aPUDE1U/2066,,unlabeled,none
aPUDE1U/2067,,unlabeled,none
aPUDE1U/2068,,unlabeled,none
aPUDE1U/2069,,unlabeled,none
aPUDE1U/2070,,unlabeled,none
aPUDE1U/2071,,unlabeled,none
aPUDE1U/2072,,unlabeled,none
aPUDE1U/2073,,unlabeled,none
aPUDE1U/2074,,unlabeled,none
aPUDE1U/2075,,unlabeled,none
aPUDE1U/2076,,unlabeled,none
aPUDE1U/2077,,unlabeled,none
aPUDE1U/2078,,unlabeled,none
aPUDE1U/2079,,unlabeled,none
aPUDE1U/2080,,unlabeled,none
aPUDE1U/2081,,unlabeled,none
aPUDE1U/2082,,unlabeled,none
aPUDE1U/2083,,unlabeled,none
aPUDE1U/2084,,unlabeled,none
aPUDE1U/2085,,unlabeled,none
aPUDE1U/2086,,unlabeled,none
aPUDE1U/2087,,unlabeled,none
aPUDE1U/2088,,unlabeled,none
aPUDE1U/2089,,unlabeled,none
aPUDE1U/2090,,unlabeled,none
aPUDE1U/2091,,unlabeled,none
aPUDE1U/2092,,unlabeled,none
aPUDE1U/2093,,unlabeled,none
aPUDE1U/2094,,unlabeled,none
aPUDE1U/2095,,unlabeled,none
aPUDE1U/2096,,unlabeled,none
aPUDE1U/2097,,unlabeled,none
aPUDE1U/2098,,unlabeled,none
aPUDE1U/2099,,unlabeled,none
aPUDE1U/2100,,unlabeled,none
aPUDE1U/2101,,unlabeled,none
aPUDE1U/2102,,unlabeled,none
aPUDE1U/2103,,unlabeled,none
aPUDE1U/2104,,unlabeled,none
aPUDE1U/2105,,unlabeled,none
aPUDE1U/2106,,unlabeled,none
aPUDE1U/2107,,unlabeled,none
aPUDE1U/2108,,unlabeled,none
aPUDE1U/2109,,unlabeled,none
aPUDE1U/2110,,unlabeled,none
aPUDE1U/2111,,unlabeled,none
aPUDE1U/2112,,unlabeled,none
aPUDE1U/2113,,unlabeled,none
aPUDE1U/2114,,unlabeled,none
aPUDE1U/2115,,unlabeled,none
aPUDE1U/2116,,unlabeled,none
aPUDE1U/2117,,unlabeled,none
aPUDE1U/2119,,unlabeled,none
aPUDE1U/2120,,unlabeled,none
aPUDE1U/2121,,unlabeled,none
aPUDE1U/2122,,unlabeled,none
aPUDE1U/2123,,unlabeled,none
aPUDE1U/2124,,unlabeled,none
aPUDE1U/2125,,unlabeled,none
aPUDE1U/2126,,unlabeled,none
aPUDE1U/2127,,unlabeled,none
aPUDE1U/2128,,unlabeled,none
aPUDE1U/2129,,unlabeled,none
aPUDE1U/2130,,unlabeled,none
aPUDE1U/2131,,unlabeled,none
aPUDE1U/2132,,unlabeled,none
aPUDE1U/2133,,unlabeled,none
aPUDE1U/2134,,unlabeled,none
aPUDE1U/2135,,unlabeled,none
aPUDE1U/2136,,unlabeled,none
aPUDE1U/2137,,unlabeled,none
aPUDE1U/2138,,unlabeled,none
aPUDE1U/2139,,unlabeled,none
aPUDE1U/2140,,unlabeled,none
aPUDE1U/2141,,unlabeled,none
aPUDE1U/2142,,unlabeled,none
aPUDE1U/2143,,unlabeled,none
aPUDE1U/2144,,unlabeled,none
aPUDE1U/2145,,unlabeled,none
aPUDE1U/2146,,unlabeled,none
aPUDE1U/2147,,unlabeled,none
aPUDE1U/2148,,unlabeled,none
aPUDE1U/2149,,unlabeled,none
aPUDE1U/2150,,unlabeled,none
aPUDE1U/2151,,unlabeled,none
aPUDE1U/2152,,unlabeled,none
aPUDE1U/2153,,unlabeled,none
aPUDE1U/2154,,unlabeled,none
aPUDE1U/2155,,unlabeled,none
aPUDE1U/2156,,unlabeled,none
aPUDE1U/2158,,unlabeled,none
aPUDE1U/2159,,unlabeled,none
aPUDE1U/2160,,unlabeled,none
aPUDE1U/2161,,unlabeled,none
aPUDE1U/2162,,unlabeled,none
aPUDE1U/2163,,unlabeled,none
aPUDE1U/2164,,unlabeled,none
aPUDE1U/2165,,unlabeled,none
aPUDE1U/2166,,unlabeled,none
aPUDE1U/2167,,unlabeled,none
aPUDE1U/2168,,unlabeled,none
aPUDE1U/2169,,unlabeled,none
aPUDE1U/2170,,unlabeled,none
aPUDE1U/2171,,unlabeled,none
aPUDE1U/2172,,unlabeled,none
aPUDE1U/2173,,unlabeled,none
aPUDE1U/2174,,unlabeled,none
aPUDE1U/2175,,unlabeled,none
aPUDE1U/2176,,unlabeled,none
aPUDE1U/2177,,unlabeled,none
aPUDE1U/2178,,unlabeled,none
aPUDE1U/2179,,unlabeled,none
aPUDE1U/2180,,unlabeled,none
aPUDE1U/2181,,unlabeled,none
aPUDE1U/2182,,unlabeled,none
aPUDE1U/2183,,unlabeled,none
aPUDE1U/2184,,unlabeled,none
aPUDE1U/2185,,unlabeled,none
aPUDE1U/2186,,unlabeled,none
aPUDE1U/2187,,unlabeled,none
aPUDE1U/2188,,unlabeled,none
aPUDE1U/2189,,unlabeled,none
aPUDE1U/2190,,unlabeled,none
aPUDE1U/2191,,unlabeled,none
aPUDE1U/2192,,unlabeled,none
aPUDE1U/2193,,unlabeled,none
aPUDE1U/2194,,unlabeled,none
aPUDE1U/2195,,unlabeled,none
aPUDE1U/2196,,unlabeled,none
aPUDE1U/2197,,unlabeled,none
aPUDE1U/2198,,unlabeled,none
aPUDE1U/2199,,unlabeled,none
aPUDE1U/2200,,unlabeled,none
aPUDE1U/2201,,unlabeled,none
aPUDE1U/2202,,unlabeled,none
aPUDE1U/2203,,unlabeled,none
aPUDE1U/2204,,unlabeled,none
aPUDE1U/2205,,unlabeled,none
aPUDE1U/2206,,unlabeled,none
aPUDE1U/2207,,unlabeled,none
aPUDE1U/2208,,unlabeled,none
aPUDE1U/2209,,unlabeled,none
aPUDE1U/2210,,unlabeled,none
aPUDE1U/2211,,unlabeled,none
aPUDE1U/2212,,unlabeled,none
aPUDE1U/2213,,unlabeled,none
aPUDE1U/2214,,unlabeled,none
aPUDE1U/2220,,unlabeled,none
aPUDE1U/2224,,unlabeled,none
aPUDE1U/2225,,unlabeled,none
aPUDE1U/2226,,unlabeled,none
aPUDE1U/2227,,unlabeled,none
aPUDE1U/2228,,unlabeled,none
aPUDE1U/2229,,unlabeled,none
aPUDE1U/2231,,unlabeled,none
aPUDE1U/2232,,unlabeled,none
aPUDE1U/2233,,unlabeled,none
aPUDE1U/2234,,unlabeled,none
aPUDE1U/2235,,unlabeled,none
aPUDE1U/2237,,unlabeled,none
aPUDE1U/2238,,unlabeled,none
aPUDE1U/2239,,unlabeled,none
aPUDE1U/2240,,unlabeled,none
aPUDE1U/2241,,unlabeled,none
aPUDE1U/2242,,unlabeled,none
aPUDE1U/2243,,unlabeled,none
aPUDE1U/2244,,unlabeled,none
aPUDE1U/2245,,unlabeled,none
aPUDE1U/2246,,unlabeled,none
aPUDE1U/2247,,unlabeled,none
aPUDE1U/2250,,unlabeled,none
aPUDE1U/2251,,unlabeled,none
aPUDE1U/2252,,unlabeled,none
aPUDE1U/2253,,unlabeled,none
aPUDE1U/2254,,unlabeled,none
aPUDE1U/2258,,unlabeled,none
aPUDE1U/2259,,unlabeled,none
aPUDE1U/2262,,unlabeled,none
aPUDE1U/2264,,unlabeled,none
aPUDE1U/2265,,unlabeled,none
aPUDE1U/2268,,unlabeled,none
aPUDE1U/2271,,unlabeled,none
aPUDE1U/2274,,unlabeled,none
aPUDE1U/2275,,unlabeled,none
aPUDE1U/2276,,unlabeled,none
aPUDE1U/2277,,unlabeled,none
aPUDE1U/2278,,unlabeled,none
aPUDE1U/2280,,unlabeled,none
aPUDE1U/2281,,unlabeled,none
aPUDE1U/2282,,unlabeled,none
aPUDE1U/2283,,unlabeled,none
aPUDE1U/2286,,unlabeled,none
aPUDE1U/2289,,unlabeled,none
aPUDE1U/2291,,unlabeled,none
aPUDE1U/2292,,unlabeled,none
aPUDE1U/2293,,unlabeled,none
aPUDE1U/2295,,unlabeled,none
aPUDE1U/2296,,unlabeled,none
aPUDE1U/2297,,unlabeled,none
aPUDE1U/2300,,unlabeled,none
aPUDE1U/2301,,unlabeled,none
aPUDE1U/2303,,unlabeled,none
aPUDE1U/2305,,unlabeled,none
aPUDE1U/2306,,unlabeled,none
aPUDE1U/2307,,unlabeled,none
aPUDE1U/2308,,unlabeled,none
aPUDE1U/2309,,unlabeled,none
aPUDE1U/2310,,unlabeled,none
aPUDE1U/2312,,unlabeled,none
aPUDE1U/2315,,unlabeled,none
aPUDE1U/2316,,unlabeled,none
aPUDE1U/2320,,unlabeled,none
aPUDE1U/2321,,unlabeled,none
aPUDE1U/2324,,unlabeled,none
aPUDE1U/2325,,unlabeled,none
aPUDE1U/2326,,unlabeled,none
aPUDE1U/2327,,unlabeled,none
aPUDE1U/2328,,unlabeled,none
aPUDE1U/2329,,unlabeled,none
aPUDE1U/2330,,unlabeled,none
aPUDE1U/2331,,unlabeled,none
aPUDE1U/2333,,unlabeled,none
aPUDE1U/2334,,unlabeled,none
aPUDE1U/2335,,unlabeled,none
aPUDE1U/2336,,unlabeled,none
aPUDE1U/2337,,unlabeled,none
aPUDE1U/2338,,unlabeled,none
aPUDE1U/2339,,unlabeled,none
aPUDE1U/2343,,unlabeled,none
aPUDE1U/2345,,unlabeled,none
aPUDE1U/2346,,unlabeled,none
aPUDE1U/2347,,unlabeled,none
aPUDE1U/2350,,unlabeled,none
aPUDE1U/2352,,unlabeled,none
aPUDE1U/2354,,unlabeled,none
aPUDE1U/2355,,unlabeled,none
aPUDE1U/2357,,unlabeled,none
aPUDE1U/2358,,unlabeled,none
aPUDE1U/2359,,unlabeled,none
aPUDE1U/2362,,unlabeled,none
aPUDE1U/2363,,unlabeled,none
aPUDE1U/2364,,unlabeled,none
aPUDE1U/2366,,unlabeled,none
aPUDE1U/2367,,unlabeled,none
aPUDE1U/2369,,unlabeled,none
aPUDE1U/2370,,unlabeled,none
aPUDE1U/2372,,unlabeled,none
aPUDE1U/2374,,unlabeled,none
aPUDE1U/2375,,unlabeled,none
aPUDE1U/2377,,unlabeled,none
aPUDE1U/2378,,unlabeled,none
aPUDE1U/2379,,unlabeled,none
aPUDE1U/2380,,unlabeled,none
aPUDE1U/2383,,unlabeled,none
aPUDE1U/2385,,unlabeled,none
aPUDE1U/2389,,unlabeled,none
aPUDE1U/2390,,unlabeled,none
aPUDE1U/2391,,unlabeled,none
aPUDE1U/2392,,unlabeled,none
aPUDE1U/2393,,unlabeled,none
aPUDE1U/2394,,unlabeled,none
aPUDE1U/2395,,unlabeled,none
aPUDE1U/2396,,unlabeled,none
aPUDE1U/2397,,unlabeled,none
aPUDE1U/2399,,unlabeled,none
aPUDE1U/2402,,unlabeled,none
aPUDE1U/2403,,unlabeled,none
aPUDE1U/2404,,unlabeled,none
aPUDE1U/2405,,unlabeled,none
aPUDE1U/2407,,unlabeled,none
aPUDE1U/2408,,unlabeled,none
aPUDE1U/2409,,unlabeled,none
aPUDE1U/2410,,unlabeled,none
aPUDE1U/2412,,unlabeled,none
aPUDE1U/2413,,unlabeled,none
aPUDE1U/2414,,unlabeled,none
aPUDE1U/2415,,unlabeled,none
aPUDE1U/2417,,unlabeled,none
aPUDE1U/2418,,unlabeled,none
aPUDE1U/2419,,unlabeled,none
aPUDE1U/2420,,unlabeled,none
aPUDE1U/2421,,unlabeled,none
aPUDE1U/2423,,unlabeled,none
aPUDE1U/2424,,unlabeled,none
aPUDE1U/2425,,unlabeled,none
aPUDE1U/2427,,unlabeled,none
aPUDE1U/2428,,unlabeled,none
aPUDE1U/2429,,unlabeled,none
aPUDE1U/2431,,unlabeled,none
aPUDE1U/2432,,unlabeled,none
aPUDE1U/2435,,unlabeled,none
aPUDE1U/2436,,unlabeled,none
aPUDE1U/2438,,unlabeled,none
aPUDE1U/2439,,unlabeled,none
aPUDE1U/2440,,unlabeled,none
aPUDE1U/2441,,unlabeled,none
aPUDE1U/2442,,unlabeled,none
aPUDE1U/2444,,unlabeled,none
aPUDE1U/2445,,unlabeled,none
aPUDE1U/2446,,unlabeled,none
aPUDE1U/2447,,unlabeled,none
aPUDE1U/2448,,unlabeled,none
aPUDE1U/2454,,unlabeled,none
aPUDE1U/2460,,unlabeled,none
aPUDE1U/2461,,unlabeled,none
aPUDE1U/2462,,unlabeled,none
aPUDE1U/2463,,unlabeled,none
aPUDE1U/2465,,unlabeled,none
aPUDE1U/2466,,unlabeled,none
aPUDE1U/2467,,unlabeled,none
aPUDE1U/2468,,unlabeled,none
aPUDE1U/2470,,unlabeled,none
aPUDE1U/2471,,unlabeled,none
aPUDE1U/2472,,unlabeled,none
aPUDE1U/2473,,unlabeled,none
aPUDE1U/2474,,unlabeled,none
aPUDE1U/2475,,unlabeled,none
aPUDE1U/2476,,unlabeled,none
aPUDE1U/2477,,unlabeled,none
aPUDE1U/2479,,unlabeled,none
aPUDE1U/2481,,unlabeled,none
aPUDE1U/2482,,unlabeled,none
aPUDE1U/2483,,unlabeled,none
aPUDE1U/2484,,unlabeled,none
aPUDE1U/2485,,unlabeled,none
aPUDE1U/2486,,unlabeled,none
aPUDE1U/2487,,unlabeled,none
aPUDE1U/2489,,unlabeled,none
aPUDE1U/2490,,unlabeled,none
aPUDE1U/2492,,unlabeled,none
aPUDE1U/2493,,unlabeled,none
aPUDE1U/2494,,unlabeled,none
aPUDE1U/2495,,unlabeled,none
aPUDE1U/2496,,unlabeled,none
aPUDE1U/2497,,unlabeled,none
aPUDE1U/2499,,unlabeled,none
aPUDE1U/2500,,unlabeled,none
aPUDE1U/2501,,unlabeled,none
aPUDE1U/2502,,unlabeled,none
aPUDE1U/2503,,unlabeled,none
aPUDE1U/2504,,unlabeled,none
aPUDE1U/2505,,unlabeled,none
aPUDE1U/2506,,unlabeled,none
aPUDE1U/2508,,unlabeled,none
aPUDE1U/2509,,unlabeled,none
aPUDE1U/2510,,unlabeled,none
aPUDE1U/2511,,unlabeled,none
aPUDE1U/2513,,unlabeled,none
aPUDE1U/2514,,unlabeled,none
aPUDE1U/2517,,unlabeled,none
aPUDE1U/2526,,unlabeled,none
aPUDE1U/2528,,unlabeled,none
aPUDE1U/2531,,unlabeled,none
aPUDE1U/2532,,unlabeled,none
aPUDE1U/2533,,unlabeled,none
aPUDE1U/2535,,unlabeled,none
aPUDE1U/2536,,unlabeled,none
aPUDE1U/2537,,unlabeled,none
aPUDE1U/2539,,unlabeled,none
aPUDE1U/2540,,unlabeled,none
aPUDE1U/2541,,unlabeled,none
aPUDE1U/2542,,unlabeled,none
aPUDE1U/2543,,unlabeled,none
aPUDE1U/2544,,unlabeled,none
aPUDE1U/2545,,unlabeled,none
aPUDE1U/2546,,unlabeled,none
aPUDE1U/2547,,unlabeled,none
aPUDE1U/2548,,unlabeled,none
aPUDE1U/2549,,unlabeled,none
aPUDE1U/2552,,unlabeled,none
aPUDE1U/2553,,unlabeled,none
aPUDE1U/2554,,unlabeled,none
aPUDE1U/2555,,unlabeled,none
aPUDE1U/2556,,unlabeled,none
aPUDE1U/2559,,unlabeled,none
aPUDE1U/2560,,unlabeled,none
aPUDE1U/2561,,unlabeled,none
aPUDE1U/2563,,unlabeled,none
aPUDE1U/2564,,unlabeled,none
aPUDE1U/2565,,unlabeled,none
aPUDE1U/2566,,unlabeled,none
aPUDE1U/2567,,unlabeled,none
aPUDE1U/2568,,unlabeled,none
aPUDE1U/2571,,unlabeled,none
aPUDE1U/2573,,unlabeled,none
aPUDE1U/2575,,unlabeled,none
aPUDE1U/2576,,unlabeled,none
aPUDE1U/2579,,unlabeled,none
aPUDE1U/2580,,unlabeled,none
aPUDE1U/2583,,unlabeled,none
aPUDE1U/2584,,unlabeled,none
aPUDE1U/2586,,unlabeled,none
aPUDE1U/2587,,unlabeled,none
aPUDE1U/2588,,unlabeled,none
aPUDE1U/2589,,unlabeled,none
aPUDE1U/2591,,unlabeled,none
aPUDE1U/2592,,unlabeled,none
aPUDE1U/2594,,unlabeled,none
aPUDE1U/2596,,unlabeled,none
aPUDE1U/2597,,unlabeled,none
aPUDE1U/2598,,unlabeled,none
aPUDE1U/2599,,unlabeled,none
aPUDE1U/2600,,unlabeled,none
aPUDE1U/2601,,unlabeled,none
aPUDE1U/2602,,unlabeled,none
aPUDE1U/2603,,unlabeled,none
aPUDE1U/2606,,unlabeled,none
aPUDE1U/2608,,unlabeled,none
aPUDE1U/2609,,unlabeled,none
aPUDE1U/2611,,unlabeled,none
aPUDE1U/2612,,unlabeled,none
aPUDE1U/2613,,unlabeled,none
aPUDE1U/2614,,unlabeled,none
aPUDE1U/2615,,unlabeled,none
aPUDE1U/2617,,unlabeled,none
aPUDE1U/2618,,unlabeled,none
aPUDE1U/2620,,unlabeled,none
aPUDE1U/2622,,unlabeled,none
aPUDE1U/2623,,unlabeled,none
aPUDE1U/2624,,unlabeled,none
aPUDE1U/2625,,unlabeled,none
aPUDE1U/2626,,unlabeled,none
aPUDE1U/2627,,unlabeled,none
aPUDE1U/2628,,unlabeled,none
aPUDE1U/2629,,unlabeled,none
aPUDE1U/2630,,unlabeled,none
aPUDE1U/2631,,unlabeled,none
aPUDE1U/2632,,unlabeled,none
aPUDE1U/2633,,unlabeled,none
aPUDE1U/2634,,unlabeled,none
aPUDE1U/2635,,unlabeled,none
aPUDE1U/2636,,unlabeled,none
aPUDE1U/2638,,unlabeled,none
aPUDE1U/2639,,unlabeled,none
aPUDE1U/2640,,unlabeled,none
aPUDE1U/2641,,unlabeled,none
aPUDE1U/2645,,unlabeled,none
aPUDE1U/2648,,unlabeled,none
aPUDE1U/2650,,unlabeled,none
aPUDE1U/2651,,unlabeled,none
aPUDE1U/2652,,unlabeled,none
aPUDE1U/2653,,unlabeled,none
aPUDE1U/2654,,unlabeled,none
aPUDE1U/2655,,unlabeled,none
aPUDE1U/2656,,unlabeled,none
aPUDE1U/2657,,unlabeled,none
aPUDE1U/2658,,unlabeled,none
aPUDE1U/2659,,unlabeled,none
aPUDE1U/2660,,unlabeled,none
aPUDE1U/2661,,unlabeled,none
aPUDE1U/2662,,unlabeled,none
aPUDE1U/2664,,unlabeled,none
aPUDE1U/2666,,unlabeled,none
aPUDE1U/2668,,unlabeled,none
aPUDE1U/2669,,unlabeled,none
aPUDE1U/2670,,unlabeled,none
aPUDE1U/2672,,unlabeled,none
aPUDE1U/2673,,unlabeled,none
aPUDE1U/2674,,unlabeled,none
aPUDE1U/2677,,unlabeled,none
aPUDE1U/2679,,unlabeled,none
aPUDE1U/2681,,unlabeled,none
aPUDE1U/2682,,unlabeled,none
aPUDE1U/2684,,unlabeled,none
aPUDE1U/2685,,unlabeled,none
aPUDE1U/2687,,unlabeled,none
aPUDE1U/2689,,unlabeled,none
aPUDE1U/2690,,unlabeled,none
aPUDE1U/2691,,unlabeled,none
aPUDE1U/2692,,unlabeled,none
aPUDE1U/2693,,unlabeled,none
aPUDE1U/2694,,unlabeled,none
aPUDE1U/2695,,unlabeled,none
aPUDE1U/2696,,unlabeled,none
aPUDE1U/2697,,unlabeled,none
aPUDE1U/2698,,unlabeled,none
aPUDE1U/2700,,unlabeled,none
aPUDE1U/2701,,unlabeled,none
aPUDE1U/2702,,unlabeled,none
aPUDE1U/2703,,unlabeled,none
aPUDE1U/2705,,unlabeled,none
aPUDE1U/2709,,unlabeled,none
aPUDE1U/2710,,unlabeled,none
aPUDE1U/2711,,unlabeled,none
aPUDE1U/2712,,unlabeled,none
aPUDE1U/2713,,unlabeled,none
aPUDE1U/2714,,unlabeled,none
aPUDE1U/2716,,unlabeled,none
aPUDE1U/2717,,unlabeled,none
aPUDE1U/2718,,unlabeled,none
aPUDE1U/2720,,unlabeled,none
aPUDE1U/2722,,unlabeled,none
aPUDE1U/2725,,unlabeled,none
aPUDE1U/2727,,unlabeled,none
aPUDE1U/2730,,unlabeled,none
aPUDE1U/2732,,unlabeled,none
aPUDE1U/2733,,unlabeled,none
aPUDE1U/2734,,unlabeled,none
aPUDE1U/2735,,unlabeled,none
aPUDE1U/2736,,unlabeled,none
aPUDE1U/2737,,unlabeled,none
aPUDE1U/2738,,unlabeled,none
aPUDE1U/2740,,unlabeled,none
aPUDE1U/2741,,unlabeled,none
aPUDE1U/2742,,unlabeled,none
aPUDE1U/2743,,unlabeled,none
aPUDE1U/2744,,unlabeled,none
aPUDE1U/2745,,unlabeled,none
aPUDE1U/2746,,unlabeled,none
aPUDE1U/2748,,unlabeled,none
aPUDE1U/2749,,unlabeled,none
aPUDE1U/2750,,unlabeled,none
aPUDE1U/2753,,unlabeled,none
aPUDE1U/2754,,unlabeled,none
aPUDE1U/2755,,unlabeled,none
aPUDE1U/2756,,unlabeled,none
aPUDE1U/2757,,unlabeled,none
aPUDE1U/2758,,unlabeled,none
aPUDE1U/2759,,unlabeled,none
aPUDE1U/2760,,unlabeled,none
aPUDE1U/2761,,unlabeled,none
aPUDE1U/2762,,unlabeled,none
aPUDE1U/2763,,unlabeled,none
aPUDE1U/2765,,unlabeled,none
aPUDE1U/2766,,unlabeled,none
aPUDE1U/2768,,unlabeled,none
aPUDE1U/2769,,unlabeled,none
aPUDE1U/2770,,unlabeled,none
aPUDE1U/2772,,unlabeled,none
aPUDE1U/2773,,unlabeled,none
aPUDE1U/2774,,unlabeled,none
aPUDE1U/2778,,unlabeled,none
aPUDE1U/2779,,unlabeled,none
aPUDE1U/2781,,unlabeled,none
aPUDE1U/2782,,unlabeled,none
aPUDE1U/2783,,unlabeled,none
aPUDE1U/2784,,unlabeled,none
aPUDE1U/2785,,unlabeled,none
aPUDE1U/2786,,unlabeled,none
aPUDE1U/2787,,unlabeled,none
aPUDE1U/2788,,unlabeled,none
aPUDE1U/2789,,unlabeled,none
aPUDE1U/2791,,unlabeled,none
aPUDE1U/2793,,unlabeled,none
aPUDE1U/2794,,unlabeled,none
aPUDE1U/2795,,unlabeled,none
aPUDE1U/2796,,unlabeled,none
aPUDE1U/2799,,unlabeled,none
aPUDE1U/2800,,unlabeled,none
aPUDE1U/2801,,unlabeled,none
aPUDE1U/2804,,unlabeled,none
aPUDE1U/2805,,unlabeled,none
aPUDE1U/2806,,unlabeled,none
aPUDE1U/2807,,unlabeled,none
aPUDE1U/2808,,unlabeled,none
aPUDE1U/2811,,unlabeled,none
aPUDE1U/2812,,unlabeled,none
aPUDE1U/2813,,unlabeled,none
aPUDE1U/2815,,unlabeled,none
aPUDE1U/2816,,unlabeled,none
aPUDE1U/2817,,unlabeled,none
aPUDE1U/2818,,unlabeled,none
aPUDE1U/2819,,unlabeled,none
aPUDE1U/2820,,unlabeled,none
aPUDE1U/2822,,unlabeled,none
aPUDE1U/2823,,unlabeled,none
aPUDE1U/2824,,unlabeled,none
aPUDE1U/2825,,unlabeled,none
aPUDE1U/2826,,unlabeled,none
aPUDE1U/2827,,unlabeled,none
aPUDE1U/2828,,unlabeled,none
aPUDE1U/2829,,unlabeled,none
aPUDE1U/2830,,unlabeled,none
aPUDE1U/2833,,unlabeled,none
aPUDE1U/2834,,unlabeled,none
aPUDE1U/2835,,unlabeled,none
aPUDE1U/2837,,unlabeled,none
aPUDE1U/2839,,unlabeled,none
aPUDE1U/2840,,unlabeled,none
aPUDE1U/2841,,unlabeled,none
aPUDE1U/2842,,unlabeled,none
aPUDE1U/2843,,unlabeled,none
aPUDE1U/2844,,unlabeled,none
aPUDE1U/2846,,unlabeled,none
aPUDE1U/2849,,unlabeled,none
aPUDE1U/2850,,unlabeled,none
aPUDE1U/2851,,unlabeled,none
aPUDE1U/2852,,unlabeled,none
aPUDE1U/2854,,unlabeled,none
aPUDE1U/2856,,unlabeled,none
aPUDE1U/2857,,unlabeled,none
aPUDE1U/2858,,unlabeled,none
aPUDE1U/2859,,unlabeled,none
aPUDE1U/2860,,unlabeled,none
aPUDE1U/2861,,unlabeled,none
aPUDE1U/2862,,unlabeled,none
aPUDE1U/2863,,unlabeled,none
aPUDE1U/2864,,unlabeled,none
aPUDE1U/2866,,unlabeled,none
aPUDE1U/2867,,unlabeled,none
aPUDE1U/2868,,unlabeled,none
aPUDE1U/2870,,unlabeled,none
aPUDE1U/2871,,unlabeled,none
aPUDE1U/2872,,unlabeled,none
aPUDE1U/2873,,unlabeled,none
aPUDE1U/2874,,unlabeled,none
aPUDE1U/2875,,unlabeled,none
aPUDE1U/2876,,unlabeled,none
aPUDE1U/2877,,unlabeled,none
aPUDE1U/2879,,unlabeled,none
aPUDE1U/2880,,unlabeled,none
aPUDE1U/2881,,unlabeled,none
aPUDE1U/2882,,unlabeled,none
aPUDE1U/2884,,unlabeled,none
aPUDE1U/2886,,unlabeled,none
aPUDE1U/2887,,unlabeled,none
aPUDE1U/2890,,unlabeled,none
aPUDE1U/2895,,unlabeled,none
aPUDE1U/2896,,unlabeled,none
aPUDE1U/2898,,unlabeled,none
aPUDE1U/2900,,unlabeled,none
aPUDE1U/2902,,unlabeled,none
aPUDE1U/2903,,unlabeled,none
aPUDE1U/2904,,unlabeled,none
aPUDE1U/2905,,unlabeled,none
aPUDE1U/2906,,unlabeled,none
aPUDE1U/2907,,unlabeled,none
aPUDE1U/2908,,unlabeled,none
aPUDE1U/2909,,unlabeled,none
aPUDE1U/2910,,unlabeled,none
aPUDE1U/2911,,unlabeled,none
aPUDE1U/2912,,unlabeled,none
aPUDE1U/2913,,unlabeled,none
aPUDE1U/2914,,unlabeled,none
aPUDE1U/2916,,unlabeled,none
aPUDE1U/2917,,unlabeled,none
aPUDE1U/2918,,unlabeled,none
aPUDE1U/2919,,unlabeled,none
aPUDE1U/2920,,unlabeled,none
aPUDE1U/2922,,unlabeled,none
aPUDE1U/2923,,unlabeled,none
aPUDE1U/2924,,unlabeled,none
aPUDE1U/2925,,unlabeled,none
aPUDE1U/2928,,unlabeled,none
aPUDE1U/2929,,unlabeled,none
aPUDE1U/2930,,unlabeled,none
aPUDE1U/2931,,unlabeled,none
aPUDE1U/2932,,unlabeled,none
aPUDE1U/2934,,unlabeled,none
aPUDE1U/2935,,unlabeled,none
aPUDE1U/2936,,unlabeled,none
aPUDE1U/2939,,unlabeled,none
aPUDE1U/2941,,unlabeled,none
aPUDE1U/2942,,unlabeled,none
aPUDE1U/2944,,unlabeled,none
aPUDE1U/2945,,unlabeled,none
aPUDE1U/2950,,unlabeled,none
aPUDE1U/2951,,unlabeled,none
aPUDE1U/2953,,unlabeled,none
aPUDE1U/2954,,unlabeled,none
aPUDE1U/2955,,unlabeled,none
aPUDE1U/2956,,unlabeled,none
aPUDE1U/2957,,unlabeled,none
aPUDE1U/2958,,unlabeled,none
aPUDE1U/2959,,unlabeled,none
aPUDE1U/2960,,unlabeled,none
aPUDE1U/2961,,unlabeled,none
aPUDE1U/2962,,unlabeled,none
aPUDE1U/2966,,unlabeled,none
aPUDE1U/2967,,unlabeled,none
aPUDE1U/2968,,unlabeled,none
aPUDE1U/2969,,unlabeled,none
aPUDE1U/2970,,unlabeled,none
aPUDE1U/2971,,unlabeled,none
aPUDE1U/2972,,unlabeled,none
aPUDE1U/2973,,unlabeled,none
aPUDE1U/2975,,unlabeled,none
aPUDE1U/2976,,unlabeled,none
aPUDE1U/2977,,unlabeled,none
aPUDE1U/2978,,unlabeled,none
aPUDE1U/2979,,unlabeled,none
aPUDE1U/2980,,unlabeled,none
aPUDE1U/2981,,unlabeled,none
aPUDE1U/2983,,unlabeled,none
aPUDE1U/2984,,unlabeled,none
aPUDE1U/2985,,unlabeled,none
aPUDE1U/2986,,unlabeled,none
aPUDE1U/2989,,unlabeled,none
aPUDE1U/2990,,unlabeled,none
aPUDE1U/2991,,unlabeled,none
aPUDE1U/2994,,unlabeled,none
aPUDE1U/2995,,unlabeled,none
aPUDE1U/2997,,unlabeled,none
aPUDE1U/2999,,unlabeled,none
aPUDE1U/3000,,unlabeled,none
aPUDE1U/3001,,unlabeled,none
aPUDE1U/3002,,unlabeled,none
aPUDE1U/3003,,unlabeled,none
aPUDE1U/3004,,unlabeled,none
aPUDE1U/3005,,unlabeled,none
aPUDE1U/3006,,unlabeled,none
aPUDE1U/3007,,unlabeled,none
aPUDE1U/3008,,unlabeled,none
aPUDE1U/3009,,unlabeled,none
aPUDE1U/3011,,unlabeled,none
aPUDE1U/3013,,unlabeled,none
aPUDE1U/3014,,unlabeled,none
aPUDE1U/3015,,unlabeled,none
aPUDE1U/3016,,unlabeled,none
aPUDE1U/3017,,unlabeled,none
aPUDE1U/3019,,unlabeled,none
aPUDE1U/3021,,unlabeled,none
aPUDE1U/3022,,unlabeled,none
aPUDE1U/3023,,unlabeled,none
aPUDE1U/3024,,unlabeled,none
aPUDE1U/3026,,unlabeled,none
aPUDE1U/3027,,unlabeled,none
aPUDE1U/3028,,unlabeled,none
aPUDE1U/3029,,unlabeled,none
aPUDE1U/3030,,unlabeled,none
aPUDE1U/3031,,unlabeled,none
aPUDE1U/3032,,unlabeled,none
aPUDE1U/3034,,unlabeled,none
aPUDE1U/3036,,unlabeled,none
aPUDE1U/3038,,unlabeled,none
aPUDE1U/3039,,unlabeled,none
aPUDE1U/3040,,unlabeled,none
aPUDE1U/3041,,unlabeled,none
aPUDE1U/3042,,unlabeled,none
aPUDE1U/3043,,unlabeled,none
aPUDE1U/3044,,unlabeled,none
aPUDE1U/3045,,unlabeled,none
aPUDE1U/3046,,unlabeled,none
aPUDE1U/3047,,unlabeled,none
aPUDE1U/3048,,unlabeled,none
aPUDE1U/3060,,unlabeled,none
aPUDE1U/3063,,unlabeled,none
aPUDE1U/3074,,unlabeled,none
aPUDE1U/3076,,unlabeled,none
aPUDE1U/3081,,unlabeled,none
aPUDE1U/3087,,unlabeled,none
aPUDE1U/3099,,unlabeled,none
aPUDE1U/3107,,unlabeled,none
aPUDE1U/3114,,unlabeled,none
aPUDE1U/3118,,unlabeled,none
aPUDE1U/3128,,unlabeled,none
aPUDE1U/3136,,unlabeled,none
aPUDE1U/3145,,unlabeled,none
aPUDE1U/3162,,unlabeled,none
aPUDE1U/3165,,unlabeled,none
aPUDE1U/3176,,unlabeled,none
aPUDE1U/3180,,unlabeled,none
aPUDE1U/3187,,unlabeled,none
aPUDE1U/3192,,unlabeled,none
aPUDE1U/3211,,unlabeled,none
aPUDE1U/3219,,unlabeled,none
aPUDE1U/3226,,unlabeled,none
aPUDE1U/3236,,unlabeled,none
aPUDE1U/3238,,unlabeled,none
aPUDE1U/3239,,unlabeled,none
aPUDE1U/3253,,unlabeled,none
aPUDE1U/3256,,unlabeled,none
aPUDE1U/3259,,unlabeled,none
aPUDE1U/3325,,unlabeled,none
aPUDE1U/3353,,unlabeled,none
aPUDE1U/3356,,unlabeled,none
aPUDE1U/3359,,unlabeled,none
aPUDE1U/3363,,unlabeled,none
aPUDE1U/3367,,unlabeled,none
aPUDE1U/3372,,unlabeled,none
aPUDE1U/3374,,unlabeled,none
aPUDE1U/3375,,unlabeled,none
aPUDE1U/3378,,unlabeled,none
aPUDE1U/3380,,unlabeled,none
aPUDE1U/3384,,unlabeled,none
aPUDE1U/3385,,unlabeled,none
aPUDE1U/3394,,unlabeled,none
aPUDE1U/3397,,unlabeled,none
aPUDE1U/3398,,unlabeled,none
aPUDE1U/3401,,unlabeled,none
aPUDE1U/3402,,unlabeled,none
aPUDE1U/3404,,unlabeled,none
aPUDE1U/3406,,unlabeled,none
aPUDE1U/3407,,unlabeled,none
aPUDE1U/3408,,unlabeled,none
aPUDE1U/3409,,unlabeled,none
aPUDE1U/3410,,unlabeled,none
aPUDE1U/3413,,unlabeled,none
aPUDE1U/3414,,unlabeled,none
aPUDE1U/3415,,unlabeled,none
aPUDE1U/3417,,unlabeled,none
aPUDE1U/3419,,unlabeled,none
aPUDE1U/3420,,unlabeled,none
aPUDE1U/3421,,unlabeled,none
aPUDE1U/3422,,unlabeled,none
aPUDE1U/3425,,unlabeled,none
aPUDE1U/3427,,unlabeled,none
aPUDE1U/3428,,unlabeled,none
aPUDE1U/3430,,unlabeled,none
aPUDE1U/3431,,unlabeled,none
aPUDE1U/3436,,unlabeled,none
aPUDE1U/3439,,unlabeled,none
aPUDE1U/3440,,unlabeled,none
aPUDE1U/3441,,unlabeled,none
aPUDE1U/3442,,unlabeled,none
aPUDE1U/3443,,unlabeled,none
aPUDE1U/3444,,unlabeled,none
aPUDE1U/3445,,unlabeled,none
aPUDE1U/3448,,unlabeled,none
aPUDE1U/3450,,unlabeled,none
aPUDE1U/3454,,unlabeled,none
aPUDE1U/3457,,unlabeled,none
aPUDE1U/3458,,unlabeled,none
aPUDE1U/3461,,unlabeled,none
aPUDE1U/3463,,unlabeled,none
aPUDE1U/3464,,unlabeled,none
aPUDE1U/3465,,unlabeled,none
aPUDE1U/3466,,unlabeled,none
aPUDE1U/3467,,unlabeled,none
aPUDE1U/3470,,unlabeled,none
aPUDE1U/3477,,unlabeled,none
aPUDE1U/3484,,unlabeled,none
aPUDE1U/3486,,unlabeled,none
aPUDE1U/3487,,unlabeled,none
aPUDE1U/3489,,unlabeled,none
aPUDE1U/3490,,unlabeled,none
aPUDE1U/3491,,unlabeled,none
aPUDE1U/3492,,unlabeled,none
aPUDE1U/3493,,unlabeled,none
aPUDE1U/3494,,unlabeled,none
aPUDE1U/3498,,unlabeled,none
aPUDE1U/3499,,unlabeled,none
aPUDE1U/3501,,unlabeled,none
aPUDE1U/3502,,unlabeled,none
aPUDE1U/3503,,unlabeled,none
aPUDE1U/3504,,unlabeled,none
aPUDE1U/3505,,unlabeled,none
aPUDE1U/3506,,unlabeled,none
aPUDE1U/3507,,unlabeled,none
aPUDE1U/3508,,unlabeled,none
aPUDE1U/3509,,unlabeled,none
aPUDE1U/3510,,unlabeled,none
aPUDE1U/3511,,unlabeled,none
aPUDE1U/3512,,unlabeled,none
aPUDE1U/3513,,unlabeled,none
aPUDE1U/3515,,unlabeled,none
aPUDE1U/3516,,unlabeled,none
aPUDE1U/3517,,unlabeled,none
aPUDE1U/3518,,unlabeled,none
aPUDE1U/3519,,unlabeled,none
aPUDE1U/3520,,unlabeled,none
aPUDE1U/3521,,unlabeled,none
aPUDE1U/3522,,unlabeled,none
aPUDE1U/3523,,unlabeled,none
aPUDE1U/3524,,unlabeled,none
aPUDE1U/3525,,unlabeled,none
aPUDE1U/3526,,unlabeled,none
aPUDE1U/3527,,unlabeled,none
aPUDE1U/3528,,unlabeled,none
aPUDE1U/3530,,unlabeled,none
aPUDE1U/3531,,unlabeled,none
aPUDE1U/3533,,unlabeled,none
aPUDE1U/3534,,unlabeled,none
aPUDE1U/3535,,unlabeled,none
aPUDE1U/3536,,unlabeled,none
aPUDE1U/3538,,unlabeled,none
aPUDE1U/3540,,unlabeled,none
aPUDE1U/3541,,unlabeled,none
aPUDE1U/3542,,unlabeled,none
aPUDE1U/3544,,unlabeled,none
aPUDE1U/3545,,unlabeled,none
aPUDE1U/3546,,unlabeled,none
aPUDE1U/3548,,unlabeled,none
aPUDE1U/3550,,unlabeled,none
aPUDE1U/3551,,unlabeled,none
aPUDE1U/3553,,unlabeled,none
aPUDE1U/3554,,unlabeled,none
aPUDE1U/3555,,unlabeled,none
aPUDE1U/3556,,unlabeled,none
aPUDE1U/3563,,unlabeled,none
aPUDE1U/3564,,unlabeled,none
aPUDE1U/3566,,unlabeled,none
aPUDE1U/3567,,unlabeled,none
aPUDE1U/3568,,unlabeled,none
aPUDE1U/3569,,unlabeled,none
aPUDE1U/3572,,unlabeled,none
aPUDE1U/3573,,unlabeled,none
aPUDE1U/3574,,unlabeled,none
aPUDE1U/3575,,unlabeled,none
aPUDE1U/3577,,unlabeled,none
aPUDE1U/3578,,unlabeled,none
aPUDE1U/3579,,unlabeled,none
aPUDE1U/3585,,unlabeled,none
aPUDE1U/3588,,unlabeled,none
aPUDE1U/3589,,unlabeled,none
aPUDE1U/3591,,unlabeled,none
aPUDE1U/3592,,unlabeled,none
aPUDE1U/3593,,unlabeled,none
aPUDE1U/3594,,unlabeled,none
aPUDE1U/3600,,unlabeled,none
aPUDE1U/3601,,unlabeled,none
aPUDE1U/3602,,unlabeled,none
aPUDE1U/3605,,unlabeled,none
aPUDE1U/3608,,unlabeled,none
aPUDE1U/3609,,unlabeled,none
aPUDE1U/3610,,unlabeled,none
aPUDE1U/3613,,unlabeled,none
aPUDE1U/3615,,unlabeled,none
aPUDE1U/3617,,unlabeled,none
aPUDE1U/3620,,unlabeled,none
aPUDE1U/3621,,unlabeled,none
aPUDE1U/3622,,unlabeled,none
aPUDE1U/3623,,unlabeled,none
aPUDE1U/3624,,unlabeled,none
aPUDE1U/3625,,unlabeled,none
aPUDE1U/3626,,unlabeled,none
aPUDE1U/3627,,unlabeled,none
aPUDE1U/3628,,unlabeled,none
aPUDE1U/3629,,unlabeled,none
aPUDE1U/3630,,unlabeled,none
aPUDE1U/3631,,unlabeled,none
aPUDE1U/3632,,unlabeled,none
aPUDE1U/3633,,unlabeled,none
aPUDE1U/3635,,unlabeled,none
aPUDE1U/3636,,unlabeled,none
aPUDE1U/3637,,unlabeled,none
aPUDE1U/3638,,unlabeled,none
aPUDE1U/3640,,unlabeled,none
aPUDE1U/3641,,unlabeled,none
aPUDE1U/3643,,unlabeled,none
aPUDE1U/3644,,unlabeled,none
aPUDE1U/3647,,unlabeled,none
aPUDE1U/3648,,unlabeled,none
aPUDE1U/3649,,unlabeled,none
aPUDE1U/3650,,unlabeled,none
aPUDE1U/3651,,unlabeled,none
aPUDE1U/3652,,unlabeled,none
aPUDE1U/3654,,unlabeled,none
aPUDE1U/3655,,unlabeled,none
aPUDE1U/3657,,unlabeled,none
aPUDE1U/3658,,unlabeled,none
aPUDE1U/3659,,unlabeled,none
aPUDE1U/3660,,unlabeled,none
aPUDE1U/3662,,unlabeled,none
aPUDE1U/3663,,unlabeled,none
aPUDE1U/3664,,unlabeled,none
aPUDE1U/3666,,unlabeled,none
aPUDE1U/3667,,unlabeled,none
aPUDE1U/3668,,unlabeled,none
aPUDE1U/3671,,unlabeled,none
aPUDE1U/3674,,unlabeled,none
aPUDE1U/3675,,unlabeled,none
aPUDE1U/3676,,unlabeled,none
aPUDE1U/3679,,unlabeled,none
aPUDE1U/3680,,unlabeled,none
aPUDE1U/3681,,unlabeled,none
aPUDE1U/3682,,unlabeled,none
aPUDE1U/3683,,unlabeled,none
aPUDE1U/3684,,unlabeled,none
aPUDE1U/3685,,unlabeled,none
aPUDE1U/3686,,unlabeled,none
aPUDE1U/3687,,unlabeled,none
aPUDE1U/3690,,unlabeled,none
aPUDE1U/3692,,unlabeled,none
aPUDE1U/3695,,unlabeled,none
aPUDE1U/3696,,unlabeled,none
aPUDE1U/3697,,unlabeled,none
aPUDE1U/3700,,unlabeled,none
aPUDE1U/3701,,unlabeled,none
aPUDE1U/3703,,unlabeled,none
aPUDE1U/3704,,unlabeled,none
aPUDE1U/3705,,unlabeled,none
aPUDE1U/3706,,unlabeled,none
aPUDE1U/3707,,unlabeled,none
aPUDE1U/3711,,unlabeled,none
aPUDE1U/3713,,unlabeled,none
aPUDE1U/3714,,unlabeled,none
aPUDE1U/3715,,unlabeled,none
aPUDE1U/3716,,unlabeled,none
aPUDE1U/3718,,unlabeled,none
aPUDE1U/3719,,unlabeled,none
aPUDE1U/3720,,unlabeled,none
aPUDE1U/3722,,unlabeled,none
aPUDE1U/3723,,unlabeled,none
aPUDE1U/3726,,unlabeled,none
aPUDE1U/3727,,unlabeled,none
aPUDE1U/3728,,unlabeled,none
aPUDE1U/3730,,unlabeled,none
aPUDE1U/3731,,unlabeled,none
aPUDE1U/3732,,unlabeled,none
aPUDE1U/3733,,unlabeled,none
aPUDE1U/3734,,unlabeled,none
aPUDE1U/3735,,unlabeled,none
aPUDE1U/3736,,unlabeled,none
aPUDE1U/3737,,unlabeled,none
aPUDE1U/3738,,unlabeled,none
aPUDE1U/3739,,unlabeled,none
aPUDE1U/3740,,unlabeled,none
aPUDE1U/3741,,unlabeled,none
aPUDE1U/3742,,unlabeled,none
aPUDE1U/3744,,unlabeled,none
aPUDE1U/3746,,unlabeled,none
aPUDE1U/3748,,unlabeled,none
aPUDE1U/3751,,unlabeled,none
aPUDE1U/3752,,unlabeled,none
aPUDE1U/3754,,unlabeled,none
aPUDE1U/3755,,unlabeled,none
aPUDE1U/3756,,unlabeled,none
aPUDE1U/3759,,unlabeled,none
aPUDE1U/3760,,unlabeled,none
aPUDE1U/3761,,unlabeled,none
aPUDE1U/3762,,unlabeled,none
aPUDE1U/3765,,unlabeled,none
aPUDE1U/3767,,unlabeled,none
aPUDE1U/3768,,unlabeled,none
aPUDE1U/3769,,unlabeled,none
aPUDE1U/3770,,unlabeled,none
aPUDE1U/3771,,unlabeled,none
aPUDE1U/3773,,unlabeled,none
aPUDE1U/3780,,unlabeled,none
aPUDE1U/3781,,unlabeled,none
aPUDE1U/3782,,unlabeled,none
aPUDE1U/3783,,unlabeled,none
aPUDE1U/3784,,unlabeled,none
aPUDE1U/3785,,unlabeled,none
aPUDE1U/3786,,unlabeled,none
aPUDE1U/3788,,unlabeled,none
aPUDE1U/3789,,unlabeled,none
aPUDE1U/3790,,unlabeled,none
aPUDE1U/3791,,unlabeled,none
aPUDE1U/3792,,unlabeled,none
aPUDE1U/3793,,unlabeled,none
aPUDE1U/3794,,unlabeled,none
aPUDE1U/3795,,unlabeled,none
aPUDE1U/3796,,unlabeled,none
aPUDE1U/3797,,unlabeled,none
aPUDE1U/3800,,unlabeled,none
aPUDE1U/3801,,unlabeled,none
aPUDE1U/3802,,unlabeled,none
aPUDE1U/3803,,unlabeled,none
aPUDE1U/3805,,unlabeled,none
aPUDE1U/3807,,unlabeled,none
aPUDE1U/3808,,unlabeled,none
aPUDE1U/3810,,unlabeled,none
aPUDE1U/3813,,unlabeled,none
aPUDE1U/3814,,unlabeled,none
aPUDE1U/3815,,unlabeled,none
aPUDE1U/3816,,unlabeled,none
aPUDE1U/3817,,unlabeled,none
aPUDE1U/3819,,unlabeled,none
aPUDE1U/3820,,unlabeled,none
aPUDE1U/3821,,unlabeled,none
aPUDE1U/3822,,unlabeled,none
aPUDE1U/3823,,unlabeled,none
aPUDE1U/3824,,unlabeled,none
aPUDE1U/3825,,unlabeled,none
aPUDE1U/3828,,unlabeled,none
aPUDE1U/3829,,unlabeled,none
aPUDE1U/3831,,unlabeled,none
aPUDE1U/3832,,unlabeled,none
aPUDE1U/3833,,unlabeled,none
aPUDE1U/3834,,unlabeled,none
aPUDE1U/3835,,unlabeled,none
aPUDE1U/3836,,unlabeled,none
aPUDE1U/3837,,unlabeled,none
aPUDE1U/3838,,unlabeled,none
aPUDE1U/3841,,unlabeled,none
aPUDE1U/3842,,unlabeled,none
aPUDE1U/3844,,unlabeled,none
aPUDE1U/3845,,unlabeled,none
aPUDE1U/3848,,unlabeled,none
aPUDE1U/3849,,unlabeled,none
aPUDE1U/3850,,unlabeled,none
aPUDE1U/3851,,unlabeled,none
aPUDE1U/3852,,unlabeled,none
aPUDE1U/3860,,unlabeled,none
aPUDE1U/3862,,unlabeled,none
aPUDE1U/3863,,unlabeled,none
aPUDE1U/3864,,unlabeled,none
aPUDE1U/3865,,unlabeled,none
aPUDE1U/3866,,unlabeled,none
aPUDE1U/3867,,unlabeled,none
aPUDE1U/3868,,unlabeled,none
aPUDE1U/3869,,unlabeled,none
aPUDE1U/3872,,unlabeled,none
aPUDE1U/3873,,unlabeled,none
aPUDE1U/3875,,unlabeled,none
aPUDE1U/3876,,unlabeled,none
aPUDE1U/3877,,unlabeled,none
aPUDE1U/3878,,unlabeled,none
aPUDE1U/3882,,unlabeled,none
aPUDE1U/3883,,unlabeled,none
aPUDE1U/3887,,unlabeled,none
aPUDE1U/3889,,unlabeled,none
aPUDE1U/3890,,unlabeled,none
aPUDE1U/3893,,unlabeled,none
aPUDE1U/3894,,unlabeled,none
aPUDE1U/3895,,unlabeled,none
aPUDE1U/3896,,unlabeled,none
aPUDE1U/3897,,unlabeled,none
aPUDE1U/3898,,unlabeled,none
aPUDE1U/3899,,unlabeled,none
aPUDE1U/3900,,unlabeled,none
aPUDE1U/3901,,unlabeled,none
aPUDE1U/3903,,unlabeled,none
aPUDE1U/3904,,unlabeled,none
aPUDE1U/3905,,unlabeled,none
aPUDE1U/3906,,unlabeled,none
aPUDE1U/3907,,unlabeled,none
aPUDE1U/3908,,unlabeled,none
aPUDE1U/3911,,unlabeled,none
aPUDE1U/3914,,unlabeled,none
aPUDE1U/3915,,unlabeled,none
aPUDE1U/3916,,unlabeled,none
aPUDE1U/3917,,unlabeled,none
aPUDE1U/3920,,unlabeled,none
aPUDE1U/3921,,unlabeled,none
aPUDE1U/3924,,unlabeled,none
aPUDE1U/3928,,unlabeled,none
aPUDE1U/3931,,unlabeled,none
aPUDE1U/3932,,unlabeled,none
aPUDE1U/3933,,unlabeled,none
aPUDE1U/3934,,unlabeled,none
aPUDE1U/3935,,unlabeled,none
aPUDE1U/3936,,unlabeled,none
aPUDE1U/3937,,unlabeled,none
aPUDE1U/3938,,unlabeled,none
aPUDE1U/3942,,unlabeled,none
aPUDE1U/3944,,unlabeled,none
aPUDE1U/3945,,unlabeled,none
aPUDE1U/3946,,unlabeled,none
aPUDE1U/3947,,unlabeled,none
aPUDE1U/3949,,unlabeled,none
aPUDE1U/3950,,unlabeled,none
aPUDE1U/3951,,unlabeled,none
aPUDE1U/3952,,unlabeled,none
aPUDE1U/3954,,unlabeled,none
aPUDE1U/3955,,unlabeled,none
aPUDE1U/3958,,unlabeled,none
aPUDE1U/3959,,unlabeled,none
aPUDE1U/3962,,unlabeled,none
aPUDE1U/3963,,unlabeled,none
aPUDE1U/3964,,unlabeled,none
aPUDE1U/3965,,unlabeled,none
aPUDE1U/3967,,unlabeled,none
aPUDE1U/3969,,unlabeled,none
aPUDE1U/3971,,unlabeled,none
aPUDE1U/3973,,unlabeled,none
aPUDE1U/3974,,unlabeled,none
aPUDE1U/3975,,unlabeled,none
aPUDE1U/3978,,unlabeled,none
aPUDE1U/3982,,unlabeled,none
aPUDE1U/3983,,unlabeled,none
aPUDE1U/3984,,unlabeled,none
aPUDE1U/3985,,unlabeled,none
aPUDE1U/3987,,unlabeled,none
aPUDE1U/3990,,unlabeled,none
aPUDE1U/3991,,unlabeled,none
aPUDE1U/3992,,unlabeled,none
aPUDE1U/3994,,unlabeled,none
aPUDE1U/3995,,unlabeled,none
aPUDE1U/3997,,unlabeled,none
aPUDE1U/3999,,unlabeled,none
aPUDE1U/4001,,unlabeled,none
aPUDE1U/4005,,unlabeled,none
aPUDE1U/4007,,unlabeled,none
aPUDE1U/4010,,unlabeled,none
aPUDE1U/4011,,unlabeled,none
aPUDE1U/4012,,unlabeled,none
aPUDE1U/4013,,unlabeled,none
aPUDE1U/4014,,unlabeled,none
aPUDE1U/4017,,unlabeled,none
aPUDE1U/4018,,unlabeled,none
aPUDE1U/4019,,unlabeled,none
aPUDE1U/4020,,unlabeled,none
aPUDE1U/4021,,unlabeled,none
aPUDE1U/4023,,unlabeled,none
aPUDE1U/4024,,unlabeled,none
aPUDE1U/4027,,unlabeled,none
aPUDE1U/4029,,unlabeled,none
aPUDE1U/4030,,unlabeled,none
aPUDE1U/4031,,unlabeled,none
aPUDE1U/4032,,unlabeled,none
aPUDE1U/4033,,unlabeled,none
aPUDE1U/4035,,unlabeled,none
aPUDE1U/4037,,unlabeled,none
aPUDE1U/4038,,unlabeled,none
aPUDE1U/4039,,unlabeled,none
aPUDE1U/4042,,unlabeled,none
aPUDE1U/4043,,unlabeled,none
aPUDE1U/4045,,unlabeled,none
aPUDE1U/4049,,unlabeled,none
aPUDE1U/4050,,unlabeled,none
aPUDE1U/4051,,unlabeled,none
aPUDE1U/4052,,unlabeled,none
aPUDE1U/4054,,unlabeled,none
aPUDE1U/4055,,unlabeled,none
aPUDE1U/4056,,unlabeled,none
aPUDE1U/4057,,unlabeled,none
aPUDE1U/4060,,unlabeled,none
aPUDE1U/4063,,unlabeled,none
aPUDE1U/4065,,unlabeled,none
aPUDE1U/4070,,unlabeled,none
aPUDE1U/4071,,unlabeled,none
aPUDE1U/4072,,unlabeled,none
aPUDE1U/4073,,unlabeled,none
aPUDE1U/4074,,unlabeled,none
aPUDE1U/4075,,unlabeled,none
aPUDE1U/4077,,unlabeled,none
aPUDE1U/4079,,unlabeled,none
aPUDE1U/4080,,unlabeled,none
aPUDE1U/4081,,unlabeled,none
aPUDE1U/4082,,unlabeled,none
aPUDE1U/4083,,unlabeled,none
aPUDE1U/4084,,unlabeled,none
aPUDE1U/4085,,unlabeled,none
aPUDE1U/4086,,unlabeled,none
aPUDE1U/4088,,unlabeled,none
aPUDE1U/4089,,unlabeled,none
aPUDE1U/4090,,unlabeled,none
aPUDE1U/4091,,unlabeled,none
aPUDE1U/4092,,unlabeled,none
aPUDE1U/4093,,unlabeled,none
aPUDE1U/4094,,unlabeled,none
aPUDE1U/4096,,unlabeled,none
aPUDE1U/4097,,unlabeled,none
aPUDE1U/4098,,unlabeled,none
aPUDE1U/4100,,unlabeled,none
aPUDE1U/4101,,unlabeled,none
aPUDE1U/4102,,unlabeled,none
aPUDE1U/4103,,unlabeled,none
aPUDE1U/4104,,unlabeled,none
aPUDE1U/4105,,unlabeled,none
aPUDE1U/4106,,unlabeled,none
aPUDE1U/4107,,unlabeled,none
aPUDE1U/4108,,unlabeled,none
aPUDE1U/4109,,unlabeled,none
aPUDE1U/4111,,unlabeled,none
aPUDE1U/4112,,unlabeled,none
aPUDE1U/4113,,unlabeled,none
aPUDE1U/4115,,unlabeled,none
aPUDE1U/4116,,unlabeled,none
aPUDE1U/4121,,unlabeled,none
aPUDE1U/4122,,unlabeled,none
aPUDE1U/4123,,unlabeled,none
aPUDE1U/4125,,unlabeled,none
aPUDE1U/4126,,unlabeled,none
aPUDE1U/4127,,unlabeled,none
aPUDE1U/4128,,unlabeled,none
aPUDE1U/4129,,unlabeled,none
aPUDE1U/4130,,unlabeled,none
aPUDE1U/4131,,unlabeled,none
aPUDE1U/4133,,unlabeled,none
aPUDE1U/4138,,unlabeled,none
aPUDE1U/4142,,unlabeled,none
aPUDE1U/4143,,unlabeled,none
aPUDE1U/4144,,unlabeled,none
aPUDE1U/4145,,unlabeled,none
aPUDE1U/4146,,unlabeled,none
aPUDE1U/4147,,unlabeled,none
aPUDE1U/4148,,unlabeled,none
aPUDE1U/4149,,unlabeled,none
aPUDE1U/4150,,unlabeled,none
aPUDE1U/4151,,unlabeled,none
aPUDE1U/4153,,unlabeled,none
aPUDE1U/4154,,unlabeled,none
aPUDE1U/4155,,unlabeled,none
aPUDE1U/4157,,unlabeled,none
aPUDE1U/4158,,unlabeled,none
aPUDE1U/4159,,unlabeled,none
aPUDE1U/4160,,unlabeled,none
aPUDE1U/4161,,unlabeled,none
aPUDE1U/4162,,unlabeled,none
aPUDE1U/4163,,unlabeled,none
aPUDE1U/4164,,unlabeled,none
aPUDE1U/4166,,unlabeled,none
aPUDE1U/4167,,unlabeled,none
aPUDE1U/4168,,unlabeled,none
aPUDE1U/4169,,unlabeled,none
aPUDE1U/4170,,unlabeled,none
aPUDE1U/4172,,unlabeled,none
aPUDE1U/4173,,unlabeled,none
aPUDE1U/4174,,unlabeled,none
aPUDE1U/4175,,unlabeled,none
aPUDE1U/4176,,unlabeled,none
aPUDE1U/4177,,unlabeled,none
aPUDE1U/4180,,unlabeled,none
aPUDE1U/4182,,unlabeled,none
aPUDE1U/4183,,unlabeled,none
aPUDE1U/4185,,unlabeled,none
aPUDE1U/4186,,unlabeled,none
aPUDE1U/4187,,unlabeled,none
aPUDE1U/4188,,unlabeled,none
aPUDE1U/4191,,unlabeled,none
aPUDE1U/4192,,unlabeled,none
aPUDE1U/4193,,unlabeled,none
aPUDE1U/4194,,unlabeled,none
aPUDE1U/4195,,unlabeled,none
aPUDE1U/4198,,unlabeled,none
aPUDE1U/4199,,unlabeled,none
aPUDE1U/4200,,unlabeled,none
aPUDE1U/4206,,unlabeled,none
aPUDE1U/4207,,unlabeled,none
aPUDE1U/4208,,unlabeled,none
aPUDE1U/4209,,unlabeled,none
aPUDE1U/4210,,unlabeled,none
aPUDE1U/4212,,unlabeled,none
aPUDE1U/4213,,unlabeled,none
aPUDE1U/4214,,unlabeled,none
aPUDE1U/4215,,unlabeled,none
aPUDE1U/4219,,unlabeled,none
aPUDE1U/4220,,unlabeled,none
aPUDE1U/4221,,unlabeled,none
aPUDE1U/4222,,unlabeled,none
aPUDE1U/4226,,unlabeled,none
aPUDE1U/4229,,unlabeled,none
aPUDE1U/4230,,unlabeled,none
aPUDE1U/4232,,unlabeled,none
aPUDE1U/4233,,unlabeled,none
aPUDE1U/4234,,unlabeled,none
aPUDE1U/4235,,unlabeled,none
aPUDE1U/4237,,unlabeled,none
aPUDE1U/4239,,unlabeled,none
aPUDE1U/4240,,unlabeled,none
aPUDE1U/4241,,unlabeled,none
aPUDE1U/4242,,unlabeled,none
aPUDE1U/4243,,unlabeled,none
aPUDE1U/4244,,unlabeled,none
aPUDE1U/4245,,unlabeled,none
aPUDE1U/4246,,unlabeled,none
aPUDE1U/4249,,unlabeled,none
aPUDE1U/4250,,unlabeled,none
aPUDE1U/4252,,unlabeled,none
aPUDE1U/4253,,unlabeled,none
aPUDE1U/4254,,unlabeled,none
aPUDE1U/4255,,unlabeled,none
aPUDE1U/4259,,unlabeled,none
aPUDE1U/4260,,unlabeled,none
aPUDE1U/4262,,unlabeled,none
aPUDE1U/4263,,unlabeled,none
aPUDE1U/4264,,unlabeled,none
aPUDE1U/4265,,unlabeled,none
aPUDE1U/4266,,unlabeled,none
aPUDE1U/4267,,unlabeled,none
aPUDE1U/4268,,unlabeled,none
aPUDE1U/4269,,unlabeled,none
aPUDE1U/4270,,unlabeled,none
aPUDE1U/4271,,unlabeled,none
aPUDE1U/4272,,unlabeled,none
aPUDE1U/4274,,unlabeled,none
aPUDE1U/4275,,unlabeled,none
aPUDE1U/4276,,unlabeled,none
aPUDE1U/4277,,unlabeled,none
aPUDE1U/4278,,unlabeled,none
aPUDE1U/4279,,unlabeled,none
aPUDE1U/4280,,unlabeled,none
aPUDE1U/4281,,unlabeled,none
aPUDE1U/4283,,unlabeled,none
aPUDE1U/4284,,unlabeled,none
aPUDE1U/4285,,unlabeled,none
aPUDE1U/4288,,unlabeled,none
aPUDE1U/4289,,unlabeled,none
aPUDE1U/4291,,unlabeled,none
aPUDE1U/4292,,unlabeled,none
aPUDE1U/4293,,unlabeled,none
aPUDE1U/4295,,unlabeled,none
aPUDE1U/4296,,unlabeled,none
aPUDE1U/4297,,unlabeled,none
aPUDE1U/4298,,unlabeled,none
aPUDE1U/4299,,unlabeled,none
aPUDE1U/4301,,unlabeled,none
aPUDE1U/4302,,unlabeled,none
aPUDE1U/4303,,unlabeled,none
aPUDE1U/4304,,unlabeled,none
aPUDE1U/4305,,unlabeled,none
aPUDE1U/4306,,unlabeled,none
aPUDE1U/4307,,unlabeled,none
aPUDE1U/4308,,unlabeled,none
aPUDE1U/4309,,unlabeled,none
aPUDE1U/4311,,unlabeled,none
aPUDE1U/4312,,unlabeled,none
aPUDE1U/4313,,unlabeled,none
aPUDE1U/4314,,unlabeled,none
aPUDE1U/4315,,unlabeled,none
aPUDE1U/4316,,unlabeled,none
aPUDE1U/4317,,unlabeled,none
aPUDE1U/4318,,unlabeled,none
aPUDE1U/4320,,unlabeled,none
aPUDE1U/4321,,unlabeled,none
aPUDE1U/4322,,unlabeled,none
aPUDE1U/4324,,unlabeled,none
aPUDE1U/4325,,unlabeled,none
aPUDE1U/4326,,unlabeled,none
aPUDE1U/4327,,unlabeled,none
aPUDE1U/4329,,unlabeled,none
aPUDE1U/4330,,unlabeled,none
aPUDE1U/4331,,unlabeled,none
aPUDE1U/4332,,unlabeled,none
aPUDE1U/4333,,unlabeled,none
aPUDE1U/4334,,unlabeled,none
aPUDE1U/4335,,unlabeled,none
aPUDE1U/4336,,unlabeled,none
aPUDE1U/4337,,unlabeled,none
aPUDE1U/4339,,unlabeled,none
aPUDE1U/4340,,unlabeled,none
aPUDE1U/4343,,unlabeled,none
aPUDE1U/4344,,unlabeled,none
aPUDE1U/4345,,unlabeled,none
aPUDE1U/4346,,unlabeled,none
aPUDE1U/4347,,unlabeled,none
aPUDE1U/4349,,unlabeled,none
aPUDE1U/4350,,unlabeled,none
aPUDE1U/4351,,unlabeled,none
aPUDE1U/4352,,unlabeled,none
aPUDE1U/4353,,unlabeled,none
aPUDE1U/4354,,unlabeled,none
aPUDE1U/4355,,unlabeled,none
aPUDE1U/4357,,unlabeled,none
aPUDE1U/4359,,unlabeled,none
aPUDE1U/4361,,unlabeled,none
aPUDE1U/4362,,unlabeled,none
aPUDE1U/4363,,unlabeled,none
aPUDE1U/4364,,unlabeled,none
aPUDE1U/4365,,unlabeled,none
aPUDE1U/4366,,unlabeled,none
aPUDE1U/4371,,unlabeled,none
aPUDE1U/4373,,unlabeled,none
aPUDE1U/4374,,unlabeled,none
aPUDE1U/4375,,unlabeled,none
aPUDE1U/4376,,unlabeled,none
aPUDE1U/4377,,unlabeled,none
aPUDE1U/4379,,unlabeled,none
aPUDE1U/4380,,unlabeled,none
aPUDE1U/4381,,unlabeled,none
aPUDE1U/4382,,unlabeled,none
aPUDE1U/4383,,unlabeled,none
aPUDE1U/4384,,unlabeled,none
aPUDE1U/4385,,unlabeled,none
aPUDE1U/4386,,unlabeled,none
aPUDE1U/4387,,unlabeled,none
aPUDE1U/4390,,unlabeled,none
aPUDE1U/4391,,unlabeled,none
aPUDE1U/4392,,unlabeled,none
aPUDE1U/4393,,unlabeled,none
aPUDE1U/4394,,unlabeled,none
aPUDE1U/4395,,unlabeled,none
aPUDE1U/4397,,unlabeled,none
aPUDE1U/4398,,unlabeled,none
aPUDE1U/4399,,unlabeled,none
aPUDE1U/4401,,unlabeled,none
aPUDE1U/4402,,unlabeled,none
aPUDE1U/4403,,unlabeled,none
aPUDE1U/4404,,unlabeled,none
aPUDE1U/4405,,unlabeled,none
aPUDE1U/4407,,unlabeled,none
aPUDE1U/4408,,unlabeled,none
aPUDE1U/4409,,unlabeled,none
aPUDE1U/4410,,unlabeled,none
aPUDE1U/4411,,unlabeled,none
aPUDE1U/4412,,unlabeled,none
aPUDE1U/4413,,unlabeled,none
aPUDE1U/4414,,unlabeled,none
aPUDE1U/4415,,unlabeled,none
aPUDE1U/4416,,unlabeled,none
aPUDE1U/4418,,unlabeled,none
aPUDE1U/4420,,unlabeled,none
aPUDE1U/4421,,unlabeled,none
aPUDE1U/4423,,unlabeled,none
aPUDE1U/4424,,unlabeled,none
aPUDE1U/4426,,unlabeled,none
aPUDE1U/4427,,unlabeled,none
aPUDE1U/4428,,unlabeled,none
aPUDE1U/4429,,unlabeled,none
aPUDE1U/4430,,unlabeled,none
aPUDE1U/4431,,unlabeled,none
aPUDE1U/4433,,unlabeled,none
aPUDE1U/4434,,unlabeled,none
aPUDE1U/4435,,unlabeled,none
aPUDE1U/4436,,unlabeled,none
aPUDE1U/4437,,unlabeled,none
aPUDE1U/4438,,unlabeled,none
aPUDE1U/4439,,unlabeled,none
aPUDE1U/4441,,unlabeled,none
aPUDE1U/4443,,unlabeled,none
aPUDE1U/4444,,unlabeled,none
aPUDE1U/4446,,unlabeled,none
aPUDE1U/4447,,unlabeled,none
aPUDE1U/4448,,unlabeled,none
aPUDE1U/4449,,unlabeled,none
aPUDE1U/4450,,unlabeled,none
aPUDE1U/4452,,unlabeled,none
aPUDE1U/4454,,unlabeled,none
aPUDE1U/4455,,unlabeled,none
aPUDE1U/4456,,unlabeled,none
aPUDE1U/4457,,unlabeled,none
aPUDE1U/4458,,unlabeled,none
aPUDE1U/4461,,unlabeled,none
aPUDE1U/4462,,unlabeled,none
aPUDE1U/4463,,unlabeled,none
aPUDE1U/4464,,unlabeled,none
aPUDE1U/4465,,unlabeled,none
aPUDE1U/4466,,unlabeled,none
aPUDE1U/4468,,unlabeled,none
aPUDE1U/4469,,unlabeled,none
aPUDE1U/4470,,unlabeled,none
aPUDE1U/4471,,unlabeled,none
aPUDE1U/4472,,unlabeled,none
aPUDE1U/4473,,unlabeled,none
aPUDE1U/4474,,unlabeled,none
aPUDE1U/4475,,unlabeled,none
aPUDE1U/4476,,unlabeled,none
aPUDE1U/4477,,unlabeled,none
aPUDE1U/4479,,unlabeled,none
aPUDE1U/4481,,unlabeled,none
aPUDE1U/4482,,unlabeled,none
aPUDE1U/4483,,unlabeled,none
aPUDE1U/4484,,unlabeled,none
aPUDE1U/4485,,unlabeled,none
aPUDE1U/4486,,unlabeled,none
aPUDE1U/4487,,unlabeled,none
aPUDE1U/4488,,unlabeled,none
aPUDE1U/4489,,unlabeled,none
aPUDE1U/4490,,unlabeled,none
aPUDE1U/4491,,unlabeled,none
aPUDE1U/4492,,unlabeled,none
aPUDE1U/4493,,unlabeled,none
aPUDE1U/4494,,unlabeled,none
aPUDE1U/4495,,unlabeled,none
aPUDE1U/4496,,unlabeled,none
aPUDE1U/4497,,unlabeled,none
aPUDE1U/4499,,unlabeled,none
aPUDE1U/4500,,unlabeled,none
aPUDE1U/4502,,unlabeled,none
aPUDE1U/4503,,unlabeled,none
aPUDE1U/4505,,unlabeled,none
aPUDE1U/4506,,unlabeled,none
aPUDE1U/4507,,unlabeled,none
aPUDE1U/4508,,unlabeled,none
aPUDE1U/4510,,unlabeled,none
aPUDE1U/4511,,unlabeled,none
aPUDE1U/4512,,unlabeled,none
aPUDE1U/4513,,unlabeled,none
aPUDE1U/4514,,unlabeled,none
aPUDE1U/4515,,unlabeled,none
aPUDE1U/4516,,unlabeled,none
aPUDE1U/4517,,unlabeled,none
aPUDE1U/4518,,unlabeled,none
aPUDE1U/4520,,unlabeled,none
aPUDE1U/4521,,unlabeled,none
aPUDE1U/4522,,unlabeled,none
aPUDE1U/4523,,unlabeled,none
aPUDE1U/4525,,unlabeled,none
aPUDE1U/4526,,unlabeled,none
aPUDE1U/4527,,unlabeled,none
aPUDE1U/4528,,unlabeled,none
aPUDE1U/4529,,unlabeled,none
aPUDE1U/4530,,unlabeled,none
aPUDE1U/4531,,unlabeled,none
aPUDE1U/4532,,unlabeled,none
aPUDE1U/4537,,unlabeled,none
aPUDE1U/4538,,unlabeled,none
aPUDE1U/4539,,unlabeled,none
aPUDE1U/4540,,unlabeled,none
aPUDE1U/4541,,unlabeled,none
aPUDE1U/4542,,unlabeled,none
aPUDE1U/4543,,unlabeled,none
aPUDE1U/4544,,unlabeled,none
aPUDE1U/4545,,unlabeled,none
aPUDE1U/4546,,unlabeled,none
aPUDE1U/4547,,unlabeled,none
aPUDE1U/4548,,unlabeled,none
aPUDE1U/4549,,unlabeled,none
aPUDE1U/4550,,unlabeled,none
aPUDE1U/4551,,unlabeled,none
aPUDE1U/4552,,unlabeled,none
aPUDE1U/4554,,unlabeled,none
aPUDE1U/4555,,unlabeled,none
aPUDE1U/4559,,unlabeled,none
aPUDE1U/4561,,unlabeled,none
aPUDE1U/4562,,unlabeled,none
aPUDE1U/4563,,unlabeled,none
aPUDE1U/4564,,unlabeled,none
aPUDE1U/4565,,unlabeled,none
aPUDE1U/4566,,unlabeled,none
aPUDE1U/4568,,unlabeled,none
aPUDE1U/4570,,unlabeled,none
aPUDE1U/4571,,unlabeled,none
aPUDE1U/4572,,unlabeled,none
aPUDE1U/4573,,unlabeled,none
aPUDE1U/4574,,unlabeled,none
aPUDE1U/4578,,unlabeled,none
aPUDE1U/4579,,unlabeled,none
aPUDE1U/4580,,unlabeled,none
aPUDE1U/4581,,unlabeled,none
aPUDE1U/4582,,unlabeled,none
aPUDE1U/4585,,unlabeled,none
aPUDE1U/4586,,unlabeled,none
aPUDE1U/4587,,unlabeled,none
aPUDE1U/4589,,unlabeled,none
aPUDE1U/4591,,unlabeled,none
aPUDE1U/4592,,unlabeled,none
aPUDE1U/4593,,unlabeled,none
aPUDE1U/4595,,unlabeled,none
aPUDE1U/4596,,unlabeled,none
aPUDE1U/4597,,unlabeled,none
aPUDE1U/4599,,unlabeled,none
aPUDE1U/4601,,unlabeled,none
aPUDE1U/4602,,unlabeled,none
aPUDE1U/4603,,unlabeled,none
aPUDE1U/4604,,unlabeled,none
aPUDE1U/4606,,unlabeled,none
aPUDE1U/4607,,unlabeled,none
aPUDE1U/4611,,unlabeled,none
aPUDE1U/4612,,unlabeled,none
aPUDE1U/4613,,unlabeled,none
aPUDE1U/4615,,unlabeled,none
aPUDE1U/4617,,unlabeled,none
aPUDE1U/4620,,unlabeled,none
aPUDE1U/4623,,unlabeled,none
aPUDE1U/4625,,unlabeled,none
aPUDE1U/4626,,unlabeled,none
aPUDE1U/4628,,unlabeled,none
aPUDE1U/4630,,unlabeled,none
aPUDE1U/4634,,unlabeled,none
aPUDE1U/4636,,unlabeled,none
aPUDE1U/4637,,unlabeled,none
aPUDE1U/4638,,unlabeled,none
aPUDE1U/4639,,unlabeled,none
aPUDE1U/4644,,unlabeled,none
aPUDE1U/4645,,unlabeled,none
aPUDE1U/4648,,unlabeled,none
aPUDE1U/4649,,unlabeled,none
aPUDE1U/4652,,unlabeled,none
aPUDE1U/4653,,unlabeled,none
aPUDE1U/4657,,unlabeled,none
aPUDE1U/4658,,unlabeled,none
aPUDE1U/4660,,unlabeled,none
aPUDE1U/4661,,unlabeled,none
aPUDE1U/4662,,unlabeled,none
aPUDE1U/4665,,unlabeled,none
aPUDE1U/4669,,unlabeled,none
aPUDE1U/4671,,unlabeled,none
aPUDE1U/4672,,unlabeled,none
aPUDE1U/4675,,unlabeled,none
aPUDE1U/4677,,unlabeled,none
aPUDE1U/4678,,unlabeled,none
aPUDE1U/4679,,unlabeled,none
aPUDE1U/4680,,unlabeled,none
aPUDE1U/4681,,unlabeled,none
aPUDE1U/4682,,unlabeled,none
aPUDE1U/4683,,unlabeled,none
aPUDE1U/4684,,unlabeled,none
aPUDE1U/4685,,unlabeled,none
aPUDE1U/4687,,unlabeled,none
aPUDE1U/4688,,unlabeled,none
aPUDE1U/4689,,unlabeled,none
aPUDE1U/4690,,unlabeled,none
aPUDE1U/4691,,unlabeled,none
aPUDE1U/4694,,unlabeled,none
aPUDE1U/4696,,unlabeled,none
aPUDE1U/4698,,unlabeled,none
aPUDE1U/4700,,unlabeled,none
aPUDE1U/4702,,unlabeled,none
aPUDE1U/4704,,unlabeled,none
aPUDE1U/4706,,unlabeled,none
aPUDE1U/4715,,unlabeled,none
aPUDE1U/4716,,unlabeled,none
aPUDE1U/4719,,unlabeled,none
aPUDE1U/4722,,unlabeled,none
aPUDE1U/4724,,unlabeled,none
aPUDE1U/4727,,unlabeled,none
aPUDE1U/4729,,unlabeled,none
aPUDE1U/4730,,unlabeled,none
aPUDE1U/4731,,unlabeled,none
aPUDE1U/4732,,unlabeled,none
aPUDE1U/4734,,unlabeled,none
aPUDE1U/4735,,unlabeled,none
aPUDE1U/4736,,unlabeled,none
aPUDE1U/4737,,unlabeled,none
aPUDE1U/4738,,unlabeled,none
aPUDE1U/4739,,unlabeled,none
aPUDE1U/4740,,unlabeled,none
aPUDE1U/4741,,unlabeled,none
aPUDE1U/4742,,unlabeled,none
aPUDE1U/4743,,unlabeled,none
aPUDE1U/4746,,unlabeled,none
aPUDE1U/4747,,unlabeled,none
aPUDE1U/4748,,unlabeled,none
aPUDE1U/4749,,unlabeled,none
aPUDE1U/4751,,unlabeled,none
aPUDE1U/4752,,unlabeled,none
aPUDE1U/4753,,unlabeled,none
aPUDE1U/4754,,unlabeled,none
aPUDE1U/4755,,unlabeled,none
aPUDE1U/4756,,unlabeled,none
aPUDE1U/4758,,unlabeled,none
aPUDE1U/4759,,unlabeled,none
aPUDE1U/4760,,unlabeled,none
aPUDE1U/4762,,unlabeled,none
aPUDE1U/4763,,unlabeled,none
aPUDE1U/4764,,unlabeled,none
aPUDE1U/4765,,unlabeled,none
aPUDE1U/4766,,unlabeled,none
aPUDE1U/4767,,unlabeled,none
aPUDE1U/4768,,unlabeled,none
aPUDE1U/4769,,unlabeled,none
aPUDE1U/4770,,unlabeled,none
aPUDE1U/4771,,unlabeled,none
aPUDE1U/4772,,unlabeled,none
aPUDE1U/4773,,unlabeled,none
aPUDE1U/4774,,unlabeled,none
aPUDE1U/4775,,unlabeled,none
aPUDE1U/4776,,unlabeled,none
aPUDE1U/4777,,unlabeled,none
aPUDE1U/4778,,unlabeled,none
aPUDE1U/4779,,unlabeled,none
aPUDE1U/4780,,unlabeled,none
aPUDE1U/4781,,unlabeled,none
aPUDE1U/4782,,unlabeled,none
aPUDE1U/4783,,unlabeled,none
aPUDE1U/4784,,unlabeled,none
aPUDE1U/4786,,unlabeled,none
aPUDE1U/4791,,unlabeled,none
aPUDE1U/4794,,unlabeled,none
aPUDE1U/4795,,unlabeled,none
aPUDE1U/4796,,unlabeled,none
aPUDE1U/4798,,unlabeled,none
aPUDE1U/4799,,unlabeled,none
aPUDE1U/4801,,unlabeled,none
aPUDE1U/4802,,unlabeled,none
aPUDE1U/4803,,unlabeled,none
aPUDE1U/4804,,unlabeled,none
aPUDE1U/4805,,unlabeled,none
aPUDE1U/4806,,unlabeled,none
aPUDE1U/4807,,unlabeled,none
aPUDE1U/4808,,unlabeled,none
aPUDE1U/4809,,unlabeled,none
aPUDE1U/4810,,unlabeled,none
aPUDE1U/4811,,unlabeled,none
aPUDE1U/4812,,unlabeled,none
aPUDE1U/4813,,unlabeled,none
aPUDE1U/4814,,unlabeled,none
aPUDE1U/4815,,unlabeled,none
aPUDE1U/4816,,unlabeled,none
aPUDE1U/4820,,unlabeled,none
aPUDE1U/4821,,unlabeled,none
aPUDE1U/4823,,unlabeled,none
aPUDE1U/4824,,unlabeled,none
aPUDE1U/4825,,unlabeled,none
aPUDE1U/4827,,unlabeled,none
aPUDE1U/4828,,unlabeled,none
aPUDE1U/4832,,unlabeled,none
aPUDE1U/4833,,unlabeled,none
aPUDE1U/4834,,unlabeled,none
aPUDE1U/4835,,unlabeled,none
aPUDE1U/4836,,unlabeled,none
aPUDE1U/4837,,unlabeled,none
aPUDE1U/4839,,unlabeled,none
aPUDE1U/4841,,unlabeled,none
aPUDE1U/4842,,unlabeled,none
aPUDE1U/4843,,unlabeled,none
aPUDE1U/4844,,unlabeled,none
aPUDE1U/4847,,unlabeled,none
aPUDE1U/4851,,unlabeled,none
aPUDE1U/4854,,unlabeled,none
aPUDE1U/4857,,unlabeled,none
aPUDE1U/4858,,unlabeled,none
aPUDE1U/4859,,unlabeled,none
aPUDE1U/4862,,unlabeled,none
aPUDE1U/4863,,unlabeled,none
aPUDE1U/4864,,unlabeled,none
aPUDE1U/4865,,unlabeled,none
aPUDE1U/4868,,unlabeled,none
aPUDE1U/4869,,unlabeled,none
aPUDE1U/4873,,unlabeled,none
aPUDE1U/4875,,unlabeled,none
aPUDE1U/4877,,unlabeled,none
aPUDE1U/4878,,unlabeled,none
aPUDE1U/4879,,unlabeled,none
aPUDE1U/4880,,unlabeled,none
aPUDE1U/4884,,unlabeled,none
aPUDE1U/4886,,unlabeled,none
aPUDE1U/4887,,unlabeled,none
aPUDE1U/4888,,unlabeled,none
aPUDE1U/4889,,unlabeled,none
aPUDE1U/4892,,unlabeled,none
aPUDE1U/4893,,unlabeled,none
aPUDE1U/4894,,unlabeled,none
aPUDE1U/4895,,unlabeled,none
aPUDE1U/4896,,unlabeled,none
aPUDE1U/4898,,unlabeled,none
aPUDE1U/4899,,unlabeled,none
aPUDE1U/4900,,unlabeled,none
aPUDE1U/4901,,unlabeled,none
aPUDE1U/4904,,unlabeled,none
aPUDE1U/4906,,unlabeled,none
aPUDE1U/4908,,unlabeled,none
aPUDE1U/4909,,unlabeled,none
aPUDE1U/4911,,unlabeled,none
aPUDE1U/4912,,unlabeled,none
aPUDE1U/4913,,unlabeled,none
aPUDE1U/4914,,unlabeled,none
aPUDE1U/4915,,unlabeled,none
aPUDE1U/4916,,unlabeled,none
aPUDE1U/4917,,unlabeled,none
aPUDE1U/4918,,unlabeled,none
aPUDE1U/4923,,unlabeled,none
aPUDE1U/4926,,unlabeled,none
aPUDE1U/4928,,unlabeled,none
aPUDE1U/4930,,unlabeled,none
aPUDE1U/4931,,unlabeled,none
aPUDE1U/4933,,unlabeled,none
aPUDE1U/4934,,unlabeled,none
aPUDE1U/4936,,unlabeled,none
aPUDE1U/4937,,unlabeled,none
aPUDE1U/4938,,unlabeled,none
aPUDE1U/4941,,unlabeled,none
aPUDE1U/4942,,unlabeled,none
aPUDE1U/4943,,unlabeled,none
aPUDE1U/4945,,unlabeled,none
aPUDE1U/4946,,unlabeled,none
aPUDE1U/4947,,unlabeled,none
aPUDE1U/4948,,unlabeled,none
aPUDE1U/4950,,unlabeled,none
aPUDE1U/4952,,unlabeled,none
aPUDE1U/4953,,unlabeled,none
aPUDE1U/4956,,unlabeled,none
aPUDE1U/4963,,unlabeled,none
aPUDE1U/4965,,unlabeled,none
aPUDE1U/4968,,unlabeled,none
aPUDE1U/4969,,unlabeled,none
aPUDE1U/4971,,unlabeled,none
aPUDE1U/4972,,unlabeled,none
aPUDE1U/4973,,unlabeled,none
aPUDE1U/4974,,unlabeled,none
aPUDE1U/4975,,unlabeled,none
aPUDE1U/4977,,unlabeled,none
aPUDE1U/4978,,unlabeled,none
aPUDE1U/4982,,unlabeled,none
aPUDE1U/4984,,unlabeled,none
aPUDE1U/4988,,unlabeled,none
aPUDE1U/4989,,unlabeled,none
aPUDE1U/4992,,unlabeled,none
aPUDE1U/4993,,unlabeled,none
aPUDE1U/4995,,unlabeled,none
aPUDE1U/4997,,unlabeled,none
aPUDE1U/4999,,unlabeled,none
aPUDE1U/5000,,unlabeled,none
aPUDE1U/5002,,unlabeled,none
aPUDE1U/5004,,unlabeled,none
aPUDE1U/5005,,unlabeled,none
aPUDE1U/5006,,unlabeled,none
aPUDE1U/5007,,unlabeled,none
aPUDE1U/5008,,unlabeled,none
aPUDE1U/5010,,unlabeled,none
aPUDE1U/5011,,unlabeled,none
aPUDE1U/5013,,unlabeled,none
aPUDE1U/5014,,unlabeled,none
aPUDE1U/5017,,unlabeled,none
aPUDE1U/5018,,unlabeled,none
aPUDE1U/5019,,unlabeled,none
aPUDE1U/5020,,unlabeled,none
aPUDE1U/5021,,unlabeled,none
aPUDE1U/5022,,unlabeled,none
aPUDE1U/5023,,unlabeled,none
aPUDE1U/5024,,unlabeled,none
aPUDE1U/5025,,unlabeled,none
aPUDE1U/5026,,unlabeled,none
aPUDE1U/5027,,unlabeled,none
aPUDE1U/5028,,unlabeled,none
aPUDE1U/5030,,unlabeled,none
aPUDE1U/5031,,unlabeled,none
aPUDE1U/5032,,unlabeled,none
aPUDE1U/5035,,unlabeled,none
aPUDE1U/5036,,unlabeled,none
aPUDE1U/5037,,unlabeled,none
aPUDE1U/5038,,unlabeled,none
aPUDE1U/5040,,unlabeled,none
aPUDE1U/5042,,unlabeled,none
aPUDE1U/5046,,unlabeled,none
aPUDE1U/5051,,unlabeled,none
aPUDE1U/5054,,unlabeled,none
aPUDE1U/5056,,unlabeled,none
aPUDE1U/5063,,unlabeled,none
aPUDE1U/5067,,unlabeled,none
aPUDE1U/5068,,unlabeled,none
aPUDE1U/5070,,unlabeled,none
aPUDE1U/5072,,unlabeled,none
aPUDE1U/5074,,unlabeled,none
aPUDE1U/5077,,unlabeled,none
aPUDE1U/5078,,unlabeled,none
aPUDE1U/5081,,unlabeled,none
aPUDE1U/5084,,unlabeled,none
aPUDE1U/5085,,unlabeled,none
aPUDE1U/5089,,unlabeled,none
aPUDE1U/5090,,unlabeled,none
aPUDE1U/5092,,unlabeled,none
aPUDE1U/5094,,unlabeled,none
aPUDE1U/5095,,unlabeled,none
aPUDE1U/5096,,unlabeled,none
aPUDE1U/5100,,unlabeled,none
aPUDE1U/5103,,unlabeled,none
aPUDE1U/5104,,unlabeled,none
aPUDE1U/5107,,unlabeled,none
aPUDE1U/5108,,unlabeled,none
aPUDE1U/5109,,unlabeled,none
aPUDE1U/5110,,unlabeled,none
aPUDE1U/5111,,unlabeled,none
aPUDE1U/5112,,unlabeled,none
aPUDE1U/5114,,unlabeled,none
aPUDE1U/5115,,unlabeled,none
aPUDE1U/5116,,unlabeled,none
aPUDE1U/5120,,unlabeled,none
aPUDE1U/5122,,unlabeled,none
aPUDE1U/5123,,unlabeled,none
aPUDE1U/5126,,unlabeled,none
aPUDE1U/5127,,unlabeled,none
aPUDE1U/5131,,unlabeled,none
aPUDE1U/5132,,unlabeled,none
aPUDE1U/5133,,unlabeled,none
aPUDE1U/5134,,unlabeled,none
aPUDE1U/5135,,unlabeled,none
aPUDE1U/5145,,unlabeled,none
aPUDE1U/5146,,unlabeled,none
aPUDE1U/5147,,unlabeled,none
aPUDE1U/5150,,unlabeled,none
aPUDE1U/5152,,unlabeled,none
aPUDE1U/5153,,unlabeled,none
aPUDE1U/5154,,unlabeled,none
aPUDE1U/5155,,unlabeled,none
aPUDE1U/5156,,unlabeled,none
aPUDE1U/5157,,unlabeled,none
aPUDE1U/5158,,unlabeled,none
aPUDE1U/5159,,unlabeled,none
aPUDE1U/5160,,unlabeled,none
aPUDE1U/5161,,unlabeled,none
aPUDE1U/5162,,unlabeled,none
aPUDE1U/5163,,unlabeled,none
aPUDE1U/5164,,unlabeled,none
aPUDE1U/5166,,unlabeled,none
aPUDE1U/5167,,unlabeled,none
aPUDE1U/5168,,unlabeled,none
aPUDE1U/5169,,unlabeled,none
aPUDE1U/5172,,unlabeled,none
aPUDE1U/5173,,unlabeled,none
aPUDE1U/5176,,unlabeled,none
aPUDE1U/5181,,unlabeled,none
aPUDE1U/5183,,unlabeled,none
aPUDE1U/5184,,unlabeled,none
aPUDE1U/5185,,unlabeled,none
aPUDE1U/5186,,unlabeled,none
aPUDE1U/5187,,unlabeled,none
aPUDE1U/5188,,unlabeled,none
aPUDE1U/5190,,unlabeled,none
aPUDE1U/5191,,unlabeled,none
aPUDE1U/5192,,unlabeled,none
aPUDE1U/5198,,unlabeled,none
aPUDE1U/5201,,unlabeled,none
aPUDE1U/5204,,unlabeled,none
aPUDE1U/5205,,unlabeled,none
aPUDE1U/5206,,unlabeled,none
aPUDE1U/5207,,unlabeled,none
aPUDE1U/5209,,unlabeled,none
aPUDE1U/5210,,unlabeled,none
aPUDE1U/5211,,unlabeled,none
aPUDE1U/5218,,unlabeled,none
aPUDE1U/5230,,unlabeled,none
aPUDE1U/5231,,unlabeled,none
aPUDE1U/5232,,unlabeled,none
aPUDE1U/5233,,unlabeled,none
aPUDE1U/5235,,unlabeled,none
aPUDE1U/5237,,unlabeled,none
aPUDE1U/5239,,unlabeled,none
aPUDE1U/5241,,unlabeled,none
aPUDE1U/5242,,unlabeled,none
aPUDE1U/5243,,unlabeled,none
aPUDE1U/5247,,unlabeled,none
aPUDE1U/5249,,unlabeled,none
aPUDE1U/5250,,unlabeled,none
aPUDE1U/5251,,unlabeled,none
aPUDE1U/5253,,unlabeled,none
aPUDE1U/5254,,unlabeled,none
aPUDE1U/5257,,unlabeled,none
aPUDE1U/5259,,unlabeled,none
aPUDE1U/5264,,unlabeled,none
aPUDE1U/5265,,unlabeled,none
aPUDE1U/5266,,unlabeled,none
aPUDE1U/5267,,unlabeled,none
aPUDE1U/5269,,unlabeled,none
aPUDE1U/5272,,unlabeled,none
aPUDE1U/5276,,unlabeled,none
aPUDE1U/5279,,unlabeled,none
aPUDE1U/5282,,unlabeled,none
aPUDE1U/5283,,unlabeled,none
aPUDE1U/5284,,unlabeled,none
aPUDE1U/5287,,unlabeled,none
aPUDE1U/5290,,unlabeled,none
aPUDE1U/5292,,unlabeled,none
aPUDE1U/5294,,unlabeled,none
aPUDE1U/5295,,unlabeled,none
aPUDE1U/5297,,unlabeled,none
aPUDE1U/5298,,unlabeled,none
aPUDE1U/5299,,unlabeled,none
aPUDE1U/5300,,unlabeled,none
aPUDE1U/5301,,unlabeled,none
aPUDE1U/5304,,unlabeled,none
aPUDE1U/5306,,unlabeled,none
aPUDE1U/5307,,unlabeled,none
aPUDE1U/5308,,unlabeled,none
aPUDE1U/5309,,unlabeled,none
aPUDE1U/5310,,unlabeled,none
aPUDE1U/5312,,unlabeled,none
aPUDE1U/5314,,unlabeled,none
aPUDE1U/5316,,unlabeled,none
aPUDE1U/5317,,unlabeled,none
aPUDE1U/5318,,unlabeled,none
aPUDE1U/5323,,unlabeled,none
aPUDE1U/5324,,unlabeled,none
aPUDE1U/5325,,unlabeled,none
aPUDE1U/5326,,unlabeled,none
aPUDE1U/5327,,unlabeled,none
aPUDE1U/5335,,unlabeled,none
aPUDE1U/5336,,unlabeled,none
aPUDE1U/5337,,unlabeled,none
aPUDE1U/5340,,unlabeled,none
aPUDE1U/5341,,unlabeled,none
aPUDE1U/5344,,unlabeled,none
aPUDE1U/5345,,unlabeled,none
aPUDE1U/5346,,unlabeled,none
aPUDE1U/5348,,unlabeled,none
aPUDE1U/5351,,unlabeled,none
aPUDE1U/5353,,unlabeled,none
aPUDE1U/5354,,unlabeled,none
aPUDE1U/5355,,unlabeled,none
aPUDE1U/5360,,unlabeled,none
aPUDE1U/5363,,unlabeled,none
aPUDE1U/5365,,unlabeled,none
aPUDE1U/5367,,unlabeled,none
aPUDE1U/5368,,unlabeled,none
aPUDE1U/5372,,unlabeled,none
aPUDE1U/5374,,unlabeled,none
aPUDE1U/5375,,unlabeled,none
aPUDE1U/5379,,unlabeled,none
aPUDE1U/5382,,unlabeled,none
aPUDE1U/5383,,unlabeled,none
aPUDE1U/5385,,unlabeled,none
aPUDE1U/5388,,unlabeled,none
aPUDE1U/5389,,unlabeled,none
aPUDE1U/5390,,unlabeled,none
aPUDE1U/5391,,unlabeled,none
aPUDE1U/5396,,unlabeled,none
aPUDE1U/5397,,unlabeled,none
aPUDE1U/5398,,unlabeled,none
aPUDE1U/5402,,unlabeled,none
aPUDE1U/5403,,unlabeled,none
aPUDE1U/5404,,unlabeled,none
aPUDE1U/5406,,unlabeled,none
aPUDE1U/5407,,unlabeled,none
aPUDE1U/5409,,unlabeled,none
aPUDE1U/5410,,unlabeled,none
aPUDE1U/5411,,unlabeled,none
aPUDE1U/5412,,unlabeled,none
aPUDE1U/5414,,unlabeled,none
aPUDE1U/5415,,unlabeled,none
aPUDE1U/5416,,unlabeled,none
aPUDE1U/5419,,unlabeled,none
aPUDE1U/5421,,unlabeled,none
aPUDE1U/5422,,unlabeled,none
aPUDE1U/5424,,unlabeled,none
aPUDE1U/5425,,unlabeled,none
aPUDE1U/5427,,unlabeled,none
aPUDE1U/5430,,unlabeled,none
aPUDE1U/5434,,unlabeled,none
aPUDE1U/5436,,unlabeled,none
aPUDE1U/5438,,unlabeled,none
aPUDE1U/5440,,unlabeled,none
aPUDE1U/5441,,unlabeled,none
aPUDE1U/5442,,unlabeled,none
aPUDE1U/5443,,unlabeled,none
aPUDE1U/5447,,unlabeled,none
aPUDE1U/5451,,unlabeled,none
aPUDE1U/5452,,unlabeled,none
aPUDE1U/5453,,unlabeled,none
aPUDE1U/5456,,unlabeled,none
aPUDE1U/5457,,unlabeled,none
aPUDE1U/5460,,unlabeled,none
aPUDE1U/5461,,unlabeled,none
aPUDE1U/5466,,unlabeled,none
aPUDE1U/5467,,unlabeled,none
aPUDE1U/5470,,unlabeled,none
aPUDE1U/5471,,unlabeled,none
aPUDE1U/5473,,unlabeled,none
aPUDE1U/5474,,unlabeled,none
aPUDE1U/5478,,unlabeled,none
aPUDE1U/5490,,unlabeled,none
aPUDE1U/5491,,unlabeled,none
aPUDE1U/5493,,unlabeled,none
aPUDE1U/5494,,unlabeled,none
aPUDE1U/5501,,unlabeled,none
aPUDE1U/5502,,unlabeled,none
aPUDE1U/5503,,unlabeled,none
aPUDE1U/5508,,unlabeled,none
aPUDE1U/5511,,unlabeled,none
aPUDE1U/5512,,unlabeled,none
aPUDE1U/5515,,unlabeled,none
aPUDE1U/5517,,unlabeled,none
aPUDE1U/5518,,unlabeled,none
aPUDE1U/5519,,unlabeled,none
aPUDE1U/5520,,unlabeled,none
aPUDE1U/5523,,unlabeled,none
aPUDE1U/5524,,unlabeled,none
aPUDE1U/5525,,unlabeled,none
aPUDE1U/5529,,unlabeled,none
aPUDE1U/5530,,unlabeled,none
aPUDE1U/5531,,unlabeled,none
aPUDE1U/5532,,unlabeled,none
aPUDE1U/5533,,unlabeled,none
aPUDE1U/5534,,unlabeled,none
aPUDE1U/5536,,unlabeled,none
aPUDE1U/5537,,unlabeled,none
aPUDE1U/5539,,unlabeled,none
aPUDE1U/5540,,unlabeled,none
aPUDE1U/5542,,unlabeled,none
aPUDE1U/5543,,unlabeled,none
aPUDE1U/5544,,unlabeled,none
aPUDE1U/5545,,unlabeled,none
aPUDE1U/5546,,unlabeled,none
aPUDE1U/5547,,unlabeled,none
aPUDE1U/5548,,unlabeled,none
aPUDE1U/5550,,unlabeled,none
aPUDE1U/5552,,unlabeled,none
aPUDE1U/5553,,unlabeled,none
aPUDE1U/5554,,unlabeled,none
aPUDE1U/5555,,unlabeled,none
aPUDE1U/5556,,unlabeled,none
aPUDE1U/5557,,unlabeled,none
aPUDE1U/5558,,unlabeled,none
aPUDE1U/5559,,unlabeled,none
aPUDE1U/5560,,unlabeled,none
aPUDE1U/5561,,unlabeled,none
aPUDE1U/5562,,unlabeled,none
aPUDE1U/5563,,unlabeled,none
aPUDE1U/5564,,unlabeled,none
aPUDE1U/5565,,unlabeled,none
aPUDE1U/5566,,unlabeled,none
aPUDE1U/5567,,unlabeled,none
aPUDE1U/5569,,unlabeled,none
aPUDE1U/5570,,unlabeled,none
aPUDE1U/5571,,unlabeled,none
aPUDE1U/5572,,unlabeled,none
aPUDE1U/5573,,unlabeled,none
aPUDE1U/5574,,unlabeled,none
aPUDE1U/5575,,unlabeled,none
aPUDE1U/5576,,unlabeled,none
aPUDE1U/5577,,unlabeled,none
aPUDE1U/5578,,unlabeled,none
aPUDE1U/5580,,unlabeled,none
aPUDE1U/5582,,unlabeled,none
aPUDE1U/5583,,unlabeled,none
aPUDE1U/5584,,unlabeled,none
aPUDE1U/5585,,unlabeled,none
aPUDE1U/5587,,unlabeled,none
aPUDE1U/5588,,unlabeled,none
aPUDE1U/5589,,unlabeled,none
aPUDE1U/5590,,unlabeled,none
aPUDE1U/5592,,unlabeled,none
aPUDE1U/5593,,unlabeled,none
aPUDE1U/5594,,unlabeled,none
aPUDE1U/5595,,unlabeled,none
aPUDE1U/5596,,unlabeled,none
aPUDE1U/5597,,unlabeled,none
aPUDE1U/5598,,unlabeled,none
aPUDE1U/5599,,unlabeled,none
aPUDE1U/5600,,unlabeled,none
aPUDE1U/5601,,unlabeled,none
aPUDE1U/5602,,unlabeled,none
aPUDE1U/5603,,unlabeled,none
aPUDE1U/5604,,unlabeled,none
aPUDE1U/5605,,unlabeled,none
aPUDE1U/5606,,unlabeled,none
aPUDE1U/5607,,unlabeled,none
aPUDE1U/5608,,unlabeled,none
aPUDE1U/5609,,unlabeled,none
aPUDE1U/5611,,unlabeled,none
aPUDE1U/5612,,unlabeled,none
aPUDE1U/5613,,unlabeled,none
aPUDE1U/5614,,unlabeled,none
aPUDE1U/5616,,unlabeled,none
aPUDE1U/5617,,unlabeled,none
aPUDE1U/5618,,unlabeled,none
aPUDE1U/5619,,unlabeled,none
aPUDE1U/5620,,unlabeled,none
aPUDE1U/5622,,unlabeled,none
aPUDE1U/5623,,unlabeled,none
aPUDE1U/5624,,unlabeled,none
aPUDE1U/5625,,unlabeled,none
aPUDE1U/5626,,unlabeled,none
aPUDE1U/5627,,unlabeled,none
aPUDE1U/5628,,unlabeled,none
aPUDE1U/5629,,unlabeled,none
aPUDE1U/5631,,unlabeled,none
aPUDE1U/5632,,unlabeled,none
aPUDE1U/5633,,unlabeled,none
aPUDE1U/5634,,unlabeled,none
aPUDE1U/5635,,unlabeled,none
aPUDE1U/5636,,unlabeled,none
aPUDE1U/5637,,unlabeled,none
aPUDE1U/5638,,unlabeled,none
aPUDE1U/5639,,unlabeled,none
aPUDE1U/5640,,unlabeled,none
aPUDE1U/5641,,unlabeled,none
aPUDE1U/5642,,unlabeled,none
aPUDE1U/5643,,unlabeled,none
aPUDE1U/5644,,unlabeled,none
aPUDE1U/5645,,unlabeled,none
aPUDE1U/5646,,unlabeled,none
aPUDE1U/5647,,unlabeled,none
aPUDE1U/5648,,unlabeled,none
aPUDE1U/5649,,unlabeled,none
aPUDE1U/5651,,unlabeled,none
aPUDE1U/5653,,unlabeled,none
aPUDE1U/5654,,unlabeled,none
aPUDE1U/5655,,unlabeled,none
aPUDE1U/5656,,unlabeled,none
aPUDE1U/5658,,unlabeled,none
aPUDE1U/5659,,unlabeled,none
aPUDE1U/5661,,unlabeled,none
aPUDE1U/5662,,unlabeled,none
aPUDE1U/5663,,unlabeled,none
aPUDE1U/5664,,unlabeled,none
aPUDE1U/5665,,unlabeled,none
aPUDE1U/5666,,unlabeled,none
aPUDE1U/5667,,unlabeled,none
aPUDE1U/5668,,unlabeled,none
aPUDE1U/5669,,unlabeled,none
aPUDE1U/5672,,unlabeled,none
aPUDE1U/5673,,unlabeled,none
aPUDE1U/5674,,unlabeled,none
aPUDE1U/5675,,unlabeled,none
aPUDE1U/5676,,unlabeled,none
aPUDE1U/5677,,unlabeled,none
aPUDE1U/5678,,unlabeled,none
aPUDE1U/5679,,unlabeled,none
aPUDE1U/5682,,unlabeled,none
aPUDE1U/5683,,unlabeled,none
aPUDE1U/5685,,unlabeled,none
aPUDE1U/5686,,unlabeled,none
aPUDE1U/5687,,unlabeled,none
aPUDE1U/5689,,unlabeled,none
aPUDE1U/5690,,unlabeled,none
aPUDE1U/5691,,unlabeled,none
aPUDE1U/5692,,unlabeled,none
aPUDE1U/5693,,unlabeled,none
aPUDE1U/5694,,unlabeled,none
aPUDE1U/5696,,unlabeled,none
aPUDE1U/5697,,unlabeled,none
aPUDE1U/5698,,unlabeled,none
aPUDE1U/5699,,unlabeled,none
aPUDE1U/5700,,unlabeled,none
aPUDE1U/5701,,unlabeled,none
aPUDE1U/5702,,unlabeled,none
aPUDE1U/5703,,unlabeled,none
aPUDE1U/5704,,unlabeled,none
aPUDE1U/5705,,unlabeled,none
aPUDE1U/5706,,unlabeled,none
aPUDE1U/5707,,unlabeled,none
aPUDE1U/5708,,unlabeled,none
aPUDE1U/5709,,unlabeled,none
aPUDE1U/5710,,unlabeled,none
aPUDE1U/5711,,unlabeled,none
aPUDE1U/5712,,unlabeled,none
aPUDE1U/5713,,unlabeled,none
aPUDE1U/5716,,unlabeled,none
aPUDE1U/5717,,unlabeled,none
aPUDE1U/5718,,unlabeled,none
aPUDE1U/5720,,unlabeled,none
aPUDE1U/5721,,unlabeled,none
aPUDE1U/5722,,unlabeled,none
aPUDE1U/5723,,unlabeled,none
aPUDE1U/5724,,unlabeled,none
aPUDE1U/5725,,unlabeled,none
aPUDE1U/5726,,unlabeled,none
aPUDE1U/5727,,unlabeled,none
aPUDE1U/5728,,unlabeled,none
aPUDE1U/5729,,unlabeled,none
aPUDE1U/5730,,unlabeled,none
aPUDE1U/5731,,unlabeled,none
aPUDE1U/5732,,unlabeled,none
aPUDE1U/5733,,unlabeled,none
aPUDE1U/5734,,unlabeled,none
aPUDE1U/5737,,unlabeled,none
aPUDE1U/5738,,unlabeled,none
aPUDE1U/5739,,unlabeled,none
aPUDE1U/5740,,unlabeled,none
aPUDE1U/5741,,unlabeled,none
aPUDE1U/5742,,unlabeled,none
aPUDE1U/5743,,unlabeled,none
aPUDE1U/5744,,unlabeled,none
aPUDE1U/5745,,unlabeled,none
aPUDE1U/5746,,unlabeled,none
aPUDE1U/5747,,unlabeled,none
aPUDE1U/5748,,unlabeled,none
aPUDE1U/5749,,unlabeled,none
aPUDE1U/5751,,unlabeled,none
aPUDE1U/5752,,unlabeled,none
aPUDE1U/5753,,unlabeled,none
aPUDE1U/5754,,unlabeled,none
aPUDE1U/5755,,unlabeled,none
aPUDE1U/5756,,unlabeled,none
aPUDE1U/5757,,unlabeled,none
aPUDE1U/5758,,unlabeled,none
aPUDE1U/5759,,unlabeled,none
aPUDE1U/5760,,unlabeled,none
aPUDE1U/5761,,unlabeled,none
aPUDE1U/5763,,unlabeled,none
aPUDE1U/5764,,unlabeled,none
aPUDE1U/5765,,unlabeled,none
aPUDE1U/5766,,unlabeled,none
aPUDE1U/5767,,unlabeled,none
aPUDE1U/5768,,unlabeled,none
aPUDE1U/5769,,unlabeled,none
aPUDE1U/5770,,unlabeled,none
aPUDE1U/5771,,unlabeled,none
aPUDE1U/5773,,unlabeled,none
aPUDE1U/5774,,unlabeled,none
aPUDE1U/5775,,unlabeled,none
aPUDE1U/5776,,unlabeled,none
aPUDE1U/5777,,unlabeled,none
aPUDE1U/5778,,unlabeled,none
aPUDE1U/5779,,unlabeled,none
aPUDE1U/5780,,unlabeled,none
aPUDE1U/5781,,unlabeled,none
aPUDE1U/5782,,unlabeled,none
aPUDE1U/5783,,unlabeled,none
aPUDE1U/5784,,unlabeled,none
aPUDE1U/5785,,unlabeled,none
aPUDE1U/5786,,unlabeled,none
aPUDE1U/5787,,unlabeled,none
aPUDE1U/5788,,unlabeled,none
aPUDE1U/5789,,unlabeled,none
aPUDE1U/5790,,unlabeled,none
aPUDE1U/5791,,unlabeled,none
aPUDE1U/5792,,unlabeled,none
aPUDE1U/5793,,unlabeled,none
aPUDE1U/5794,,unlabeled,none
aPUDE1U/5795,,unlabeled,none
aPUDE1U/5796,,unlabeled,none
aPUDE1U/5797,,unlabeled,none
aPUDE1U/5798,,unlabeled,none
aPUDE1U/5799,,unlabeled,none
aPUDE1U/5800,,unlabeled,none
aPUDE1U/5801,,unlabeled,none
aPUDE1U/5802,,unlabeled,none
aPUDE1U/5803,,unlabeled,none
aPUDE1U/5804,,unlabeled,none
aPUDE1U/5805,,unlabeled,none
aPUDE1U/5806,,unlabeled,none
aPUDE1U/5807,,unlabeled,none
aPUDE1U/5809,,unlabeled,none
aPUDE1U/5810,,unlabeled,none
aPUDE1U/5811,,unlabeled,none
aPUDE1U/5812,,unlabeled,none
aPUDE1U/5813,,unlabeled,none
aPUDE1U/5814,,unlabeled,none
aPUDE1U/5815,,unlabeled,none
aPUDE1U/5816,,unlabeled,none
aPUDE1U/5817,,unlabeled,none
aPUDE1U/5818,,unlabeled,none
aPUDE1U/5819,,unlabeled,none
aPUDE1U/5820,,unlabeled,none
aPUDE1U/5821,,unlabeled,none
aPUDE1U/5822,,unlabeled,none
aPUDE1U/5824,,unlabeled,none
aPUDE1U/5825,,unlabeled,none
aPUDE1U/5826,,unlabeled,none
aPUDE1U/5827,,unlabeled,none
aPUDE1U/5828,,unlabeled,none
aPUDE1U/5829,,unlabeled,none
aPUDE1U/5830,,unlabeled,none
aPUDE1U/5831,,unlabeled,none
aPUDE1U/5832,,unlabeled,none
aPUDE1U/5833,,unlabeled,none
aPUDE1U/5834,,unlabeled,none
aPUDE1U/5835,,unlabeled,none
aPUDE1U/5836,,unlabeled,none
aPUDE1U/5837,,unlabeled,none
aPUDE1U/5838,,unlabeled,none
aPUDE1U/5839,,unlabeled,none
aPUDE1U/5841,,unlabeled,none
aPUDE1U/5842,,unlabeled,none
aPUDE1U/5843,,unlabeled,none
aPUDE1U/5844,,unlabeled,none
aPUDE1U/5845,,unlabeled,none
aPUDE1U/5846,,unlabeled,none
aPUDE1U/5847,,unlabeled,none
aPUDE1U/5848,,unlabeled,none
aPUDE1U/5849,,unlabeled,none
aPUDE1U/5850,,unlabeled,none
aPUDE1U/5851,,unlabeled,none
aPUDE1U/5852,,unlabeled,none
aPUDE1U/5854,,unlabeled,none
aPUDE1U/5855,,unlabeled,none
aPUDE1U/5856,,unlabeled,none
aPUDE1U/5858,,unlabeled,none
aPUDE1U/5859,,unlabeled,none
aPUDE1U/5860,,unlabeled,none
aPUDE1U/5861,,unlabeled,none
aPUDE1U/5862,,unlabeled,none
aPUDE1U/5863,,unlabeled,none
aPUDE1U/5864,,unlabeled,none
aPUDE1U/5865,,unlabeled,none
aPUDE1U/5866,,unlabeled,none
aPUDE1U/5867,,unlabeled,none
aPUDE1U/5868,,unlabeled,none
aPUDE1U/5869,,unlabeled,none
aPUDE1U/5870,,unlabeled,none
aPUDE1U/5871,,unlabeled,none
aPUDE1U/5872,,unlabeled,none
aPUDE1U/5873,,unlabeled,none
aPUDE1U/5874,,unlabeled,none
aPUDE1U/5875,,unlabeled,none
aPUDE1U/5876,,unlabeled,none
aPUDE1U/5877,,unlabeled,none
aPUDE1U/5878,,unlabeled,none
aPUDE1U/5879,,unlabeled,none
aPUDE1U/5881,,unlabeled,none
aPUDE1U/5882,,unlabeled,none
aPUDE1U/5884,,unlabeled,none
aPUDE1U/5885,,unlabeled,none
aPUDE1U/5886,,unlabeled,none
aPUDE1U/5887,,unlabeled,none
aPUDE1U/5888,,unlabeled,none
aPUDE1U/5891,,unlabeled,none
aPUDE1U/5892,,unlabeled,none
aPUDE1U/5894,,unlabeled,none
aPUDE1U/5895,,unlabeled,none
aPUDE1U/5896,,unlabeled,none
aPUDE1U/5897,,unlabeled,none
aPUDE1U/5899,,unlabeled,none
aPUDE1U/5901,,unlabeled,none
aPUDE1U/5903,,unlabeled,none
aPUDE1U/5904,,unlabeled,none
aPUDE1U/5906,,unlabeled,none
aPUDE1U/5909,,unlabeled,none
aPUDE1U/5910,,unlabeled,none
aPUDE1U/5912,,unlabeled,none
aPUDE1U/5913,,unlabeled,none
aPUDE1U/5914,,unlabeled,none
aPUDE1U/5915,,unlabeled,none
aPUDE1U/5916,,unlabeled,none
aPUDE1U/5917,,unlabeled,none
aPUDE1U/5918,,unlabeled,none
aPUDE1U/5919,,unlabeled,none
aPUDE1U/5921,,unlabeled,none
aPUDE1U/5923,,unlabeled,none
aPUDE1U/5924,,unlabeled,none
aPUDE1U/5926,,unlabeled,none
aPUDE1U/5927,,unlabeled,none
aPUDE1U/5928,,unlabeled,none
aPUDE1U/5929,,unlabeled,none
aPUDE1U/5931,,unlabeled,none
aPUDE1U/5933,,unlabeled,none
aPUDE1U/5934,,unlabeled,none
aPUDE1U/5935,,unlabeled,none
aPUDE1U/5936,,unlabeled,none
aPUDE1U/5937,,unlabeled,none
aPUDE1U/5938,,unlabeled,none
aPUDE1U/5939,,unlabeled,none
aPUDE1U/5941,,unlabeled,none
aPUDE1U/5942,,unlabeled,none
aPUDE1U/5943,,unlabeled,none
aPUDE1U/5944,,unlabeled,none
aPUDE1U/5945,,unlabeled,none
aPUDE1U/5946,,unlabeled,none
aPUDE1U/5947,,unlabeled,none
aPUDE1U/5948,,unlabeled,none
aPUDE1U/5949,,unlabeled,none
aPUDE1U/5950,,unlabeled,none
aPUDE1U/5951,,unlabeled,none
aPUDE1U/5952,,unlabeled,none
aPUDE1U/5953,,unlabeled,none
aPUDE1U/5970,,unlabeled,none
